ticket_id,customer_id,region,created_at,category,priority,status,description
TKT-1001,USR-55309,Southeast,2026-06-01 08:02:00,Login Issue,High,Open,Customer inquiry regarding login issue issue.
TKT-1002,USR-77033,Southeast,2026-06-01 23:50:00,Billing,Medium,Solved,Customer inquiry regarding billing issue.
TKT-1003,USR-15817,Southeast,2026-06-01 03:24:00,Refund Request,Low,Closed,Customer inquiry regarding refund request issue.
TKT-1004,USR-97900,Southeast,2026-06-01 22:27:00,Login Issue,High,Solved,Customer inquiry regarding login issue issue.
TKT-1005,USR-91678,Southeast,2026-06-01 06:23:00,Shipping,Low,Closed,Customer inquiry regarding shipping issue.
TKT-1006,USR-76469,Southeast,2026-06-01 10:42:00,Login Issue,High,Closed,Customer inquiry regarding login issue issue.
TKT-1007,USR-48752,Southeast,2026-06-01 09:42:00,Shipping,Medium,Open,Customer inquiry regarding shipping issue.
TKT-1008,USR-98777,Southeast,2026-06-01 17:08:00,Product Question,Medium,Open,Customer inquiry regarding product question issue.
TKT-1009,USR-49446,Southeast,2026-06-01 23:57:00,Product Question,High,Solved,Customer inquiry regarding product question issue.
TKT-1010,USR-37549,Southeast,2026-06-01 12:35:00,Login Issue,Medium,Closed,Customer inquiry regarding login issue issue.
TKT-1011,USR-70946,Southeast,2026-06-01 13:50:00,Refund Request,High,Closed,Customer inquiry regarding refund request issue.
TKT-1012,USR-72021,Southeast,2026-06-01 14:28:00,Bug Report,Low,Solved,Customer inquiry regarding bug report issue.
TKT-1013,USR-77561,Southeast,2026-06-01 23:10:00,Bug Report,Low,Closed,Customer inquiry regarding bug report issue.
TKT-1014,USR-40784,Southeast,2026-06-01 21:40:00,Refund Request,Medium,Closed,Customer inquiry regarding refund request issue.
TKT-1015,USR-13201,Southeast,2026-06-01 21:19:00,Product Question,Low,Closed,Customer inquiry regarding product question issue.
TKT-1016,USR-69692,Southeast,2026-06-01 01:15:00,Shipping,High,Closed,Customer inquiry regarding shipping issue.
TKT-1017,USR-60328,Southeast,2026-06-01 13:56:00,Bug Report,High,Closed,Customer inquiry regarding bug report issue.
TKT-1018,USR-23970,Southeast,2026-06-01 15:25:00,Product Question,Low,Closed,Customer inquiry regarding product question issue.
TKT-1019,USR-70889,Northeast,2026-06-01 13:14:00,Product Question,High,Solved,Customer inquiry regarding product question issue.
TKT-1020,USR-27477,Northeast,2026-06-01 01:35:00,Product Question,Low,Open,Customer inquiry regarding product question issue.
TKT-1021,USR-51588,Northeast,2026-06-01 14:42:00,Refund Request,High,Solved,Customer inquiry regarding refund request issue.
TKT-1022,USR-81810,Northeast,2026-06-01 14:39:00,Bug Report,High,Open,Customer inquiry regarding bug report issue.
TKT-1023,USR-68991,Northeast,2026-06-01 14:57:00,Product Question,High,Open,Customer inquiry regarding product question issue.
TKT-1024,USR-78327,Northeast,2026-06-01 08:48:00,Product Question,High,Closed,Customer inquiry regarding product question issue.
TKT-1025,USR-20155,Northeast,2026-06-01 15:40:00,Product Question,Medium,Open,Customer inquiry regarding product question issue.
TKT-1026,USR-51904,Northeast,2026-06-01 22:18:00,Product Question,Medium,Closed,Customer inquiry regarding product question issue.
TKT-1027,USR-60205,Northeast,2026-06-01 17:05:00,Product Question,Low,Closed,Customer inquiry regarding product question issue.
TKT-1028,USR-64377,Northeast,2026-06-01 22:09:00,Bug Report,Low,Closed,Customer inquiry regarding bug report issue.
TKT-1029,USR-18161,Northeast,2026-06-01 13:21:00,Refund Request,Medium,Open,Customer inquiry regarding refund request issue.
TKT-1030,USR-12560,Northeast,2026-06-01 06:53:00,Shipping,Medium,Solved,Customer inquiry regarding shipping issue.
TKT-1031,USR-49139,Northeast,2026-06-01 18:24:00,Shipping,Low,Closed,Customer inquiry regarding shipping issue.
TKT-1032,USR-89069,Northeast,2026-06-01 12:54:00,Shipping,High,Solved,Customer inquiry regarding shipping issue.
TKT-1033,USR-73654,Northeast,2026-06-01 07:31:00,Product Question,Medium,Open,Customer inquiry regarding product question issue.
TKT-1034,USR-31632,Northeast,2026-06-01 00:24:00,Billing,High,Open,Customer inquiry regarding billing issue.
TKT-1035,USR-13534,Northeast,2026-06-01 14:58:00,Product Question,High,Solved,Customer inquiry regarding product question issue.
TKT-1036,USR-21003,Northeast,2026-06-01 12:37:00,Refund Request,High,Closed,Customer inquiry regarding refund request issue.
TKT-1037,USR-52906,Midwest,2026-06-01 14:11:00,Login Issue,Medium,Open,Customer inquiry regarding login issue issue.
TKT-1038,USR-46471,Midwest,2026-06-01 06:29:00,Billing,Medium,Open,Customer inquiry regarding billing issue.
TKT-1039,USR-80702,Midwest,2026-06-01 13:16:00,Login Issue,Medium,Closed,Customer inquiry regarding login issue issue.
TKT-1040,USR-95426,Midwest,2026-06-01 01:22:00,Product Question,High,Closed,Customer inquiry regarding product question issue.
TKT-1041,USR-12671,Midwest,2026-06-01 01:48:00,Login Issue,Low,Closed,Customer inquiry regarding login issue issue.
TKT-1042,USR-97747,Midwest,2026-06-01 19:09:00,Product Question,Low,Open,Customer inquiry regarding product question issue.
TKT-1043,USR-58351,West,2026-06-01 03:36:00,Product Question,Medium,Closed,Customer inquiry regarding product question issue.
TKT-1044,USR-31465,West,2026-06-01 05:38:00,Refund Request,High,Closed,Customer inquiry regarding refund request issue.
TKT-1045,USR-85470,West,2026-06-01 09:06:00,Refund Request,Low,Closed,Customer inquiry regarding refund request issue.
TKT-1046,USR-19961,West,2026-06-01 21:58:00,Shipping,Medium,Closed,Customer inquiry regarding shipping issue.
TKT-1047,USR-49529,West,2026-06-01 18:44:00,Bug Report,Low,Closed,Customer inquiry regarding bug report issue.
TKT-1048,USR-55508,West,2026-06-01 21:38:00,Login Issue,High,Closed,Customer inquiry regarding login issue issue.
TKT-1049,USR-76317,West,2026-06-01 17:27:00,Bug Report,Medium,Closed,Customer inquiry regarding bug report issue.
TKT-1050,USR-23833,West,2026-06-01 20:21:00,Login Issue,Medium,Open,Customer inquiry regarding login issue issue.
TKT-1051,USR-78386,Southeast,2026-06-02 14:45:00,Product Question,Medium,Closed,Customer inquiry regarding product question issue.
TKT-1052,USR-70931,Southeast,2026-06-02 20:17:00,Refund Request,High,Open,Customer inquiry regarding refund request issue.
TKT-1053,USR-52245,Southeast,2026-06-02 13:52:00,Bug Report,High,Closed,Customer inquiry regarding bug report issue.
TKT-1054,USR-41963,Southeast,2026-06-02 07:53:00,Login Issue,Medium,Open,Customer inquiry regarding login issue issue.
TKT-1055,USR-54092,Southeast,2026-06-02 14:36:00,Refund Request,High,Open,Customer inquiry regarding refund request issue.
TKT-1056,USR-37802,Southeast,2026-06-02 00:31:00,Billing,Low,Open,Customer inquiry regarding billing issue.
TKT-1057,USR-88139,Southeast,2026-06-02 11:51:00,Billing,Medium,Closed,Customer inquiry regarding billing issue.
TKT-1058,USR-77715,Southeast,2026-06-02 22:56:00,Billing,High,Closed,Customer inquiry regarding billing issue.
TKT-1059,USR-74038,Southeast,2026-06-02 06:05:00,Product Question,High,Open,Customer inquiry regarding product question issue.
TKT-1060,USR-94659,Southeast,2026-06-02 17:48:00,Product Question,High,Open,Customer inquiry regarding product question issue.
TKT-1061,USR-48566,Southeast,2026-06-02 22:31:00,Shipping,Low,Closed,Customer inquiry regarding shipping issue.
TKT-1062,USR-97026,Southeast,2026-06-02 07:25:00,Bug Report,Low,Closed,Customer inquiry regarding bug report issue.
TKT-1063,USR-55056,Northeast,2026-06-02 18:23:00,Shipping,High,Solved,Customer inquiry regarding shipping issue.
TKT-1064,USR-69473,Northeast,2026-06-02 13:47:00,Refund Request,Medium,Closed,Customer inquiry regarding refund request issue.
TKT-1065,USR-35242,Northeast,2026-06-02 08:19:00,Billing,Low,Closed,Customer inquiry regarding billing issue.
TKT-1066,USR-35105,Northeast,2026-06-02 10:07:00,Bug Report,High,Closed,Customer inquiry regarding bug report issue.
TKT-1067,USR-78765,Northeast,2026-06-02 06:47:00,Shipping,Medium,Solved,Customer inquiry regarding shipping issue.
TKT-1068,USR-39816,Northeast,2026-06-02 19:18:00,Login Issue,Low,Closed,Customer inquiry regarding login issue issue.
TKT-1069,USR-26591,Northeast,2026-06-02 11:11:00,Billing,Low,Solved,Customer inquiry regarding billing issue.
TKT-1070,USR-26551,Northeast,2026-06-02 08:02:00,Login Issue,High,Closed,Customer inquiry regarding login issue issue.
TKT-1071,USR-85243,Northeast,2026-06-02 20:55:00,Shipping,Low,Closed,Customer inquiry regarding shipping issue.
TKT-1072,USR-34164,Northeast,2026-06-02 09:30:00,Shipping,Medium,Closed,Customer inquiry regarding shipping issue.
TKT-1073,USR-62521,Northeast,2026-06-02 01:16:00,Shipping,Low,Closed,Customer inquiry regarding shipping issue.
TKT-1074,USR-29887,Northeast,2026-06-02 15:04:00,Refund Request,High,Closed,Customer inquiry regarding refund request issue.
TKT-1075,USR-42530,Northeast,2026-06-02 04:51:00,Refund Request,Medium,Closed,Customer inquiry regarding refund request issue.
TKT-1076,USR-59856,Midwest,2026-06-02 19:38:00,Refund Request,Low,Solved,Customer inquiry regarding refund request issue.
TKT-1077,USR-66207,Midwest,2026-06-02 14:58:00,Shipping,Medium,Solved,Customer inquiry regarding shipping issue.
TKT-1078,USR-23006,Midwest,2026-06-02 09:36:00,Refund Request,Low,Solved,Customer inquiry regarding refund request issue.
TKT-1079,USR-30585,Midwest,2026-06-02 06:40:00,Product Question,Medium,Closed,Customer inquiry regarding product question issue.
TKT-1080,USR-10350,Midwest,2026-06-02 07:11:00,Refund Request,Low,Closed,Customer inquiry regarding refund request issue.
TKT-1081,USR-48175,Midwest,2026-06-02 13:28:00,Bug Report,High,Open,Customer inquiry regarding bug report issue.
TKT-1082,USR-69510,Midwest,2026-06-02 01:14:00,Billing,High,Closed,Customer inquiry regarding billing issue.
TKT-1083,USR-96662,Midwest,2026-06-02 02:43:00,Product Question,Medium,Solved,Customer inquiry regarding product question issue.
TKT-1084,USR-94886,Midwest,2026-06-02 06:27:00,Login Issue,High,Closed,Customer inquiry regarding login issue issue.
TKT-1085,USR-17816,Midwest,2026-06-02 04:58:00,Billing,Low,Closed,Customer inquiry regarding billing issue.
TKT-1086,USR-47828,Midwest,2026-06-02 05:50:00,Billing,High,Solved,Customer inquiry regarding billing issue.
TKT-1087,USR-62757,West,2026-06-02 14:07:00,Shipping,High,Closed,Customer inquiry regarding shipping issue.
TKT-1088,USR-20543,West,2026-06-02 08:32:00,Refund Request,Medium,Open,Customer inquiry regarding refund request issue.
TKT-1089,USR-89129,West,2026-06-02 19:02:00,Shipping,High,Closed,Customer inquiry regarding shipping issue.
TKT-1090,USR-86955,West,2026-06-02 08:01:00,Login Issue,Low,Solved,Customer inquiry regarding login issue issue.
TKT-1091,USR-15273,West,2026-06-02 00:48:00,Bug Report,Medium,Solved,Customer inquiry regarding bug report issue.
TKT-1092,USR-46458,West,2026-06-02 05:30:00,Refund Request,High,Open,Customer inquiry regarding refund request issue.
TKT-1093,USR-21959,West,2026-06-02 05:37:00,Shipping,High,Open,Customer inquiry regarding shipping issue.
TKT-1094,USR-97835,West,2026-06-02 15:22:00,Shipping,Medium,Closed,Customer inquiry regarding shipping issue.
TKT-1095,USR-74942,West,2026-06-02 03:54:00,Product Question,Medium,Open,Customer inquiry regarding product question issue.
TKT-1096,USR-69614,West,2026-06-02 09:42:00,Shipping,High,Closed,Customer inquiry regarding shipping issue.
TKT-1097,USR-62976,West,2026-06-02 02:20:00,Billing,Medium,Closed,Customer inquiry regarding billing issue.
TKT-1098,USR-70552,West,2026-06-02 16:52:00,Login Issue,High,Solved,Customer inquiry regarding login issue issue.
TKT-1099,USR-91609,West,2026-06-02 13:03:00,Product Question,High,Closed,Customer inquiry regarding product question issue.
TKT-1100,USR-47752,Southeast,2026-06-03 01:13:00,Billing,High,Closed,Customer inquiry regarding billing issue.
TKT-1101,USR-13783,Southeast,2026-06-03 14:56:00,Bug Report,Medium,Closed,Customer inquiry regarding bug report issue.
TKT-1102,USR-50730,Southeast,2026-06-03 20:38:00,Product Question,High,Closed,Customer inquiry regarding product question issue.
TKT-1103,USR-39451,Southeast,2026-06-03 17:00:00,Refund Request,Medium,Closed,Customer inquiry regarding refund request issue.
TKT-1104,USR-75323,Southeast,2026-06-03 03:29:00,Login Issue,High,Closed,Customer inquiry regarding login issue issue.
TKT-1105,USR-64459,Southeast,2026-06-03 22:18:00,Refund Request,High,Closed,Customer inquiry regarding refund request issue.
TKT-1106,USR-28958,Southeast,2026-06-03 15:30:00,Product Question,Medium,Solved,Customer inquiry regarding product question issue.
TKT-1107,USR-19150,Southeast,2026-06-03 12:12:00,Refund Request,High,Closed,Customer inquiry regarding refund request issue.
TKT-1108,USR-45018,Southeast,2026-06-03 08:49:00,Shipping,Medium,Solved,Customer inquiry regarding shipping issue.
TKT-1109,USR-86011,Southeast,2026-06-03 00:18:00,Bug Report,Medium,Solved,Customer inquiry regarding bug report issue.
TKT-1110,USR-73483,Southeast,2026-06-03 21:31:00,Product Question,Medium,Solved,Customer inquiry regarding product question issue.
TKT-1111,USR-69682,Southeast,2026-06-03 11:21:00,Refund Request,High,Open,Customer inquiry regarding refund request issue.
TKT-1112,USR-84946,Southeast,2026-06-03 10:55:00,Product Question,High,Closed,Customer inquiry regarding product question issue.
TKT-1113,USR-71993,Southeast,2026-06-03 12:14:00,Shipping,Low,Closed,Customer inquiry regarding shipping issue.
TKT-1114,USR-74923,Southeast,2026-06-03 22:58:00,Shipping,Medium,Closed,Customer inquiry regarding shipping issue.
TKT-1115,USR-23154,Northeast,2026-06-03 01:08:00,Refund Request,High,Closed,Customer inquiry regarding refund request issue.
TKT-1116,USR-28894,Northeast,2026-06-03 14:06:00,Refund Request,Medium,Closed,Customer inquiry regarding refund request issue.
TKT-1117,USR-71537,Northeast,2026-06-03 13:55:00,Bug Report,Low,Closed,Customer inquiry regarding bug report issue.
TKT-1118,USR-95175,Northeast,2026-06-03 08:21:00,Refund Request,High,Open,Customer inquiry regarding refund request issue.
TKT-1119,USR-59808,Northeast,2026-06-03 02:54:00,Billing,High,Solved,Customer inquiry regarding billing issue.
TKT-1120,USR-14705,Northeast,2026-06-03 10:40:00,Bug Report,Medium,Solved,Customer inquiry regarding bug report issue.
TKT-1121,USR-39817,Northeast,2026-06-03 19:04:00,Product Question,High,Closed,Customer inquiry regarding product question issue.
TKT-1122,USR-68153,Midwest,2026-06-03 03:48:00,Bug Report,High,Closed,Customer inquiry regarding bug report issue.
TKT-1123,USR-52516,Midwest,2026-06-03 05:44:00,Billing,Low,Closed,Customer inquiry regarding billing issue.
TKT-1124,USR-29080,Midwest,2026-06-03 01:18:00,Billing,Medium,Open,Customer inquiry regarding billing issue.
TKT-1125,USR-32280,Midwest,2026-06-03 07:33:00,Shipping,High,Closed,Customer inquiry regarding shipping issue.
TKT-1126,USR-99539,Midwest,2026-06-03 05:05:00,Refund Request,Medium,Solved,Customer inquiry regarding refund request issue.
TKT-1127,USR-70443,Midwest,2026-06-03 07:31:00,Refund Request,Low,Closed,Customer inquiry regarding refund request issue.
TKT-1128,USR-70981,Midwest,2026-06-03 20:16:00,Shipping,Medium,Closed,Customer inquiry regarding shipping issue.
TKT-1129,USR-67898,West,2026-06-03 09:43:00,Refund Request,Low,Closed,Customer inquiry regarding refund request issue.
TKT-1130,USR-42780,West,2026-06-03 11:37:00,Billing,High,Open,Customer inquiry regarding billing issue.
TKT-1131,USR-73335,West,2026-06-03 14:54:00,Billing,Low,Open,Customer inquiry regarding billing issue.
TKT-1132,USR-85341,West,2026-06-03 03:15:00,Shipping,High,Closed,Customer inquiry regarding shipping issue.
TKT-1133,USR-45976,West,2026-06-03 09:44:00,Billing,Low,Open,Customer inquiry regarding billing issue.
TKT-1134,USR-89482,West,2026-06-03 00:36:00,Bug Report,High,Closed,Customer inquiry regarding bug report issue.
TKT-1135,USR-38705,Southeast,2026-06-04 09:49:00,Product Question,High,Closed,Customer inquiry regarding product question issue.
TKT-1136,USR-92345,Southeast,2026-06-04 20:12:00,Refund Request,Medium,Closed,Customer inquiry regarding refund request issue.
TKT-1137,USR-50492,Southeast,2026-06-04 03:57:00,Bug Report,High,Closed,Customer inquiry regarding bug report issue.
TKT-1138,USR-21813,Southeast,2026-06-04 14:02:00,Refund Request,Medium,Closed,Customer inquiry regarding refund request issue.
TKT-1139,USR-36318,Southeast,2026-06-04 09:20:00,Bug Report,Medium,Closed,Customer inquiry regarding bug report issue.
TKT-1140,USR-75771,Southeast,2026-06-04 04:50:00,Refund Request,Medium,Solved,Customer inquiry regarding refund request issue.
TKT-1141,USR-48684,Southeast,2026-06-04 08:53:00,Product Question,Medium,Open,Customer inquiry regarding product question issue.
TKT-1142,USR-19869,Southeast,2026-06-04 23:55:00,Billing,Low,Open,Customer inquiry regarding billing issue.
TKT-1143,USR-83048,Southeast,2026-06-04 04:48:00,Product Question,High,Open,Customer inquiry regarding product question issue.
TKT-1144,USR-80329,Southeast,2026-06-04 11:05:00,Shipping,Low,Closed,Customer inquiry regarding shipping issue.
TKT-1145,USR-86619,Southeast,2026-06-04 03:29:00,Billing,High,Closed,Customer inquiry regarding billing issue.
TKT-1146,USR-98452,Southeast,2026-06-04 12:52:00,Bug Report,Medium,Closed,Customer inquiry regarding bug report issue.
TKT-1147,USR-52992,Southeast,2026-06-04 07:30:00,Login Issue,High,Solved,Customer inquiry regarding login issue issue.
TKT-1148,USR-49608,Southeast,2026-06-04 19:14:00,Bug Report,Low,Open,Customer inquiry regarding bug report issue.
TKT-1149,USR-14877,Northeast,2026-06-04 20:26:00,Login Issue,Low,Closed,Customer inquiry regarding login issue issue.
TKT-1150,USR-80457,Northeast,2026-06-04 09:31:00,Login Issue,Low,Closed,Customer inquiry regarding login issue issue.
TKT-1151,USR-64935,Northeast,2026-06-04 04:24:00,Shipping,Medium,Solved,Customer inquiry regarding shipping issue.
TKT-1152,USR-95841,Northeast,2026-06-04 18:47:00,Bug Report,Low,Open,Customer inquiry regarding bug report issue.
TKT-1153,USR-46666,Northeast,2026-06-04 03:53:00,Shipping,High,Open,Customer inquiry regarding shipping issue.
TKT-1154,USR-68287,Northeast,2026-06-04 01:44:00,Billing,Low,Open,Customer inquiry regarding billing issue.
TKT-1155,USR-17936,Midwest,2026-06-04 03:43:00,Billing,High,Closed,Customer inquiry regarding billing issue.
TKT-1156,USR-22015,Midwest,2026-06-04 12:17:00,Product Question,Low,Open,Customer inquiry regarding product question issue.
TKT-1157,USR-12799,Midwest,2026-06-04 21:13:00,Bug Report,High,Solved,Customer inquiry regarding bug report issue.
TKT-1158,USR-84000,Midwest,2026-06-04 01:50:00,Billing,Low,Closed,Customer inquiry regarding billing issue.
TKT-1159,USR-38305,Midwest,2026-06-04 06:04:00,Refund Request,Low,Solved,Customer inquiry regarding refund request issue.
TKT-1160,USR-46342,Midwest,2026-06-04 07:21:00,Product Question,High,Closed,Customer inquiry regarding product question issue.
TKT-1161,USR-24408,Midwest,2026-06-04 04:08:00,Refund Request,Medium,Closed,Customer inquiry regarding refund request issue.
TKT-1162,USR-56955,Midwest,2026-06-04 21:55:00,Login Issue,Low,Closed,Customer inquiry regarding login issue issue.
TKT-1163,USR-44782,Midwest,2026-06-04 07:37:00,Billing,Low,Closed,Customer inquiry regarding billing issue.
TKT-1164,USR-24896,Midwest,2026-06-04 01:08:00,Bug Report,Medium,Solved,Customer inquiry regarding bug report issue.
TKT-1165,USR-77271,Midwest,2026-06-04 23:04:00,Shipping,Medium,Closed,Customer inquiry regarding shipping issue.
TKT-1166,USR-90623,Midwest,2026-06-04 18:06:00,Shipping,High,Closed,Customer inquiry regarding shipping issue.
TKT-1167,USR-70036,Midwest,2026-06-04 01:46:00,Bug Report,High,Closed,Customer inquiry regarding bug report issue.
TKT-1168,USR-65872,West,2026-06-04 20:01:00,Login Issue,Medium,Open,Customer inquiry regarding login issue issue.
TKT-1169,USR-19632,West,2026-06-04 21:06:00,Shipping,High,Open,Customer inquiry regarding shipping issue.
TKT-1170,USR-26540,West,2026-06-04 02:20:00,Refund Request,Low,Closed,Customer inquiry regarding refund request issue.
TKT-1171,USR-52622,West,2026-06-04 08:39:00,Bug Report,High,Solved,Customer inquiry regarding bug report issue.
TKT-1172,USR-76263,West,2026-06-04 12:38:00,Refund Request,Medium,Open,Customer inquiry regarding refund request issue.
TKT-1173,USR-95814,West,2026-06-04 19:27:00,Login Issue,High,Closed,Customer inquiry regarding login issue issue.
TKT-1174,USR-66370,West,2026-06-04 20:56:00,Refund Request,High,Closed,Customer inquiry regarding refund request issue.
TKT-1175,USR-69441,West,2026-06-04 14:56:00,Product Question,Medium,Closed,Customer inquiry regarding product question issue.
TKT-1176,USR-59060,Southeast,2026-06-05 10:27:00,Billing,High,Closed,Customer inquiry regarding billing issue.
TKT-1177,USR-21188,Southeast,2026-06-05 04:43:00,Shipping,Low,Closed,Customer inquiry regarding shipping issue.
TKT-1178,USR-27054,Southeast,2026-06-05 02:27:00,Login Issue,High,Closed,Customer inquiry regarding login issue issue.
TKT-1179,USR-53207,Southeast,2026-06-05 17:03:00,Refund Request,High,Solved,Customer inquiry regarding refund request issue.
TKT-1180,USR-16743,Southeast,2026-06-05 21:07:00,Shipping,Medium,Open,Customer inquiry regarding shipping issue.
TKT-1181,USR-85748,Southeast,2026-06-05 09:38:00,Billing,Medium,Closed,Customer inquiry regarding billing issue.
TKT-1182,USR-39392,Southeast,2026-06-05 16:13:00,Product Question,High,Open,Customer inquiry regarding product question issue.
TKT-1183,USR-46512,Southeast,2026-06-05 03:22:00,Refund Request,Medium,Closed,Customer inquiry regarding refund request issue.
TKT-1184,USR-90422,Southeast,2026-06-05 18:14:00,Shipping,High,Solved,Customer inquiry regarding shipping issue.
TKT-1185,USR-96223,Southeast,2026-06-05 21:41:00,Refund Request,Low,Solved,Customer inquiry regarding refund request issue.
TKT-1186,USR-50499,Southeast,2026-06-05 22:17:00,Login Issue,Low,Closed,Customer inquiry regarding login issue issue.
TKT-1187,USR-84228,Northeast,2026-06-05 10:22:00,Login Issue,Low,Closed,Customer inquiry regarding login issue issue.
TKT-1188,USR-22026,Northeast,2026-06-05 21:25:00,Login Issue,Low,Closed,Customer inquiry regarding login issue issue.
TKT-1189,USR-69460,Northeast,2026-06-05 23:33:00,Product Question,Medium,Open,Customer inquiry regarding product question issue.
TKT-1190,USR-84395,Northeast,2026-06-05 10:10:00,Billing,Medium,Closed,Customer inquiry regarding billing issue.
TKT-1191,USR-90981,Northeast,2026-06-05 19:05:00,Login Issue,Low,Closed,Customer inquiry regarding login issue issue.
TKT-1192,USR-96761,Northeast,2026-06-05 01:43:00,Login Issue,Medium,Open,Customer inquiry regarding login issue issue.
TKT-1193,USR-45804,Northeast,2026-06-05 13:31:00,Refund Request,Medium,Open,Customer inquiry regarding refund request issue.
TKT-1194,USR-66349,Northeast,2026-06-05 06:48:00,Refund Request,Low,Closed,Customer inquiry regarding refund request issue.
TKT-1195,USR-73783,Northeast,2026-06-05 03:18:00,Bug Report,High,Solved,Customer inquiry regarding bug report issue.
TKT-1196,USR-61807,Northeast,2026-06-05 16:42:00,Billing,Low,Closed,Customer inquiry regarding billing issue.
TKT-1197,USR-37686,Northeast,2026-06-05 19:03:00,Login Issue,Low,Closed,Customer inquiry regarding login issue issue.
TKT-1198,USR-25726,Northeast,2026-06-05 04:48:00,Billing,Medium,Closed,Customer inquiry regarding billing issue.
TKT-1199,USR-26932,Northeast,2026-06-05 00:31:00,Bug Report,Medium,Closed,Customer inquiry regarding bug report issue.
TKT-1200,USR-83233,Northeast,2026-06-05 12:34:00,Bug Report,Low,Solved,Customer inquiry regarding bug report issue.
TKT-1201,USR-12456,Midwest,2026-06-05 02:25:00,Bug Report,Low,Open,Customer inquiry regarding bug report issue.
TKT-1202,USR-66267,Midwest,2026-06-05 14:58:00,Login Issue,Medium,Solved,Customer inquiry regarding login issue issue.
TKT-1203,USR-47947,Midwest,2026-06-05 18:25:00,Bug Report,High,Open,Customer inquiry regarding bug report issue.
TKT-1204,USR-91018,Midwest,2026-06-05 03:25:00,Login Issue,Medium,Closed,Customer inquiry regarding login issue issue.
TKT-1205,USR-67240,Midwest,2026-06-05 14:53:00,Bug Report,Medium,Closed,Customer inquiry regarding bug report issue.
TKT-1206,USR-78676,Midwest,2026-06-05 03:15:00,Shipping,High,Open,Customer inquiry regarding shipping issue.
TKT-1207,USR-39041,Midwest,2026-06-05 02:25:00,Billing,High,Closed,Customer inquiry regarding billing issue.
TKT-1208,USR-92998,Midwest,2026-06-05 10:49:00,Product Question,Low,Solved,Customer inquiry regarding product question issue.
TKT-1209,USR-56019,Midwest,2026-06-05 03:33:00,Refund Request,Low,Closed,Customer inquiry regarding refund request issue.
TKT-1210,USR-23474,Midwest,2026-06-05 23:52:00,Bug Report,Low,Closed,Customer inquiry regarding bug report issue.
TKT-1211,USR-30036,West,2026-06-05 04:16:00,Product Question,Low,Solved,Customer inquiry regarding product question issue.
TKT-1212,USR-70811,West,2026-06-05 20:04:00,Product Question,High,Open,Customer inquiry regarding product question issue.
TKT-1213,USR-94278,West,2026-06-05 18:48:00,Refund Request,Medium,Solved,Customer inquiry regarding refund request issue.
TKT-1214,USR-29786,West,2026-06-05 20:39:00,Billing,High,Closed,Customer inquiry regarding billing issue.
TKT-1215,USR-46002,West,2026-06-05 14:04:00,Shipping,Medium,Closed,Customer inquiry regarding shipping issue.
TKT-1216,USR-17456,Southeast,2026-06-06 02:19:00,Shipping,Medium,Closed,Customer inquiry regarding shipping issue.
TKT-1217,USR-90610,Southeast,2026-06-06 11:53:00,Billing,Low,Closed,Customer inquiry regarding billing issue.
TKT-1218,USR-82655,Southeast,2026-06-06 19:32:00,Shipping,Medium,Solved,Customer inquiry regarding shipping issue.
TKT-1219,USR-95437,Southeast,2026-06-06 23:57:00,Login Issue,Medium,Solved,Customer inquiry regarding login issue issue.
TKT-1220,USR-29773,Southeast,2026-06-06 06:20:00,Refund Request,Medium,Solved,Customer inquiry regarding refund request issue.
TKT-1221,USR-76132,Southeast,2026-06-06 01:28:00,Login Issue,Medium,Closed,Customer inquiry regarding login issue issue.
TKT-1222,USR-67595,Southeast,2026-06-06 20:11:00,Login Issue,Low,Open,Customer inquiry regarding login issue issue.
TKT-1223,USR-58870,Southeast,2026-06-06 16:33:00,Refund Request,Low,Closed,Customer inquiry regarding refund request issue.
TKT-1224,USR-16863,Southeast,2026-06-06 09:24:00,Shipping,Medium,Solved,Customer inquiry regarding shipping issue.
TKT-1225,USR-22387,Southeast,2026-06-06 20:41:00,Billing,Low,Closed,Customer inquiry regarding billing issue.
TKT-1226,USR-96057,Southeast,2026-06-06 17:43:00,Shipping,Medium,Closed,Customer inquiry regarding shipping issue.
TKT-1227,USR-86380,Southeast,2026-06-06 19:55:00,Product Question,Medium,Closed,Customer inquiry regarding product question issue.
TKT-1228,USR-26901,Northeast,2026-06-06 21:09:00,Billing,Medium,Open,Customer inquiry regarding billing issue.
TKT-1229,USR-59372,Northeast,2026-06-06 19:45:00,Login Issue,Medium,Solved,Customer inquiry regarding login issue issue.
TKT-1230,USR-22249,Northeast,2026-06-06 20:50:00,Billing,Low,Solved,Customer inquiry regarding billing issue.
TKT-1231,USR-12389,Northeast,2026-06-06 20:42:00,Shipping,High,Closed,Customer inquiry regarding shipping issue.
TKT-1232,USR-73736,Northeast,2026-06-06 11:19:00,Product Question,Low,Closed,Customer inquiry regarding product question issue.
TKT-1233,USR-48770,Northeast,2026-06-06 06:14:00,Product Question,Low,Closed,Customer inquiry regarding product question issue.
TKT-1234,USR-14947,Northeast,2026-06-06 03:32:00,Refund Request,High,Solved,Customer inquiry regarding refund request issue.
TKT-1235,USR-59377,Northeast,2026-06-06 21:21:00,Refund Request,Low,Solved,Customer inquiry regarding refund request issue.
TKT-1236,USR-31697,Northeast,2026-06-06 04:10:00,Product Question,High,Solved,Customer inquiry regarding product question issue.
TKT-1237,USR-98652,Northeast,2026-06-06 23:28:00,Login Issue,Medium,Closed,Customer inquiry regarding login issue issue.
TKT-1238,USR-79993,Midwest,2026-06-06 19:18:00,Bug Report,Medium,Closed,Customer inquiry regarding bug report issue.
TKT-1239,USR-98907,Midwest,2026-06-06 07:19:00,Shipping,Low,Closed,Customer inquiry regarding shipping issue.
TKT-1240,USR-75916,Midwest,2026-06-06 18:28:00,Shipping,Medium,Open,Customer inquiry regarding shipping issue.
TKT-1241,USR-28140,Midwest,2026-06-06 16:26:00,Product Question,Low,Solved,Customer inquiry regarding product question issue.
TKT-1242,USR-82684,Midwest,2026-06-06 08:03:00,Bug Report,Medium,Closed,Customer inquiry regarding bug report issue.
TKT-1243,USR-20993,Midwest,2026-06-06 03:45:00,Refund Request,Low,Closed,Customer inquiry regarding refund request issue.
TKT-1244,USR-67340,West,2026-06-06 05:17:00,Shipping,High,Closed,Customer inquiry regarding shipping issue.
TKT-1245,USR-13495,West,2026-06-06 02:58:00,Product Question,Medium,Closed,Customer inquiry regarding product question issue.
TKT-1246,USR-39430,Southeast,2026-06-07 11:15:00,Shipping,Low,Closed,Customer inquiry regarding shipping issue.
TKT-1247,USR-29142,Southeast,2026-06-07 00:20:00,Login Issue,High,Closed,Customer inquiry regarding login issue issue.
TKT-1248,USR-71487,Southeast,2026-06-07 04:02:00,Billing,Medium,Closed,Customer inquiry regarding billing issue.
TKT-1249,USR-43544,Southeast,2026-06-07 14:39:00,Login Issue,Low,Closed,Customer inquiry regarding login issue issue.
TKT-1250,USR-79176,Southeast,2026-06-07 06:53:00,Product Question,High,Solved,Customer inquiry regarding product question issue.
TKT-1251,USR-25970,Southeast,2026-06-07 13:07:00,Billing,Low,Closed,Customer inquiry regarding billing issue.
TKT-1252,USR-69914,Southeast,2026-06-07 01:15:00,Shipping,High,Solved,Customer inquiry regarding shipping issue.
TKT-1253,USR-12154,Southeast,2026-06-07 02:07:00,Shipping,High,Solved,Customer inquiry regarding shipping issue.
TKT-1254,USR-48177,Southeast,2026-06-07 20:32:00,Refund Request,Low,Closed,Customer inquiry regarding refund request issue.
TKT-1255,USR-84798,Southeast,2026-06-07 13:00:00,Refund Request,Medium,Closed,Customer inquiry regarding refund request issue.
TKT-1256,USR-78614,Southeast,2026-06-07 13:11:00,Bug Report,High,Closed,Customer inquiry regarding bug report issue.
TKT-1257,USR-76535,Southeast,2026-06-07 11:04:00,Refund Request,High,Solved,Customer inquiry regarding refund request issue.
TKT-1258,USR-93318,Northeast,2026-06-07 17:01:00,Shipping,Medium,Closed,Customer inquiry regarding shipping issue.
TKT-1259,USR-56805,Northeast,2026-06-07 12:23:00,Billing,High,Closed,Customer inquiry regarding billing issue.
TKT-1260,USR-86271,Northeast,2026-06-07 02:22:00,Product Question,High,Closed,Customer inquiry regarding product question issue.
TKT-1261,USR-56176,Northeast,2026-06-07 23:48:00,Billing,Low,Closed,Customer inquiry regarding billing issue.
TKT-1262,USR-72722,Northeast,2026-06-07 17:21:00,Bug Report,Low,Open,Customer inquiry regarding bug report issue.
TKT-1263,USR-14847,Northeast,2026-06-07 20:11:00,Product Question,Low,Open,Customer inquiry regarding product question issue.
TKT-1264,USR-51365,Northeast,2026-06-07 09:12:00,Login Issue,Low,Closed,Customer inquiry regarding login issue issue.
TKT-1265,USR-43202,Northeast,2026-06-07 09:32:00,Shipping,High,Open,Customer inquiry regarding shipping issue.
TKT-1266,USR-56789,Northeast,2026-06-07 01:48:00,Bug Report,Low,Closed,Customer inquiry regarding bug report issue.
TKT-1267,USR-26315,Northeast,2026-06-07 01:55:00,Bug Report,Medium,Closed,Customer inquiry regarding bug report issue.
TKT-1268,USR-60678,Northeast,2026-06-07 11:27:00,Shipping,High,Open,Customer inquiry regarding shipping issue.
TKT-1269,USR-58148,Northeast,2026-06-07 10:11:00,Shipping,High,Open,Customer inquiry regarding shipping issue.
TKT-1270,USR-20345,Northeast,2026-06-07 16:17:00,Login Issue,High,Open,Customer inquiry regarding login issue issue.
TKT-1271,USR-20494,West,2026-06-07 05:34:00,Billing,Medium,Closed,Customer inquiry regarding billing issue.
TKT-1272,USR-88986,West,2026-06-07 10:42:00,Billing,Medium,Open,Customer inquiry regarding billing issue.
TKT-1273,USR-56077,West,2026-06-07 22:27:00,Product Question,High,Open,Customer inquiry regarding product question issue.
TKT-1274,USR-67008,West,2026-06-07 14:02:00,Bug Report,Medium,Solved,Customer inquiry regarding bug report issue.
TKT-1275,USR-57619,West,2026-06-07 08:40:00,Login Issue,Low,Open,Customer inquiry regarding login issue issue.
TKT-1276,USR-14081,West,2026-06-07 16:51:00,Bug Report,High,Closed,Customer inquiry regarding bug report issue.
TKT-1277,USR-14561,West,2026-06-07 04:54:00,Refund Request,High,Open,Customer inquiry regarding refund request issue.
TKT-1278,USR-57467,West,2026-06-07 04:04:00,Product Question,High,Closed,Customer inquiry regarding product question issue.
TKT-1279,USR-99006,West,2026-06-07 12:36:00,Login Issue,High,Closed,Customer inquiry regarding login issue issue.
TKT-1280,USR-85225,West,2026-06-07 14:23:00,Billing,Medium,Closed,Customer inquiry regarding billing issue.
TKT-1281,USR-95139,West,2026-06-07 04:33:00,Billing,Medium,Closed,Customer inquiry regarding billing issue.
TKT-1282,USR-75410,West,2026-06-07 08:15:00,Login Issue,Low,Closed,Customer inquiry regarding login issue issue.
TKT-1283,USR-44116,West,2026-06-07 16:24:00,Refund Request,Low,Closed,Customer inquiry regarding refund request issue.
TKT-1284,USR-74382,West,2026-06-07 22:28:00,Product Question,High,Closed,Customer inquiry regarding product question issue.
TKT-1285,USR-21506,Southeast,2026-06-08 02:28:00,Product Question,High,Open,Customer inquiry regarding product question issue.
TKT-1286,USR-18511,Southeast,2026-06-08 21:54:00,Billing,High,Closed,Customer inquiry regarding billing issue.
TKT-1287,USR-93584,Southeast,2026-06-08 17:34:00,Billing,Medium,Closed,Customer inquiry regarding billing issue.
TKT-1288,USR-25907,Southeast,2026-06-08 05:50:00,Billing,High,Closed,Customer inquiry regarding billing issue.
TKT-1289,USR-13445,Southeast,2026-06-08 06:50:00,Product Question,Low,Open,Customer inquiry regarding product question issue.
TKT-1290,USR-82305,Southeast,2026-06-08 11:35:00,Refund Request,Medium,Open,Customer inquiry regarding refund request issue.
TKT-1291,USR-62187,Southeast,2026-06-08 04:39:00,Login Issue,Low,Closed,Customer inquiry regarding login issue issue.
TKT-1292,USR-63665,Southeast,2026-06-08 22:46:00,Shipping,High,Open,Customer inquiry regarding shipping issue.
TKT-1293,USR-68979,Southeast,2026-06-08 18:04:00,Product Question,Medium,Closed,Customer inquiry regarding product question issue.
TKT-1294,USR-82260,Southeast,2026-06-08 14:43:00,Refund Request,Medium,Closed,Customer inquiry regarding refund request issue.
TKT-1295,USR-75911,Southeast,2026-06-08 20:37:00,Product Question,Low,Open,Customer inquiry regarding product question issue.
TKT-1296,USR-49862,Southeast,2026-06-08 01:53:00,Login Issue,High,Closed,Customer inquiry regarding login issue issue.
TKT-1297,USR-55353,Southeast,2026-06-08 05:10:00,Billing,High,Closed,Customer inquiry regarding billing issue.
TKT-1298,USR-35729,Southeast,2026-06-08 16:57:00,Billing,Low,Closed,Customer inquiry regarding billing issue.
TKT-1299,USR-90534,Southeast,2026-06-08 20:35:00,Billing,Low,Closed,Customer inquiry regarding billing issue.
TKT-1300,USR-87569,Northeast,2026-06-08 17:05:00,Refund Request,High,Closed,Customer inquiry regarding refund request issue.
TKT-1301,USR-89316,Northeast,2026-06-08 18:09:00,Product Question,High,Solved,Customer inquiry regarding product question issue.
TKT-1302,USR-20646,Northeast,2026-06-08 10:53:00,Refund Request,Low,Closed,Customer inquiry regarding refund request issue.
TKT-1303,USR-84991,Northeast,2026-06-08 01:41:00,Refund Request,Medium,Closed,Customer inquiry regarding refund request issue.
TKT-1304,USR-92203,Northeast,2026-06-08 13:39:00,Bug Report,Low,Open,Customer inquiry regarding bug report issue.
TKT-1305,USR-42096,Northeast,2026-06-08 17:18:00,Bug Report,Medium,Open,Customer inquiry regarding bug report issue.
TKT-1306,USR-17852,Northeast,2026-06-08 21:25:00,Billing,Medium,Closed,Customer inquiry regarding billing issue.
TKT-1307,USR-36741,Northeast,2026-06-08 05:28:00,Shipping,Medium,Open,Customer inquiry regarding shipping issue.
TKT-1308,USR-55268,Northeast,2026-06-08 10:38:00,Product Question,Medium,Closed,Customer inquiry regarding product question issue.
TKT-1309,USR-23917,Northeast,2026-06-08 12:08:00,Billing,High,Solved,Customer inquiry regarding billing issue.
TKT-1310,USR-68929,Northeast,2026-06-08 10:15:00,Shipping,Low,Closed,Customer inquiry regarding shipping issue.
TKT-1311,USR-60351,Northeast,2026-06-08 07:09:00,Login Issue,Low,Closed,Customer inquiry regarding login issue issue.
TKT-1312,USR-85718,Northeast,2026-06-08 19:26:00,Product Question,Low,Closed,Customer inquiry regarding product question issue.
TKT-1313,USR-50441,Midwest,2026-06-08 05:31:00,Refund Request,Medium,Open,Customer inquiry regarding refund request issue.
TKT-1314,USR-69930,Midwest,2026-06-08 15:01:00,Login Issue,Medium,Solved,Customer inquiry regarding login issue issue.
TKT-1315,USR-16624,Midwest,2026-06-08 07:13:00,Refund Request,Medium,Closed,Customer inquiry regarding refund request issue.
TKT-1316,USR-47453,Midwest,2026-06-08 09:31:00,Refund Request,High,Open,Customer inquiry regarding refund request issue.
TKT-1317,USR-44664,Midwest,2026-06-08 17:00:00,Login Issue,Medium,Closed,Customer inquiry regarding login issue issue.
TKT-1318,USR-62505,Midwest,2026-06-08 23:23:00,Shipping,Medium,Closed,Customer inquiry regarding shipping issue.
TKT-1319,USR-82512,Midwest,2026-06-08 01:36:00,Refund Request,Low,Closed,Customer inquiry regarding refund request issue.
TKT-1320,USR-82070,West,2026-06-08 09:04:00,Shipping,High,Open,Customer inquiry regarding shipping issue.
TKT-1321,USR-25572,West,2026-06-08 08:52:00,Refund Request,High,Solved,Customer inquiry regarding refund request issue.
TKT-1322,USR-83116,West,2026-06-08 04:06:00,Shipping,Medium,Closed,Customer inquiry regarding shipping issue.
TKT-1323,USR-76731,West,2026-06-08 11:48:00,Product Question,Low,Solved,Customer inquiry regarding product question issue.
TKT-1324,USR-27961,West,2026-06-08 12:32:00,Login Issue,Low,Closed,Customer inquiry regarding login issue issue.
TKT-1325,USR-29521,West,2026-06-08 22:21:00,Shipping,High,Open,Customer inquiry regarding shipping issue.
TKT-1326,USR-90356,West,2026-06-08 19:57:00,Refund Request,Low,Closed,Customer inquiry regarding refund request issue.
TKT-1327,USR-87820,West,2026-06-08 10:10:00,Shipping,High,Closed,Customer inquiry regarding shipping issue.
TKT-1328,USR-72245,Southeast,2026-06-09 17:31:00,Bug Report,High,Closed,Customer inquiry regarding bug report issue.
TKT-1329,USR-64596,Southeast,2026-06-09 00:23:00,Billing,High,Closed,Customer inquiry regarding billing issue.
TKT-1330,USR-88238,Southeast,2026-06-09 18:19:00,Bug Report,High,Closed,Customer inquiry regarding bug report issue.
TKT-1331,USR-39824,Southeast,2026-06-09 15:16:00,Bug Report,High,Solved,Customer inquiry regarding bug report issue.
TKT-1332,USR-78712,Southeast,2026-06-09 23:03:00,Refund Request,Medium,Closed,Customer inquiry regarding refund request issue.
TKT-1333,USR-99224,Southeast,2026-06-09 20:46:00,Refund Request,Medium,Closed,Customer inquiry regarding refund request issue.
TKT-1334,USR-35006,Southeast,2026-06-09 07:02:00,Refund Request,High,Closed,Customer inquiry regarding refund request issue.
TKT-1335,USR-64127,Southeast,2026-06-09 00:28:00,Billing,Medium,Closed,Customer inquiry regarding billing issue.
TKT-1336,USR-71814,Southeast,2026-06-09 22:13:00,Shipping,High,Solved,Customer inquiry regarding shipping issue.
TKT-1337,USR-77984,Southeast,2026-06-09 23:46:00,Login Issue,High,Closed,Customer inquiry regarding login issue issue.
TKT-1338,USR-78875,Southeast,2026-06-09 06:35:00,Billing,High,Open,Customer inquiry regarding billing issue.
TKT-1339,USR-54869,Southeast,2026-06-09 12:20:00,Product Question,Medium,Solved,Customer inquiry regarding product question issue.
TKT-1340,USR-89963,Northeast,2026-06-09 17:22:00,Bug Report,High,Closed,Customer inquiry regarding bug report issue.
TKT-1341,USR-49124,Northeast,2026-06-09 15:12:00,Product Question,Medium,Solved,Customer inquiry regarding product question issue.
TKT-1342,USR-74094,Northeast,2026-06-09 07:19:00,Billing,High,Closed,Customer inquiry regarding billing issue.
TKT-1343,USR-47721,Northeast,2026-06-09 10:30:00,Billing,High,Closed,Customer inquiry regarding billing issue.
TKT-1344,USR-61712,Northeast,2026-06-09 03:36:00,Bug Report,High,Open,Customer inquiry regarding bug report issue.
TKT-1345,USR-47700,Northeast,2026-06-09 11:49:00,Product Question,Medium,Closed,Customer inquiry regarding product question issue.
TKT-1346,USR-72793,Northeast,2026-06-09 22:05:00,Billing,Medium,Closed,Customer inquiry regarding billing issue.
TKT-1347,USR-45601,Northeast,2026-06-09 06:12:00,Refund Request,Medium,Solved,Customer inquiry regarding refund request issue.
TKT-1348,USR-41363,Northeast,2026-06-09 04:06:00,Refund Request,High,Solved,Customer inquiry regarding refund request issue.
TKT-1349,USR-93616,Northeast,2026-06-09 07:03:00,Bug Report,High,Closed,Customer inquiry regarding bug report issue.
TKT-1350,USR-71918,Northeast,2026-06-09 07:03:00,Login Issue,Medium,Closed,Customer inquiry regarding login issue issue.
TKT-1351,USR-30701,Northeast,2026-06-09 03:43:00,Product Question,Low,Solved,Customer inquiry regarding product question issue.
TKT-1352,USR-47649,Northeast,2026-06-09 13:41:00,Shipping,Medium,Closed,Customer inquiry regarding shipping issue.
TKT-1353,USR-95498,Northeast,2026-06-09 10:18:00,Bug Report,Low,Closed,Customer inquiry regarding bug report issue.
TKT-1354,USR-32946,Northeast,2026-06-09 18:14:00,Refund Request,High,Closed,Customer inquiry regarding refund request issue.
TKT-1355,USR-74930,Northeast,2026-06-09 13:56:00,Product Question,Low,Open,Customer inquiry regarding product question issue.
TKT-1356,USR-84443,Midwest,2026-06-09 09:56:00,Login Issue,Low,Closed,Customer inquiry regarding login issue issue.
TKT-1357,USR-94058,Midwest,2026-06-09 19:06:00,Billing,Medium,Open,Customer inquiry regarding billing issue.
TKT-1358,USR-71344,Midwest,2026-06-09 17:33:00,Shipping,Low,Solved,Customer inquiry regarding shipping issue.
TKT-1359,USR-70150,Midwest,2026-06-09 08:12:00,Login Issue,Medium,Closed,Customer inquiry regarding login issue issue.
TKT-1360,USR-54185,Midwest,2026-06-09 20:16:00,Bug Report,Low,Closed,Customer inquiry regarding bug report issue.
TKT-1361,USR-90079,Midwest,2026-06-09 09:36:00,Bug Report,Low,Closed,Customer inquiry regarding bug report issue.
TKT-1362,USR-52982,Midwest,2026-06-09 20:57:00,Shipping,Medium,Solved,Customer inquiry regarding shipping issue.
TKT-1363,USR-28430,Midwest,2026-06-09 02:25:00,Bug Report,Low,Closed,Customer inquiry regarding bug report issue.
TKT-1364,USR-60275,Midwest,2026-06-09 15:20:00,Product Question,Low,Closed,Customer inquiry regarding product question issue.
TKT-1365,USR-86344,West,2026-06-09 07:28:00,Billing,Medium,Closed,Customer inquiry regarding billing issue.
TKT-1366,USR-40972,West,2026-06-09 23:36:00,Login Issue,Medium,Closed,Customer inquiry regarding login issue issue.
TKT-1367,USR-30934,West,2026-06-09 01:42:00,Login Issue,Medium,Closed,Customer inquiry regarding login issue issue.
TKT-1368,USR-25389,West,2026-06-09 12:43:00,Refund Request,High,Closed,Customer inquiry regarding refund request issue.
TKT-1369,USR-38947,West,2026-06-09 20:58:00,Billing,Medium,Solved,Customer inquiry regarding billing issue.
TKT-1370,USR-89395,West,2026-06-09 07:08:00,Shipping,Low,Open,Customer inquiry regarding shipping issue.
TKT-1371,USR-80453,West,2026-06-09 11:26:00,Bug Report,High,Open,Customer inquiry regarding bug report issue.
TKT-1372,USR-20730,West,2026-06-09 21:52:00,Product Question,Low,Solved,Customer inquiry regarding product question issue.
TKT-1373,USR-20237,West,2026-06-09 16:28:00,Refund Request,High,Closed,Customer inquiry regarding refund request issue.
TKT-1374,USR-36497,West,2026-06-09 18:07:00,Login Issue,High,Solved,Customer inquiry regarding login issue issue.
TKT-1375,USR-78202,West,2026-06-09 18:34:00,Product Question,Low,Closed,Customer inquiry regarding product question issue.
TKT-1376,USR-74071,West,2026-06-09 14:07:00,Bug Report,Low,Solved,Customer inquiry regarding bug report issue.
TKT-1377,USR-69432,West,2026-06-09 02:57:00,Refund Request,Medium,Closed,Customer inquiry regarding refund request issue.
TKT-1378,USR-17567,West,2026-06-09 04:32:00,Shipping,Medium,Solved,Customer inquiry regarding shipping issue.
TKT-1379,USR-10395,Southeast,2026-06-10 09:46:00,Login Issue,Medium,Closed,Customer inquiry regarding login issue issue.
TKT-1380,USR-65534,Southeast,2026-06-10 23:13:00,Refund Request,Low,Closed,Customer inquiry regarding refund request issue.
TKT-1381,USR-19046,Southeast,2026-06-10 11:44:00,Login Issue,High,Closed,Customer inquiry regarding login issue issue.
TKT-1382,USR-27750,Southeast,2026-06-10 15:02:00,Billing,Medium,Closed,Customer inquiry regarding billing issue.
TKT-1383,USR-60132,Southeast,2026-06-10 20:46:00,Bug Report,Medium,Closed,Customer inquiry regarding bug report issue.
TKT-1384,USR-99486,Southeast,2026-06-10 14:55:00,Shipping,Medium,Closed,Customer inquiry regarding shipping issue.
TKT-1385,USR-25549,Southeast,2026-06-10 21:55:00,Refund Request,Low,Closed,Customer inquiry regarding refund request issue.
TKT-1386,USR-39188,Southeast,2026-06-10 05:34:00,Shipping,High,Closed,Customer inquiry regarding shipping issue.
TKT-1387,USR-98276,Southeast,2026-06-10 00:48:00,Login Issue,Medium,Open,Customer inquiry regarding login issue issue.
TKT-1388,USR-40102,Southeast,2026-06-10 23:34:00,Shipping,High,Open,Customer inquiry regarding shipping issue.
TKT-1389,USR-34704,Northeast,2026-06-10 07:29:00,Billing,Low,Closed,Customer inquiry regarding billing issue.
TKT-1390,USR-90599,Northeast,2026-06-10 23:48:00,Login Issue,Low,Open,Customer inquiry regarding login issue issue.
TKT-1391,USR-87849,Northeast,2026-06-10 00:15:00,Product Question,Low,Closed,Customer inquiry regarding product question issue.
TKT-1392,USR-42077,Northeast,2026-06-10 01:28:00,Refund Request,High,Closed,Customer inquiry regarding refund request issue.
TKT-1393,USR-80747,Northeast,2026-06-10 23:02:00,Shipping,Medium,Closed,Customer inquiry regarding shipping issue.
TKT-1394,USR-47914,Northeast,2026-06-10 06:48:00,Login Issue,Low,Solved,Customer inquiry regarding login issue issue.
TKT-1395,USR-85690,Northeast,2026-06-10 07:52:00,Bug Report,High,Closed,Customer inquiry regarding bug report issue.
TKT-1396,USR-49552,Northeast,2026-06-10 19:49:00,Bug Report,Medium,Closed,Customer inquiry regarding bug report issue.
TKT-1397,USR-49387,Northeast,2026-06-10 04:42:00,Refund Request,Low,Open,Customer inquiry regarding refund request issue.
TKT-1398,USR-92050,Northeast,2026-06-10 08:03:00,Refund Request,High,Closed,Customer inquiry regarding refund request issue.
TKT-1399,USR-78742,Midwest,2026-06-10 01:22:00,Bug Report,High,Open,Customer inquiry regarding bug report issue.
TKT-1400,USR-49306,Midwest,2026-06-10 10:44:00,Shipping,Medium,Closed,Customer inquiry regarding shipping issue.
TKT-1401,USR-39536,Midwest,2026-06-10 12:11:00,Refund Request,Medium,Closed,Customer inquiry regarding refund request issue.
TKT-1402,USR-17552,Midwest,2026-06-10 09:54:00,Bug Report,Low,Open,Customer inquiry regarding bug report issue.
TKT-1403,USR-27575,Midwest,2026-06-10 17:26:00,Shipping,High,Solved,Customer inquiry regarding shipping issue.
TKT-1404,USR-94765,Midwest,2026-06-10 12:15:00,Billing,Low,Closed,Customer inquiry regarding billing issue.
TKT-1405,USR-80206,West,2026-06-10 02:59:00,Shipping,Medium,Closed,Customer inquiry regarding shipping issue.
TKT-1406,USR-59436,West,2026-06-10 23:53:00,Product Question,Low,Closed,Customer inquiry regarding product question issue.
TKT-1407,USR-34662,West,2026-06-10 21:38:00,Refund Request,Low,Closed,Customer inquiry regarding refund request issue.
TKT-1408,USR-72835,West,2026-06-10 18:46:00,Bug Report,High,Closed,Customer inquiry regarding bug report issue.
TKT-1409,USR-37762,West,2026-06-10 06:55:00,Billing,Medium,Closed,Customer inquiry regarding billing issue.
TKT-1410,USR-41797,West,2026-06-10 06:47:00,Login Issue,High,Open,Customer inquiry regarding login issue issue.
TKT-1411,USR-47101,Southeast,2026-06-11 12:58:00,Product Question,High,Closed,Customer inquiry regarding product question issue.
TKT-1412,USR-50425,Southeast,2026-06-11 12:29:00,Refund Request,High,Closed,Customer inquiry regarding refund request issue.
TKT-1413,USR-22924,Southeast,2026-06-11 08:23:00,Refund Request,Medium,Open,Customer inquiry regarding refund request issue.
TKT-1414,USR-51015,Southeast,2026-06-11 23:30:00,Billing,Low,Closed,Customer inquiry regarding billing issue.
TKT-1415,USR-12125,Southeast,2026-06-11 13:02:00,Refund Request,Low,Closed,Customer inquiry regarding refund request issue.
TKT-1416,USR-48691,Southeast,2026-06-11 08:35:00,Refund Request,High,Open,Customer inquiry regarding refund request issue.
TKT-1417,USR-84683,Southeast,2026-06-11 04:12:00,Billing,Low,Open,Customer inquiry regarding billing issue.
TKT-1418,USR-43728,Southeast,2026-06-11 07:31:00,Refund Request,High,Closed,Customer inquiry regarding refund request issue.
TKT-1419,USR-70401,Southeast,2026-06-11 15:46:00,Bug Report,High,Open,Customer inquiry regarding bug report issue.
TKT-1420,USR-81636,Southeast,2026-06-11 05:46:00,Billing,Low,Closed,Customer inquiry regarding billing issue.
TKT-1421,USR-78674,Southeast,2026-06-11 15:11:00,Refund Request,High,Closed,Customer inquiry regarding refund request issue.
TKT-1422,USR-10836,Southeast,2026-06-11 01:53:00,Login Issue,High,Closed,Customer inquiry regarding login issue issue.
TKT-1423,USR-29795,Southeast,2026-06-11 13:08:00,Bug Report,Low,Closed,Customer inquiry regarding bug report issue.
TKT-1424,USR-17923,Northeast,2026-06-11 00:13:00,Refund Request,Medium,Closed,Customer inquiry regarding refund request issue.
TKT-1425,USR-96413,Northeast,2026-06-11 19:40:00,Bug Report,High,Open,Customer inquiry regarding bug report issue.
TKT-1426,USR-63914,Northeast,2026-06-11 15:01:00,Login Issue,High,Solved,Customer inquiry regarding login issue issue.
TKT-1427,USR-80220,Northeast,2026-06-11 00:01:00,Refund Request,High,Closed,Customer inquiry regarding refund request issue.
TKT-1428,USR-33496,Northeast,2026-06-11 09:01:00,Refund Request,High,Open,Customer inquiry regarding refund request issue.
TKT-1429,USR-41584,Northeast,2026-06-11 03:58:00,Login Issue,High,Closed,Customer inquiry regarding login issue issue.
TKT-1430,USR-45038,Northeast,2026-06-11 06:39:00,Refund Request,Medium,Closed,Customer inquiry regarding refund request issue.
TKT-1431,USR-49318,Midwest,2026-06-11 12:29:00,Refund Request,Low,Closed,Customer inquiry regarding refund request issue.
TKT-1432,USR-22255,Midwest,2026-06-11 21:52:00,Login Issue,High,Closed,Customer inquiry regarding login issue issue.
TKT-1433,USR-17355,Midwest,2026-06-11 12:24:00,Shipping,High,Open,Customer inquiry regarding shipping issue.
TKT-1434,USR-75517,Midwest,2026-06-11 20:00:00,Bug Report,Low,Closed,Customer inquiry regarding bug report issue.
TKT-1435,USR-79226,Midwest,2026-06-11 13:41:00,Billing,High,Closed,Customer inquiry regarding billing issue.
TKT-1436,USR-72324,Midwest,2026-06-11 01:14:00,Product Question,High,Solved,Customer inquiry regarding product question issue.
TKT-1437,USR-81176,Midwest,2026-06-11 08:02:00,Login Issue,High,Closed,Customer inquiry regarding login issue issue.
TKT-1438,USR-12052,Midwest,2026-06-11 18:42:00,Login Issue,Low,Closed,Customer inquiry regarding login issue issue.
TKT-1439,USR-20084,West,2026-06-11 06:37:00,Product Question,High,Open,Customer inquiry regarding product question issue.
TKT-1440,USR-61007,West,2026-06-11 09:10:00,Refund Request,Low,Solved,Customer inquiry regarding refund request issue.
TKT-1441,USR-28343,West,2026-06-11 21:57:00,Refund Request,Medium,Open,Customer inquiry regarding refund request issue.
TKT-1442,USR-17038,West,2026-06-11 22:46:00,Login Issue,High,Closed,Customer inquiry regarding login issue issue.
TKT-1443,USR-89320,West,2026-06-11 03:27:00,Product Question,Low,Closed,Customer inquiry regarding product question issue.
TKT-1444,USR-93115,West,2026-06-11 19:38:00,Shipping,Medium,Closed,Customer inquiry regarding shipping issue.
TKT-1445,USR-56636,West,2026-06-11 08:50:00,Shipping,Medium,Closed,Customer inquiry regarding shipping issue.
TKT-1446,USR-96595,West,2026-06-11 17:24:00,Shipping,Low,Solved,Customer inquiry regarding shipping issue.
TKT-1447,USR-20752,Southeast,2026-06-12 09:51:00,Product Question,High,Closed,Customer inquiry regarding product question issue.
TKT-1448,USR-61068,Southeast,2026-06-12 08:09:00,Shipping,High,Closed,Customer inquiry regarding shipping issue.
TKT-1449,USR-50405,Southeast,2026-06-12 10:23:00,Login Issue,Low,Closed,Customer inquiry regarding login issue issue.
TKT-1450,USR-21442,Southeast,2026-06-12 14:23:00,Billing,Low,Closed,Customer inquiry regarding billing issue.
TKT-1451,USR-77166,Southeast,2026-06-12 05:27:00,Shipping,High,Solved,Customer inquiry regarding shipping issue.
TKT-1452,USR-82642,Southeast,2026-06-12 13:06:00,Login Issue,Low,Closed,Customer inquiry regarding login issue issue.
TKT-1453,USR-11617,Southeast,2026-06-12 02:38:00,Refund Request,Medium,Open,Customer inquiry regarding refund request issue.
TKT-1454,USR-41816,Southeast,2026-06-12 09:26:00,Shipping,Low,Solved,Customer inquiry regarding shipping issue.
TKT-1455,USR-32216,Southeast,2026-06-12 18:33:00,Product Question,High,Open,Customer inquiry regarding product question issue.
TKT-1456,USR-29127,Southeast,2026-06-12 04:17:00,Billing,Medium,Open,Customer inquiry regarding billing issue.
TKT-1457,USR-49289,Southeast,2026-06-12 02:10:00,Shipping,Medium,Open,Customer inquiry regarding shipping issue.
TKT-1458,USR-42321,Northeast,2026-06-12 15:50:00,Login Issue,Medium,Closed,Customer inquiry regarding login issue issue.
TKT-1459,USR-35630,Northeast,2026-06-12 23:40:00,Shipping,High,Solved,Customer inquiry regarding shipping issue.
TKT-1460,USR-61864,Northeast,2026-06-12 14:06:00,Product Question,Medium,Closed,Customer inquiry regarding product question issue.
TKT-1461,USR-67700,Northeast,2026-06-12 10:53:00,Refund Request,Medium,Closed,Customer inquiry regarding refund request issue.
TKT-1462,USR-49378,Northeast,2026-06-12 10:27:00,Bug Report,High,Closed,Customer inquiry regarding bug report issue.
TKT-1463,USR-51180,Northeast,2026-06-12 10:38:00,Bug Report,Low,Open,Customer inquiry regarding bug report issue.
TKT-1464,USR-85481,Northeast,2026-06-12 05:25:00,Billing,Medium,Open,Customer inquiry regarding billing issue.
TKT-1465,USR-57843,Northeast,2026-06-12 07:20:00,Shipping,Medium,Open,Customer inquiry regarding shipping issue.
TKT-1466,USR-81516,Northeast,2026-06-12 03:59:00,Refund Request,Low,Solved,Customer inquiry regarding refund request issue.
TKT-1467,USR-37479,Northeast,2026-06-12 05:43:00,Refund Request,Low,Open,Customer inquiry regarding refund request issue.
TKT-1468,USR-63627,Northeast,2026-06-12 14:51:00,Billing,High,Closed,Customer inquiry regarding billing issue.
TKT-1469,USR-41722,Northeast,2026-06-12 21:31:00,Product Question,High,Closed,Customer inquiry regarding product question issue.
TKT-1470,USR-59412,Northeast,2026-06-12 08:42:00,Product Question,High,Open,Customer inquiry regarding product question issue.
TKT-1471,USR-62534,Northeast,2026-06-12 02:28:00,Refund Request,Medium,Solved,Customer inquiry regarding refund request issue.
TKT-1472,USR-14818,Northeast,2026-06-12 17:32:00,Bug Report,Medium,Solved,Customer inquiry regarding bug report issue.
TKT-1473,USR-42536,Midwest,2026-06-12 17:38:00,Bug Report,Low,Closed,Customer inquiry regarding bug report issue.
TKT-1474,USR-15806,Midwest,2026-06-12 21:42:00,Billing,Low,Solved,Customer inquiry regarding billing issue.
TKT-1475,USR-53463,Midwest,2026-06-12 18:41:00,Bug Report,High,Open,Customer inquiry regarding bug report issue.
TKT-1476,USR-39098,Midwest,2026-06-12 13:06:00,Login Issue,Low,Closed,Customer inquiry regarding login issue issue.
TKT-1477,USR-85397,Midwest,2026-06-12 16:47:00,Refund Request,High,Solved,Customer inquiry regarding refund request issue.
TKT-1478,USR-99070,Midwest,2026-06-12 07:28:00,Billing,Medium,Open,Customer inquiry regarding billing issue.
TKT-1479,USR-13219,Midwest,2026-06-12 18:44:00,Refund Request,Low,Closed,Customer inquiry regarding refund request issue.
TKT-1480,USR-25213,Midwest,2026-06-12 15:06:00,Billing,Medium,Closed,Customer inquiry regarding billing issue.
TKT-1481,USR-69681,West,2026-06-12 23:09:00,Billing,Medium,Closed,Customer inquiry regarding billing issue.
TKT-1482,USR-22795,West,2026-06-12 06:33:00,Shipping,Medium,Open,Customer inquiry regarding shipping issue.
TKT-1483,USR-18804,West,2026-06-12 14:46:00,Bug Report,Medium,Closed,Customer inquiry regarding bug report issue.
TKT-1484,USR-54967,West,2026-06-12 09:02:00,Bug Report,Low,Closed,Customer inquiry regarding bug report issue.
TKT-1485,USR-77632,West,2026-06-12 20:06:00,Bug Report,Low,Closed,Customer inquiry regarding bug report issue.
TKT-1486,USR-65885,West,2026-06-12 05:35:00,Product Question,Medium,Solved,Customer inquiry regarding product question issue.
TKT-1487,USR-34430,West,2026-06-12 14:14:00,Shipping,High,Closed,Customer inquiry regarding shipping issue.
TKT-1488,USR-87621,Southeast,2026-06-13 00:47:00,Refund Request,Low,Open,Customer inquiry regarding refund request issue.
TKT-1489,USR-36972,Southeast,2026-06-13 13:24:00,Login Issue,High,Closed,Customer inquiry regarding login issue issue.
TKT-1490,USR-23336,Southeast,2026-06-13 08:48:00,Bug Report,Low,Solved,Customer inquiry regarding bug report issue.
TKT-1491,USR-69972,Southeast,2026-06-13 17:11:00,Billing,Medium,Closed,Customer inquiry regarding billing issue.
TKT-1492,USR-93769,Southeast,2026-06-13 03:16:00,Bug Report,Medium,Solved,Customer inquiry regarding bug report issue.
TKT-1493,USR-86939,Southeast,2026-06-13 10:38:00,Shipping,High,Open,Customer inquiry regarding shipping issue.
TKT-1494,USR-32613,Southeast,2026-06-13 03:22:00,Billing,Medium,Solved,Customer inquiry regarding billing issue.
TKT-1495,USR-21108,Southeast,2026-06-13 21:45:00,Billing,High,Solved,Customer inquiry regarding billing issue.
TKT-1496,USR-50026,Southeast,2026-06-13 21:08:00,Billing,Low,Closed,Customer inquiry regarding billing issue.
TKT-1497,USR-76954,Southeast,2026-06-13 03:11:00,Billing,High,Closed,Customer inquiry regarding billing issue.
TKT-1498,USR-60293,Southeast,2026-06-13 12:26:00,Refund Request,Low,Solved,Customer inquiry regarding refund request issue.
TKT-1499,USR-94575,Southeast,2026-06-13 13:11:00,Shipping,High,Solved,Customer inquiry regarding shipping issue.
TKT-1500,USR-28388,Northeast,2026-06-13 05:35:00,Product Question,Medium,Closed,Customer inquiry regarding product question issue.
TKT-1501,USR-57059,Northeast,2026-06-13 05:20:00,Shipping,High,Closed,Customer inquiry regarding shipping issue.
TKT-1502,USR-83607,Northeast,2026-06-13 00:31:00,Product Question,Low,Open,Customer inquiry regarding product question issue.
TKT-1503,USR-64477,Northeast,2026-06-13 16:41:00,Shipping,Medium,Open,Customer inquiry regarding shipping issue.
TKT-1504,USR-20835,Northeast,2026-06-13 22:53:00,Shipping,Medium,Closed,Customer inquiry regarding shipping issue.
TKT-1505,USR-46025,Northeast,2026-06-13 18:01:00,Product Question,Medium,Closed,Customer inquiry regarding product question issue.
TKT-1506,USR-84140,Northeast,2026-06-13 07:34:00,Billing,Low,Open,Customer inquiry regarding billing issue.
TKT-1507,USR-24838,Northeast,2026-06-13 23:49:00,Shipping,High,Solved,Customer inquiry regarding shipping issue.
TKT-1508,USR-81046,Northeast,2026-06-13 18:07:00,Billing,High,Closed,Customer inquiry regarding billing issue.
TKT-1509,USR-23423,Midwest,2026-06-13 23:28:00,Refund Request,Low,Open,Customer inquiry regarding refund request issue.
TKT-1510,USR-14224,Midwest,2026-06-13 23:53:00,Bug Report,Low,Closed,Customer inquiry regarding bug report issue.
TKT-1511,USR-25386,Midwest,2026-06-13 14:16:00,Billing,Low,Open,Customer inquiry regarding billing issue.
TKT-1512,USR-89988,Midwest,2026-06-13 07:13:00,Bug Report,High,Closed,Customer inquiry regarding bug report issue.
TKT-1513,USR-37082,Midwest,2026-06-13 20:27:00,Product Question,High,Closed,Customer inquiry regarding product question issue.
TKT-1514,USR-79767,Midwest,2026-06-13 06:51:00,Login Issue,High,Closed,Customer inquiry regarding login issue issue.
TKT-1515,USR-48356,Midwest,2026-06-13 08:38:00,Refund Request,Low,Closed,Customer inquiry regarding refund request issue.
TKT-1516,USR-27771,Midwest,2026-06-13 09:36:00,Billing,High,Closed,Customer inquiry regarding billing issue.
TKT-1517,USR-27392,West,2026-06-13 13:58:00,Login Issue,Medium,Closed,Customer inquiry regarding login issue issue.
TKT-1518,USR-98635,West,2026-06-13 07:09:00,Bug Report,Medium,Closed,Customer inquiry regarding bug report issue.
TKT-1519,USR-92288,West,2026-06-13 12:31:00,Product Question,High,Closed,Customer inquiry regarding product question issue.
TKT-1520,USR-62802,West,2026-06-13 13:24:00,Shipping,Low,Closed,Customer inquiry regarding shipping issue.
TKT-1521,USR-69597,West,2026-06-13 16:47:00,Billing,High,Closed,Customer inquiry regarding billing issue.
TKT-1522,USR-70089,West,2026-06-13 15:20:00,Refund Request,Low,Closed,Customer inquiry regarding refund request issue.
TKT-1523,USR-80048,West,2026-06-13 20:42:00,Bug Report,Medium,Closed,Customer inquiry regarding bug report issue.
TKT-1524,USR-45197,West,2026-06-13 12:13:00,Shipping,Low,Open,Customer inquiry regarding shipping issue.
TKT-1525,USR-85750,West,2026-06-13 10:53:00,Billing,Medium,Solved,Customer inquiry regarding billing issue.
TKT-1526,USR-23051,Southeast,2026-06-14 10:57:00,Bug Report,Low,Closed,Customer inquiry regarding bug report issue.
TKT-1527,USR-30707,Southeast,2026-06-14 20:50:00,Shipping,Low,Closed,Customer inquiry regarding shipping issue.
TKT-1528,USR-27290,Southeast,2026-06-14 14:29:00,Login Issue,Medium,Closed,Customer inquiry regarding login issue issue.
TKT-1529,USR-95798,Southeast,2026-06-14 20:19:00,Product Question,Medium,Closed,Customer inquiry regarding product question issue.
TKT-1530,USR-16787,Southeast,2026-06-14 11:16:00,Login Issue,Medium,Closed,Customer inquiry regarding login issue issue.
TKT-1531,USR-66260,Southeast,2026-06-14 12:40:00,Billing,High,Closed,Customer inquiry regarding billing issue.
TKT-1532,USR-37973,Southeast,2026-06-14 20:05:00,Bug Report,Low,Closed,Customer inquiry regarding bug report issue.
TKT-1533,USR-78084,Southeast,2026-06-14 15:04:00,Product Question,High,Closed,Customer inquiry regarding product question issue.
TKT-1534,USR-25806,Southeast,2026-06-14 21:28:00,Login Issue,Low,Closed,Customer inquiry regarding login issue issue.
TKT-1535,USR-40008,Southeast,2026-06-14 13:44:00,Product Question,Medium,Closed,Customer inquiry regarding product question issue.
TKT-1536,USR-51071,Southeast,2026-06-14 12:05:00,Bug Report,Low,Closed,Customer inquiry regarding bug report issue.
TKT-1537,USR-27451,Southeast,2026-06-14 11:56:00,Billing,Low,Open,Customer inquiry regarding billing issue.
TKT-1538,USR-83831,Southeast,2026-06-14 20:43:00,Product Question,Low,Solved,Customer inquiry regarding product question issue.
TKT-1539,USR-56030,Southeast,2026-06-14 00:39:00,Bug Report,Low,Open,Customer inquiry regarding bug report issue.
TKT-1540,USR-63963,Southeast,2026-06-14 23:13:00,Bug Report,High,Closed,Customer inquiry regarding bug report issue.
TKT-1541,USR-23168,Southeast,2026-06-14 19:43:00,Shipping,Low,Closed,Customer inquiry regarding shipping issue.
TKT-1542,USR-56076,Southeast,2026-06-14 04:48:00,Login Issue,High,Open,Customer inquiry regarding login issue issue.
TKT-1543,USR-94491,Southeast,2026-06-14 13:20:00,Product Question,Low,Closed,Customer inquiry regarding product question issue.
TKT-1544,USR-89638,Southeast,2026-06-14 02:15:00,Refund Request,High,Solved,Customer inquiry regarding refund request issue.
TKT-1545,USR-36928,Northeast,2026-06-14 09:49:00,Bug Report,Low,Closed,Customer inquiry regarding bug report issue.
TKT-1546,USR-48737,Northeast,2026-06-14 16:38:00,Refund Request,Low,Open,Customer inquiry regarding refund request issue.
TKT-1547,USR-24777,Northeast,2026-06-14 20:03:00,Product Question,Medium,Open,Customer inquiry regarding product question issue.
TKT-1548,USR-79243,Northeast,2026-06-14 07:31:00,Bug Report,High,Closed,Customer inquiry regarding bug report issue.
TKT-1549,USR-84498,Northeast,2026-06-14 00:23:00,Billing,Low,Open,Customer inquiry regarding billing issue.
TKT-1550,USR-71736,Northeast,2026-06-14 13:23:00,Refund Request,High,Closed,Customer inquiry regarding refund request issue.
TKT-1551,USR-44365,Northeast,2026-06-14 02:01:00,Refund Request,Low,Closed,Customer inquiry regarding refund request issue.
TKT-1552,USR-47550,Northeast,2026-06-14 06:02:00,Login Issue,Medium,Solved,Customer inquiry regarding login issue issue.
TKT-1553,USR-62727,Northeast,2026-06-14 20:45:00,Refund Request,Medium,Open,Customer inquiry regarding refund request issue.
TKT-1554,USR-30012,Northeast,2026-06-14 02:40:00,Refund Request,High,Solved,Customer inquiry regarding refund request issue.
TKT-1555,USR-36633,Northeast,2026-06-14 08:05:00,Billing,Low,Solved,Customer inquiry regarding billing issue.
TKT-1556,USR-93138,Northeast,2026-06-14 04:34:00,Billing,Medium,Solved,Customer inquiry regarding billing issue.
TKT-1557,USR-67342,Northeast,2026-06-14 20:43:00,Bug Report,Low,Closed,Customer inquiry regarding bug report issue.
TKT-1558,USR-21300,Northeast,2026-06-14 23:54:00,Product Question,Low,Closed,Customer inquiry regarding product question issue.
TKT-1559,USR-17212,Northeast,2026-06-14 13:07:00,Shipping,High,Solved,Customer inquiry regarding shipping issue.
TKT-1560,USR-25655,Northeast,2026-06-14 09:42:00,Bug Report,High,Closed,Customer inquiry regarding bug report issue.
TKT-1561,USR-77793,Midwest,2026-06-14 00:10:00,Shipping,Medium,Solved,Customer inquiry regarding shipping issue.
TKT-1562,USR-45227,Midwest,2026-06-14 23:16:00,Product Question,Medium,Closed,Customer inquiry regarding product question issue.
TKT-1563,USR-66272,Midwest,2026-06-14 23:56:00,Login Issue,Low,Closed,Customer inquiry regarding login issue issue.
TKT-1564,USR-92251,Midwest,2026-06-14 08:33:00,Login Issue,Medium,Solved,Customer inquiry regarding login issue issue.
TKT-1565,USR-17266,Midwest,2026-06-14 02:31:00,Shipping,High,Closed,Customer inquiry regarding shipping issue.
TKT-1566,USR-30618,Midwest,2026-06-14 15:54:00,Refund Request,Low,Closed,Customer inquiry regarding refund request issue.
TKT-1567,USR-39937,Midwest,2026-06-14 08:49:00,Login Issue,High,Closed,Customer inquiry regarding login issue issue.
TKT-1568,USR-42053,Midwest,2026-06-14 23:32:00,Login Issue,Low,Closed,Customer inquiry regarding login issue issue.
TKT-1569,USR-33456,Midwest,2026-06-14 01:30:00,Billing,Medium,Closed,Customer inquiry regarding billing issue.
TKT-1570,USR-39427,West,2026-06-14 01:35:00,Bug Report,High,Open,Customer inquiry regarding bug report issue.
TKT-1571,USR-45554,West,2026-06-14 10:15:00,Shipping,High,Closed,Customer inquiry regarding shipping issue.
TKT-1572,USR-98254,West,2026-06-14 02:36:00,Billing,Low,Solved,Customer inquiry regarding billing issue.
TKT-1573,USR-62550,West,2026-06-14 01:11:00,Product Question,High,Closed,Customer inquiry regarding product question issue.
TKT-1574,USR-52899,West,2026-06-14 02:56:00,Shipping,Medium,Closed,Customer inquiry regarding shipping issue.
TKT-1575,USR-36302,West,2026-06-14 02:35:00,Shipping,Low,Closed,Customer inquiry regarding shipping issue.
TKT-1576,USR-41795,West,2026-06-14 09:36:00,Billing,High,Solved,Customer inquiry regarding billing issue.
TKT-1577,USR-81638,West,2026-06-14 14:23:00,Refund Request,Medium,Closed,Customer inquiry regarding refund request issue.
TKT-1578,USR-40539,West,2026-06-14 07:09:00,Login Issue,Medium,Closed,Customer inquiry regarding login issue issue.
TKT-1579,USR-53911,West,2026-06-14 17:22:00,Bug Report,High,Closed,Customer inquiry regarding bug report issue.
TKT-1580,USR-79443,Southeast,2026-06-15 23:46:00,Billing,Low,Closed,Customer inquiry regarding billing issue.
TKT-1581,USR-46677,Southeast,2026-06-15 07:26:00,Shipping,Low,Closed,Customer inquiry regarding shipping issue.
TKT-1582,USR-58823,Southeast,2026-06-15 02:02:00,Product Question,High,Open,Customer inquiry regarding product question issue.
TKT-1583,USR-76247,Southeast,2026-06-15 14:47:00,Login Issue,High,Closed,Customer inquiry regarding login issue issue.
TKT-1584,USR-84425,Southeast,2026-06-15 04:40:00,Shipping,Low,Solved,Customer inquiry regarding shipping issue.
TKT-1585,USR-48230,Southeast,2026-06-15 01:27:00,Bug Report,Low,Closed,Customer inquiry regarding bug report issue.
TKT-1586,USR-51688,Southeast,2026-06-15 08:54:00,Billing,Medium,Closed,Customer inquiry regarding billing issue.
TKT-1587,USR-27840,Southeast,2026-06-15 14:17:00,Product Question,Low,Closed,Customer inquiry regarding product question issue.
TKT-1588,USR-68925,Southeast,2026-06-15 18:06:00,Product Question,Low,Closed,Customer inquiry regarding product question issue.
TKT-1589,USR-56961,Southeast,2026-06-15 14:20:00,Shipping,Low,Solved,Customer inquiry regarding shipping issue.
TKT-1590,USR-25717,Southeast,2026-06-15 06:28:00,Billing,Medium,Closed,Customer inquiry regarding billing issue.
TKT-1591,USR-15286,Southeast,2026-06-15 02:10:00,Bug Report,Medium,Solved,Customer inquiry regarding bug report issue.
TKT-1592,USR-42534,Southeast,2026-06-15 06:53:00,Billing,Low,Closed,Customer inquiry regarding billing issue.
TKT-1593,USR-44100,Southeast,2026-06-15 11:25:00,Refund Request,Low,Closed,Customer inquiry regarding refund request issue.
TKT-1594,USR-82105,Southeast,2026-06-15 05:01:00,Shipping,Medium,Solved,Customer inquiry regarding shipping issue.
TKT-1595,USR-25919,Southeast,2026-06-15 07:06:00,Shipping,Low,Closed,Customer inquiry regarding shipping issue.
TKT-1596,USR-62505,Southeast,2026-06-15 00:03:00,Product Question,Low,Closed,Customer inquiry regarding product question issue.
TKT-1597,USR-86326,Southeast,2026-06-15 11:43:00,Bug Report,High,Closed,Customer inquiry regarding bug report issue.
TKT-1598,USR-35919,Southeast,2026-06-15 18:16:00,Login Issue,Low,Closed,Customer inquiry regarding login issue issue.
TKT-1599,USR-26059,Northeast,2026-06-15 20:28:00,Product Question,Low,Closed,Customer inquiry regarding product question issue.
TKT-1600,USR-66774,Northeast,2026-06-15 01:29:00,Login Issue,Low,Solved,Customer inquiry regarding login issue issue.
TKT-1601,USR-99550,Northeast,2026-06-15 23:25:00,Shipping,Low,Open,Customer inquiry regarding shipping issue.
TKT-1602,USR-46042,Northeast,2026-06-15 13:11:00,Billing,Low,Closed,Customer inquiry regarding billing issue.
TKT-1603,USR-91156,Northeast,2026-06-15 08:28:00,Product Question,Low,Solved,Customer inquiry regarding product question issue.
TKT-1604,USR-64000,Northeast,2026-06-15 19:15:00,Bug Report,Medium,Open,Customer inquiry regarding bug report issue.
TKT-1605,USR-60202,Northeast,2026-06-15 17:30:00,Login Issue,Low,Closed,Customer inquiry regarding login issue issue.
TKT-1606,USR-42656,Northeast,2026-06-15 04:26:00,Product Question,High,Solved,Customer inquiry regarding product question issue.
TKT-1607,USR-57069,Northeast,2026-06-15 20:51:00,Refund Request,Low,Open,Customer inquiry regarding refund request issue.
TKT-1608,USR-75849,Northeast,2026-06-15 15:34:00,Shipping,Medium,Solved,Customer inquiry regarding shipping issue.
TKT-1609,USR-51795,Northeast,2026-06-15 10:24:00,Billing,Low,Closed,Customer inquiry regarding billing issue.
TKT-1610,USR-71824,Northeast,2026-06-15 19:14:00,Login Issue,Medium,Closed,Customer inquiry regarding login issue issue.
TKT-1611,USR-44934,Midwest,2026-06-15 07:10:00,Login Issue,Low,Closed,Customer inquiry regarding login issue issue.
TKT-1612,USR-85457,Midwest,2026-06-15 17:52:00,Bug Report,Low,Closed,Customer inquiry regarding bug report issue.
TKT-1613,USR-87662,West,2026-06-15 12:22:00,Product Question,Low,Closed,Customer inquiry regarding product question issue.
TKT-1614,USR-87537,West,2026-06-15 10:51:00,Bug Report,High,Closed,Customer inquiry regarding bug report issue.
TKT-1615,USR-83873,West,2026-06-15 00:45:00,Bug Report,Medium,Solved,Customer inquiry regarding bug report issue.
TKT-1616,USR-50508,West,2026-06-15 04:36:00,Product Question,Medium,Solved,Customer inquiry regarding product question issue.
TKT-1617,USR-40490,West,2026-06-15 05:31:00,Login Issue,Low,Closed,Customer inquiry regarding login issue issue.
TKT-1618,USR-10089,West,2026-06-15 19:14:00,Login Issue,High,Open,Customer inquiry regarding login issue issue.
TKT-1619,USR-54663,West,2026-06-15 10:58:00,Refund Request,Low,Closed,Customer inquiry regarding refund request issue.
TKT-1620,USR-29360,West,2026-06-15 22:11:00,Billing,Low,Closed,Customer inquiry regarding billing issue.
TKT-1621,USR-57826,West,2026-06-15 18:45:00,Product Question,Low,Solved,Customer inquiry regarding product question issue.
TKT-1622,USR-49552,Southeast,2026-06-16 21:25:00,Refund Request,Low,Closed,Customer inquiry regarding refund request issue.
TKT-1623,USR-93789,Southeast,2026-06-16 10:08:00,Product Question,High,Open,Customer inquiry regarding product question issue.
TKT-1624,USR-90440,Southeast,2026-06-16 15:41:00,Billing,Low,Solved,Customer inquiry regarding billing issue.
TKT-1625,USR-59595,Southeast,2026-06-16 11:14:00,Bug Report,High,Closed,Customer inquiry regarding bug report issue.
TKT-1626,USR-33292,Southeast,2026-06-16 09:46:00,Bug Report,Medium,Closed,Customer inquiry regarding bug report issue.
TKT-1627,USR-84381,Southeast,2026-06-16 23:00:00,Bug Report,High,Open,Customer inquiry regarding bug report issue.
TKT-1628,USR-38953,Southeast,2026-06-16 01:11:00,Refund Request,Medium,Solved,Customer inquiry regarding refund request issue.
TKT-1629,USR-53406,Southeast,2026-06-16 20:36:00,Login Issue,Medium,Closed,Customer inquiry regarding login issue issue.
TKT-1630,USR-32005,Southeast,2026-06-16 23:04:00,Product Question,Medium,Closed,Customer inquiry regarding product question issue.
TKT-1631,USR-68540,Southeast,2026-06-16 20:56:00,Login Issue,High,Closed,Customer inquiry regarding login issue issue.
TKT-1632,USR-55938,Southeast,2026-06-16 00:16:00,Product Question,Low,Closed,Customer inquiry regarding product question issue.
TKT-1633,USR-16310,Southeast,2026-06-16 08:50:00,Login Issue,High,Closed,Customer inquiry regarding login issue issue.
TKT-1634,USR-64266,Southeast,2026-06-16 12:28:00,Bug Report,Medium,Closed,Customer inquiry regarding bug report issue.
TKT-1635,USR-59197,Southeast,2026-06-16 15:56:00,Shipping,Medium,Solved,Customer inquiry regarding shipping issue.
TKT-1636,USR-31319,Southeast,2026-06-16 03:53:00,Shipping,High,Closed,Customer inquiry regarding shipping issue.
TKT-1637,USR-51774,Southeast,2026-06-16 14:04:00,Login Issue,Medium,Closed,Customer inquiry regarding login issue issue.
TKT-1638,USR-59212,Southeast,2026-06-16 08:06:00,Login Issue,Medium,Closed,Customer inquiry regarding login issue issue.
TKT-1639,USR-54295,Northeast,2026-06-16 05:46:00,Login Issue,High,Closed,Customer inquiry regarding login issue issue.
TKT-1640,USR-66534,Northeast,2026-06-16 19:39:00,Shipping,High,Closed,Customer inquiry regarding shipping issue.
TKT-1641,USR-17019,Northeast,2026-06-16 20:10:00,Refund Request,Medium,Closed,Customer inquiry regarding refund request issue.
TKT-1642,USR-82628,Northeast,2026-06-16 03:21:00,Product Question,Low,Open,Customer inquiry regarding product question issue.
TKT-1643,USR-96585,Northeast,2026-06-16 23:59:00,Bug Report,High,Closed,Customer inquiry regarding bug report issue.
TKT-1644,USR-61498,Northeast,2026-06-16 09:19:00,Product Question,Low,Closed,Customer inquiry regarding product question issue.
TKT-1645,USR-57294,Northeast,2026-06-16 18:35:00,Shipping,Low,Closed,Customer inquiry regarding shipping issue.
TKT-1646,USR-72957,Northeast,2026-06-16 00:27:00,Login Issue,Medium,Solved,Customer inquiry regarding login issue issue.
TKT-1647,USR-93648,Northeast,2026-06-16 06:06:00,Login Issue,Low,Closed,Customer inquiry regarding login issue issue.
TKT-1648,USR-62096,Northeast,2026-06-16 09:05:00,Shipping,Low,Closed,Customer inquiry regarding shipping issue.
TKT-1649,USR-94130,Northeast,2026-06-16 15:31:00,Bug Report,Medium,Closed,Customer inquiry regarding bug report issue.
TKT-1650,USR-44510,Midwest,2026-06-16 12:23:00,Product Question,Medium,Closed,Customer inquiry regarding product question issue.
TKT-1651,USR-83956,Midwest,2026-06-16 14:29:00,Billing,Low,Closed,Customer inquiry regarding billing issue.
TKT-1652,USR-21233,Midwest,2026-06-16 01:09:00,Bug Report,High,Closed,Customer inquiry regarding bug report issue.
TKT-1653,USR-39820,Midwest,2026-06-16 21:22:00,Refund Request,Medium,Solved,Customer inquiry regarding refund request issue.
TKT-1654,USR-80190,Midwest,2026-06-16 17:03:00,Shipping,High,Open,Customer inquiry regarding shipping issue.
TKT-1655,USR-72424,Midwest,2026-06-16 21:55:00,Shipping,High,Closed,Customer inquiry regarding shipping issue.
TKT-1656,USR-75811,West,2026-06-16 09:05:00,Shipping,High,Closed,Customer inquiry regarding shipping issue.
TKT-1657,USR-29326,West,2026-06-16 18:57:00,Refund Request,High,Solved,Customer inquiry regarding refund request issue.
TKT-1658,USR-37772,West,2026-06-16 03:48:00,Shipping,Low,Closed,Customer inquiry regarding shipping issue.
TKT-1659,USR-99538,West,2026-06-16 06:08:00,Login Issue,Medium,Closed,Customer inquiry regarding login issue issue.
TKT-1660,USR-43801,West,2026-06-16 13:12:00,Bug Report,Low,Solved,Customer inquiry regarding bug report issue.
TKT-1661,USR-60868,West,2026-06-16 10:58:00,Bug Report,Low,Closed,Customer inquiry regarding bug report issue.
TKT-1662,USR-78116,West,2026-06-16 17:25:00,Refund Request,Medium,Closed,Customer inquiry regarding refund request issue.
TKT-1663,USR-87014,West,2026-06-16 14:58:00,Login Issue,High,Solved,Customer inquiry regarding login issue issue.
TKT-1664,USR-29613,West,2026-06-16 16:50:00,Shipping,Low,Open,Customer inquiry regarding shipping issue.
TKT-1665,USR-47498,Southeast,2026-06-17 03:59:00,Login Issue,High,Closed,Customer inquiry regarding login issue issue.
TKT-1666,USR-60206,Southeast,2026-06-17 17:56:00,Billing,Medium,Closed,Customer inquiry regarding billing issue.
TKT-1667,USR-14910,Southeast,2026-06-17 20:31:00,Refund Request,High,Open,Customer inquiry regarding refund request issue.
TKT-1668,USR-89777,Southeast,2026-06-17 05:17:00,Shipping,Low,Solved,Customer inquiry regarding shipping issue.
TKT-1669,USR-53449,Southeast,2026-06-17 21:44:00,Shipping,Low,Open,Customer inquiry regarding shipping issue.
TKT-1670,USR-45203,Southeast,2026-06-17 22:15:00,Login Issue,High,Open,Customer inquiry regarding login issue issue.
TKT-1671,USR-46745,Southeast,2026-06-17 11:01:00,Billing,Medium,Closed,Customer inquiry regarding billing issue.
TKT-1672,USR-39878,Southeast,2026-06-17 15:54:00,Bug Report,High,Closed,Customer inquiry regarding bug report issue.
TKT-1673,USR-45313,Southeast,2026-06-17 04:19:00,Bug Report,Medium,Closed,Customer inquiry regarding bug report issue.
TKT-1674,USR-34633,Southeast,2026-06-17 23:26:00,Refund Request,High,Closed,Customer inquiry regarding refund request issue.
TKT-1675,USR-77698,Southeast,2026-06-17 14:13:00,Shipping,High,Open,Customer inquiry regarding shipping issue.
TKT-1676,USR-18600,Southeast,2026-06-17 11:52:00,Login Issue,High,Closed,Customer inquiry regarding login issue issue.
TKT-1677,USR-78719,Southeast,2026-06-17 09:45:00,Refund Request,Medium,Closed,Customer inquiry regarding refund request issue.
TKT-1678,USR-17553,Southeast,2026-06-17 18:01:00,Product Question,Low,Closed,Customer inquiry regarding product question issue.
TKT-1679,USR-36097,Southeast,2026-06-17 07:02:00,Shipping,Low,Closed,Customer inquiry regarding shipping issue.
TKT-1680,USR-93284,Southeast,2026-06-17 08:23:00,Shipping,High,Open,Customer inquiry regarding shipping issue.
TKT-1681,USR-74066,Southeast,2026-06-17 03:43:00,Login Issue,Low,Closed,Customer inquiry regarding login issue issue.
TKT-1682,USR-82264,Northeast,2026-06-17 19:28:00,Product Question,Medium,Solved,Customer inquiry regarding product question issue.
TKT-1683,USR-47364,Northeast,2026-06-17 11:22:00,Product Question,Medium,Closed,Customer inquiry regarding product question issue.
TKT-1684,USR-38091,Northeast,2026-06-17 00:24:00,Login Issue,Low,Solved,Customer inquiry regarding login issue issue.
TKT-1685,USR-45269,Northeast,2026-06-17 07:41:00,Product Question,High,Closed,Customer inquiry regarding product question issue.
TKT-1686,USR-72140,Northeast,2026-06-17 20:26:00,Refund Request,Low,Closed,Customer inquiry regarding refund request issue.
TKT-1687,USR-39329,Northeast,2026-06-17 04:41:00,Product Question,High,Closed,Customer inquiry regarding product question issue.
TKT-1688,USR-65549,Northeast,2026-06-17 08:38:00,Billing,High,Closed,Customer inquiry regarding billing issue.
TKT-1689,USR-38601,Northeast,2026-06-17 12:54:00,Billing,Medium,Closed,Customer inquiry regarding billing issue.
TKT-1690,USR-62055,Northeast,2026-06-17 14:19:00,Bug Report,High,Solved,Customer inquiry regarding bug report issue.
TKT-1691,USR-83591,Northeast,2026-06-17 18:06:00,Login Issue,High,Closed,Customer inquiry regarding login issue issue.
TKT-1692,USR-99707,Northeast,2026-06-17 20:38:00,Refund Request,Medium,Closed,Customer inquiry regarding refund request issue.
TKT-1693,USR-93964,Northeast,2026-06-17 03:30:00,Login Issue,Medium,Closed,Customer inquiry regarding login issue issue.
TKT-1694,USR-34688,Northeast,2026-06-17 10:55:00,Billing,Medium,Closed,Customer inquiry regarding billing issue.
TKT-1695,USR-62965,Northeast,2026-06-17 04:33:00,Product Question,Low,Solved,Customer inquiry regarding product question issue.
TKT-1696,USR-95904,Northeast,2026-06-17 21:20:00,Bug Report,Low,Closed,Customer inquiry regarding bug report issue.
TKT-1697,USR-86418,Midwest,2026-06-17 13:25:00,Shipping,High,Closed,Customer inquiry regarding shipping issue.
TKT-1698,USR-99957,Midwest,2026-06-17 22:36:00,Product Question,Medium,Closed,Customer inquiry regarding product question issue.
TKT-1699,USR-76494,Midwest,2026-06-17 17:40:00,Shipping,High,Closed,Customer inquiry regarding shipping issue.
TKT-1700,USR-33741,Midwest,2026-06-17 09:54:00,Product Question,High,Solved,Customer inquiry regarding product question issue.
TKT-1701,USR-83273,Midwest,2026-06-17 09:06:00,Shipping,Low,Closed,Customer inquiry regarding shipping issue.
TKT-1702,USR-39131,West,2026-06-17 05:43:00,Billing,High,Closed,Customer inquiry regarding billing issue.
TKT-1703,USR-53426,West,2026-06-17 11:14:00,Bug Report,Medium,Open,Customer inquiry regarding bug report issue.
TKT-1704,USR-25437,West,2026-06-17 11:16:00,Refund Request,Medium,Open,Customer inquiry regarding refund request issue.
TKT-1705,USR-91350,West,2026-06-17 15:03:00,Bug Report,High,Solved,Customer inquiry regarding bug report issue.
TKT-1706,USR-99220,West,2026-06-17 02:30:00,Product Question,High,Closed,Customer inquiry regarding product question issue.
TKT-1707,USR-29762,West,2026-06-17 12:33:00,Billing,Medium,Closed,Customer inquiry regarding billing issue.
TKT-1708,USR-69974,West,2026-06-17 04:12:00,Billing,Medium,Solved,Customer inquiry regarding billing issue.
TKT-1709,USR-73908,West,2026-06-17 04:20:00,Bug Report,Low,Closed,Customer inquiry regarding bug report issue.
TKT-1710,USR-10617,West,2026-06-17 10:40:00,Product Question,Medium,Closed,Customer inquiry regarding product question issue.
TKT-1711,USR-30766,West,2026-06-17 14:17:00,Product Question,Low,Solved,Customer inquiry regarding product question issue.
TKT-1712,USR-62873,Southeast,2026-06-18 02:08:00,Refund Request,Medium,Open,Customer inquiry regarding refund request issue.
TKT-1713,USR-79963,Southeast,2026-06-18 13:30:00,Shipping,Low,Closed,Customer inquiry regarding shipping issue.
TKT-1714,USR-79603,Southeast,2026-06-18 06:46:00,Billing,Low,Closed,Customer inquiry regarding billing issue.
TKT-1715,USR-39657,Southeast,2026-06-18 06:01:00,Bug Report,Low,Closed,Customer inquiry regarding bug report issue.
TKT-1716,USR-23462,Southeast,2026-06-18 22:56:00,Billing,Medium,Closed,Customer inquiry regarding billing issue.
TKT-1717,USR-18557,Southeast,2026-06-18 12:32:00,Refund Request,Medium,Closed,Customer inquiry regarding refund request issue.
TKT-1718,USR-88167,Southeast,2026-06-18 01:19:00,Billing,Medium,Solved,Customer inquiry regarding billing issue.
TKT-1719,USR-54922,Southeast,2026-06-18 16:21:00,Shipping,High,Closed,Customer inquiry regarding shipping issue.
TKT-1720,USR-12506,Southeast,2026-06-18 15:22:00,Product Question,Low,Open,Customer inquiry regarding product question issue.
TKT-1721,USR-12872,Northeast,2026-06-18 07:14:00,Bug Report,Low,Closed,Customer inquiry regarding bug report issue.
TKT-1722,USR-95267,Northeast,2026-06-18 18:32:00,Product Question,Low,Closed,Customer inquiry regarding product question issue.
TKT-1723,USR-91675,Northeast,2026-06-18 01:24:00,Bug Report,Medium,Solved,Customer inquiry regarding bug report issue.
TKT-1724,USR-95664,Northeast,2026-06-18 01:38:00,Login Issue,High,Closed,Customer inquiry regarding login issue issue.
TKT-1725,USR-68237,Northeast,2026-06-18 00:03:00,Bug Report,Low,Open,Customer inquiry regarding bug report issue.
TKT-1726,USR-30070,Northeast,2026-06-18 12:07:00,Refund Request,Medium,Open,Customer inquiry regarding refund request issue.
TKT-1727,USR-49467,Northeast,2026-06-18 06:44:00,Bug Report,High,Closed,Customer inquiry regarding bug report issue.
TKT-1728,USR-45386,Northeast,2026-06-18 13:42:00,Login Issue,High,Solved,Customer inquiry regarding login issue issue.
TKT-1729,USR-23751,Northeast,2026-06-18 19:38:00,Bug Report,Low,Open,Customer inquiry regarding bug report issue.
TKT-1730,USR-24943,Northeast,2026-06-18 16:46:00,Refund Request,Low,Closed,Customer inquiry regarding refund request issue.
TKT-1731,USR-44471,Northeast,2026-06-18 03:31:00,Product Question,High,Closed,Customer inquiry regarding product question issue.
TKT-1732,USR-48712,Northeast,2026-06-18 16:12:00,Billing,High,Open,Customer inquiry regarding billing issue.
TKT-1733,USR-10358,Midwest,2026-06-18 06:44:00,Shipping,Medium,Closed,Customer inquiry regarding shipping issue.
TKT-1734,USR-97690,Midwest,2026-06-18 00:42:00,Login Issue,Low,Solved,Customer inquiry regarding login issue issue.
TKT-1735,USR-23276,Midwest,2026-06-18 15:09:00,Login Issue,High,Closed,Customer inquiry regarding login issue issue.
TKT-1736,USR-44619,Midwest,2026-06-18 08:41:00,Product Question,Medium,Closed,Customer inquiry regarding product question issue.
TKT-1737,USR-48085,Midwest,2026-06-18 14:03:00,Login Issue,Low,Closed,Customer inquiry regarding login issue issue.
TKT-1738,USR-25191,Midwest,2026-06-18 11:51:00,Bug Report,Medium,Open,Customer inquiry regarding bug report issue.
TKT-1739,USR-96947,Midwest,2026-06-18 03:54:00,Login Issue,Low,Closed,Customer inquiry regarding login issue issue.
TKT-1740,USR-91501,Midwest,2026-06-18 20:10:00,Billing,Medium,Open,Customer inquiry regarding billing issue.
TKT-1741,USR-54921,Midwest,2026-06-18 08:56:00,Bug Report,Low,Closed,Customer inquiry regarding bug report issue.
TKT-1742,USR-45629,Midwest,2026-06-18 05:07:00,Shipping,Medium,Open,Customer inquiry regarding shipping issue.
TKT-1743,USR-24818,West,2026-06-18 12:44:00,Shipping,Medium,Closed,Customer inquiry regarding shipping issue.
TKT-1744,USR-23593,West,2026-06-18 04:44:00,Bug Report,Low,Closed,Customer inquiry regarding bug report issue.
TKT-1745,USR-98918,West,2026-06-18 13:58:00,Refund Request,Medium,Solved,Customer inquiry regarding refund request issue.
TKT-1746,USR-90131,West,2026-06-18 14:11:00,Refund Request,Medium,Closed,Customer inquiry regarding refund request issue.
TKT-1747,USR-73318,West,2026-06-18 00:55:00,Bug Report,High,Closed,Customer inquiry regarding bug report issue.
TKT-1748,USR-18301,West,2026-06-18 15:07:00,Shipping,Medium,Closed,Customer inquiry regarding shipping issue.
TKT-1749,USR-85582,West,2026-06-18 08:41:00,Billing,Low,Solved,Customer inquiry regarding billing issue.
TKT-1750,USR-78039,West,2026-06-18 23:36:00,Product Question,High,Closed,Customer inquiry regarding product question issue.
TKT-1751,USR-66734,West,2026-06-18 16:44:00,Bug Report,High,Closed,Customer inquiry regarding bug report issue.
TKT-1752,USR-96993,West,2026-06-18 21:46:00,Product Question,Medium,Closed,Customer inquiry regarding product question issue.
TKT-1753,USR-90335,West,2026-06-18 21:41:00,Shipping,Low,Solved,Customer inquiry regarding shipping issue.
TKT-1754,USR-71510,West,2026-06-18 01:00:00,Bug Report,Low,Solved,Customer inquiry regarding bug report issue.
TKT-1755,USR-52026,West,2026-06-18 15:55:00,Product Question,Low,Open,Customer inquiry regarding product question issue.
TKT-1756,USR-62858,Southeast,2026-06-19 01:32:00,Product Question,High,Open,Customer inquiry regarding product question issue.
TKT-1757,USR-68733,Southeast,2026-06-19 07:05:00,Shipping,Medium,Solved,Customer inquiry regarding shipping issue.
TKT-1758,USR-25559,Southeast,2026-06-19 02:54:00,Shipping,Medium,Closed,Customer inquiry regarding shipping issue.
TKT-1759,USR-62879,Southeast,2026-06-19 15:47:00,Bug Report,Low,Closed,Customer inquiry regarding bug report issue.
TKT-1760,USR-21913,Southeast,2026-06-19 13:02:00,Refund Request,High,Closed,Customer inquiry regarding refund request issue.
TKT-1761,USR-83706,Southeast,2026-06-19 19:39:00,Bug Report,Medium,Solved,Customer inquiry regarding bug report issue.
TKT-1762,USR-57624,Southeast,2026-06-19 06:41:00,Bug Report,Medium,Closed,Customer inquiry regarding bug report issue.
TKT-1763,USR-83420,Southeast,2026-06-19 01:52:00,Product Question,Medium,Closed,Customer inquiry regarding product question issue.
TKT-1764,USR-69314,Southeast,2026-06-19 19:38:00,Shipping,High,Closed,Customer inquiry regarding shipping issue.
TKT-1765,USR-54742,Southeast,2026-06-19 03:06:00,Bug Report,Low,Closed,Customer inquiry regarding bug report issue.
TKT-1766,USR-78417,Southeast,2026-06-19 11:53:00,Bug Report,Medium,Solved,Customer inquiry regarding bug report issue.
TKT-1767,USR-74542,Southeast,2026-06-19 11:44:00,Login Issue,Low,Closed,Customer inquiry regarding login issue issue.
TKT-1768,USR-24019,Southeast,2026-06-19 04:52:00,Bug Report,High,Open,Customer inquiry regarding bug report issue.
TKT-1769,USR-61497,Southeast,2026-06-19 08:39:00,Product Question,Low,Closed,Customer inquiry regarding product question issue.
TKT-1770,USR-24125,Southeast,2026-06-19 06:29:00,Product Question,High,Closed,Customer inquiry regarding product question issue.
TKT-1771,USR-26150,Northeast,2026-06-19 13:02:00,Bug Report,High,Solved,Customer inquiry regarding bug report issue.
TKT-1772,USR-27647,Northeast,2026-06-19 14:29:00,Bug Report,High,Solved,Customer inquiry regarding bug report issue.
TKT-1773,USR-82512,Northeast,2026-06-19 15:00:00,Refund Request,High,Closed,Customer inquiry regarding refund request issue.
TKT-1774,USR-33226,Northeast,2026-06-19 13:53:00,Refund Request,Medium,Solved,Customer inquiry regarding refund request issue.
TKT-1775,USR-23573,Northeast,2026-06-19 22:37:00,Product Question,High,Closed,Customer inquiry regarding product question issue.
TKT-1776,USR-76074,Northeast,2026-06-19 12:42:00,Refund Request,High,Closed,Customer inquiry regarding refund request issue.
TKT-1777,USR-45860,Northeast,2026-06-19 12:26:00,Refund Request,High,Closed,Customer inquiry regarding refund request issue.
TKT-1778,USR-28111,Northeast,2026-06-19 12:21:00,Billing,Medium,Closed,Customer inquiry regarding billing issue.
TKT-1779,USR-49179,Northeast,2026-06-19 13:38:00,Bug Report,High,Solved,Customer inquiry regarding bug report issue.
TKT-1780,USR-92913,Northeast,2026-06-19 22:35:00,Billing,High,Solved,Customer inquiry regarding billing issue.
TKT-1781,USR-99995,Northeast,2026-06-19 06:12:00,Product Question,High,Closed,Customer inquiry regarding product question issue.
TKT-1782,USR-76046,Northeast,2026-06-19 11:58:00,Bug Report,Low,Closed,Customer inquiry regarding bug report issue.
TKT-1783,USR-56168,Northeast,2026-06-19 17:44:00,Bug Report,Medium,Closed,Customer inquiry regarding bug report issue.
TKT-1784,USR-98374,Northeast,2026-06-19 17:30:00,Refund Request,High,Open,Customer inquiry regarding refund request issue.
TKT-1785,USR-11673,Northeast,2026-06-19 23:57:00,Refund Request,Medium,Open,Customer inquiry regarding refund request issue.
TKT-1786,USR-16955,Northeast,2026-06-19 16:06:00,Login Issue,Medium,Closed,Customer inquiry regarding login issue issue.
TKT-1787,USR-47567,Northeast,2026-06-19 21:03:00,Product Question,Medium,Closed,Customer inquiry regarding product question issue.
TKT-1788,USR-36738,Northeast,2026-06-19 21:16:00,Product Question,Low,Closed,Customer inquiry regarding product question issue.
TKT-1789,USR-90754,Northeast,2026-06-19 17:02:00,Billing,Medium,Closed,Customer inquiry regarding billing issue.
TKT-1790,USR-41142,Midwest,2026-06-19 07:47:00,Bug Report,High,Open,Customer inquiry regarding bug report issue.
TKT-1791,USR-60014,Midwest,2026-06-19 16:50:00,Bug Report,Medium,Closed,Customer inquiry regarding bug report issue.
TKT-1792,USR-17051,Midwest,2026-06-19 12:26:00,Bug Report,Medium,Solved,Customer inquiry regarding bug report issue.
TKT-1793,USR-68073,Midwest,2026-06-19 00:47:00,Billing,Low,Solved,Customer inquiry regarding billing issue.
TKT-1794,USR-87120,Midwest,2026-06-19 07:58:00,Bug Report,High,Closed,Customer inquiry regarding bug report issue.
TKT-1795,USR-48558,Midwest,2026-06-19 17:47:00,Refund Request,Low,Closed,Customer inquiry regarding refund request issue.
TKT-1796,USR-32779,Midwest,2026-06-19 14:11:00,Bug Report,Low,Closed,Customer inquiry regarding bug report issue.
TKT-1797,USR-66165,Midwest,2026-06-19 23:32:00,Login Issue,Medium,Closed,Customer inquiry regarding login issue issue.
TKT-1798,USR-86544,Midwest,2026-06-19 08:35:00,Billing,Low,Closed,Customer inquiry regarding billing issue.
TKT-1799,USR-15235,Midwest,2026-06-19 08:00:00,Billing,Medium,Closed,Customer inquiry regarding billing issue.
TKT-1800,USR-91968,Midwest,2026-06-19 04:59:00,Billing,High,Closed,Customer inquiry regarding billing issue.
TKT-1801,USR-85061,West,2026-06-19 19:53:00,Bug Report,Medium,Open,Customer inquiry regarding bug report issue.
TKT-1802,USR-78864,West,2026-06-19 17:22:00,Login Issue,High,Closed,Customer inquiry regarding login issue issue.
TKT-1803,USR-30889,West,2026-06-19 07:11:00,Refund Request,Low,Solved,Customer inquiry regarding refund request issue.
TKT-1804,USR-55796,West,2026-06-19 13:34:00,Refund Request,Medium,Closed,Customer inquiry regarding refund request issue.
TKT-1805,USR-53393,West,2026-06-19 07:56:00,Product Question,High,Closed,Customer inquiry regarding product question issue.
TKT-1806,USR-72240,West,2026-06-19 11:18:00,Product Question,High,Solved,Customer inquiry regarding product question issue.
TKT-1807,USR-68414,Southeast,2026-06-20 20:00:00,Login Issue,High,Closed,Customer inquiry regarding login issue issue.
TKT-1808,USR-41958,Southeast,2026-06-20 07:57:00,Bug Report,High,Solved,Customer inquiry regarding bug report issue.
TKT-1809,USR-60577,Southeast,2026-06-20 01:43:00,Billing,Medium,Closed,Customer inquiry regarding billing issue.
TKT-1810,USR-77746,Southeast,2026-06-20 08:34:00,Bug Report,Medium,Closed,Customer inquiry regarding bug report issue.
TKT-1811,USR-15747,Southeast,2026-06-20 11:32:00,Refund Request,Medium,Open,Customer inquiry regarding refund request issue.
TKT-1812,USR-77357,Southeast,2026-06-20 09:57:00,Bug Report,Low,Closed,Customer inquiry regarding bug report issue.
TKT-1813,USR-10960,Southeast,2026-06-20 02:06:00,Product Question,High,Solved,Customer inquiry regarding product question issue.
TKT-1814,USR-99837,Southeast,2026-06-20 20:04:00,Product Question,High,Closed,Customer inquiry regarding product question issue.
TKT-1815,USR-67047,Southeast,2026-06-20 13:53:00,Login Issue,Low,Solved,Customer inquiry regarding login issue issue.
TKT-1816,USR-13113,Southeast,2026-06-20 20:52:00,Login Issue,High,Closed,Customer inquiry regarding login issue issue.
TKT-1817,USR-19600,Southeast,2026-06-20 14:45:00,Billing,Low,Closed,Customer inquiry regarding billing issue.
TKT-1818,USR-85361,Southeast,2026-06-20 01:11:00,Billing,High,Closed,Customer inquiry regarding billing issue.
TKT-1819,USR-69129,Southeast,2026-06-20 07:58:00,Billing,Medium,Open,Customer inquiry regarding billing issue.
TKT-1820,USR-61052,Southeast,2026-06-20 20:25:00,Shipping,Medium,Closed,Customer inquiry regarding shipping issue.
TKT-1821,USR-18288,Southeast,2026-06-20 21:07:00,Refund Request,Low,Solved,Customer inquiry regarding refund request issue.
TKT-1822,USR-56884,Southeast,2026-06-20 23:37:00,Login Issue,High,Closed,Customer inquiry regarding login issue issue.
TKT-1823,USR-89503,Southeast,2026-06-20 16:06:00,Billing,High,Closed,Customer inquiry regarding billing issue.
TKT-1824,USR-96602,Southeast,2026-06-20 02:18:00,Shipping,Medium,Open,Customer inquiry regarding shipping issue.
TKT-1825,USR-27875,Southeast,2026-06-20 00:30:00,Product Question,High,Closed,Customer inquiry regarding product question issue.
TKT-1826,USR-49066,Southeast,2026-06-20 23:25:00,Refund Request,Medium,Closed,Customer inquiry regarding refund request issue.
TKT-1827,USR-11461,Northeast,2026-06-20 21:56:00,Bug Report,High,Closed,Customer inquiry regarding bug report issue.
TKT-1828,USR-15475,Northeast,2026-06-20 17:55:00,Refund Request,Low,Closed,Customer inquiry regarding refund request issue.
TKT-1829,USR-81765,Northeast,2026-06-20 00:36:00,Refund Request,Medium,Solved,Customer inquiry regarding refund request issue.
TKT-1830,USR-37752,Northeast,2026-06-20 02:19:00,Product Question,High,Closed,Customer inquiry regarding product question issue.
TKT-1831,USR-31096,Northeast,2026-06-20 13:57:00,Bug Report,High,Closed,Customer inquiry regarding bug report issue.
TKT-1832,USR-25023,Northeast,2026-06-20 05:14:00,Refund Request,Medium,Closed,Customer inquiry regarding refund request issue.
TKT-1833,USR-70458,Northeast,2026-06-20 05:42:00,Refund Request,Low,Solved,Customer inquiry regarding refund request issue.
TKT-1834,USR-42858,Northeast,2026-06-20 20:35:00,Login Issue,Medium,Closed,Customer inquiry regarding login issue issue.
TKT-1835,USR-53365,Northeast,2026-06-20 03:12:00,Bug Report,High,Open,Customer inquiry regarding bug report issue.
TKT-1836,USR-23113,Northeast,2026-06-20 11:08:00,Bug Report,High,Closed,Customer inquiry regarding bug report issue.
TKT-1837,USR-73682,Northeast,2026-06-20 09:39:00,Login Issue,Low,Closed,Customer inquiry regarding login issue issue.
TKT-1838,USR-84299,Midwest,2026-06-20 09:44:00,Refund Request,Low,Solved,Customer inquiry regarding refund request issue.
TKT-1839,USR-10633,Midwest,2026-06-20 11:51:00,Billing,Medium,Closed,Customer inquiry regarding billing issue.
TKT-1840,USR-46264,Midwest,2026-06-20 10:15:00,Product Question,High,Open,Customer inquiry regarding product question issue.
TKT-1841,USR-72908,Midwest,2026-06-20 11:08:00,Bug Report,High,Closed,Customer inquiry regarding bug report issue.
TKT-1842,USR-82308,West,2026-06-20 14:28:00,Billing,Medium,Open,Customer inquiry regarding billing issue.
TKT-1843,USR-46780,West,2026-06-20 03:11:00,Bug Report,High,Closed,Customer inquiry regarding bug report issue.
TKT-1844,USR-92132,West,2026-06-20 04:57:00,Refund Request,Low,Closed,Customer inquiry regarding refund request issue.
TKT-1845,USR-92788,West,2026-06-20 02:46:00,Login Issue,Low,Solved,Customer inquiry regarding login issue issue.
TKT-1846,USR-87337,West,2026-06-20 00:52:00,Refund Request,High,Open,Customer inquiry regarding refund request issue.
TKT-1847,USR-81233,West,2026-06-20 06:58:00,Login Issue,High,Closed,Customer inquiry regarding login issue issue.
TKT-1848,USR-61445,West,2026-06-20 17:30:00,Bug Report,Low,Closed,Customer inquiry regarding bug report issue.
TKT-1849,USR-27548,West,2026-06-20 07:57:00,Refund Request,High,Closed,Customer inquiry regarding refund request issue.
TKT-1850,USR-57692,West,2026-06-20 14:32:00,Refund Request,Low,Open,Customer inquiry regarding refund request issue.
TKT-1851,USR-99674,West,2026-06-20 16:00:00,Bug Report,Low,Solved,Customer inquiry regarding bug report issue.
TKT-1852,USR-30869,West,2026-06-20 05:48:00,Refund Request,Low,Open,Customer inquiry regarding refund request issue.
TKT-1853,USR-57028,Southeast,2026-06-21 21:55:00,Product Question,High,Open,Customer inquiry regarding product question issue.
TKT-1854,USR-44649,Southeast,2026-06-21 01:14:00,Shipping,Low,Closed,Customer inquiry regarding shipping issue.
TKT-1855,USR-77880,Southeast,2026-06-21 11:14:00,Login Issue,High,Closed,Customer inquiry regarding login issue issue.
TKT-1856,USR-15230,Southeast,2026-06-21 11:24:00,Shipping,Medium,Closed,Customer inquiry regarding shipping issue.
TKT-1857,USR-93042,Southeast,2026-06-21 20:20:00,Login Issue,High,Solved,Customer inquiry regarding login issue issue.
TKT-1858,USR-81349,Southeast,2026-06-21 08:53:00,Bug Report,Medium,Solved,Customer inquiry regarding bug report issue.
TKT-1859,USR-57880,Southeast,2026-06-21 18:11:00,Shipping,High,Open,Customer inquiry regarding shipping issue.
TKT-1860,USR-59326,Southeast,2026-06-21 18:41:00,Login Issue,High,Closed,Customer inquiry regarding login issue issue.
TKT-1861,USR-73813,Southeast,2026-06-21 07:33:00,Shipping,Medium,Closed,Customer inquiry regarding shipping issue.
TKT-1862,USR-28214,Southeast,2026-06-21 15:56:00,Refund Request,Low,Solved,Customer inquiry regarding refund request issue.
TKT-1863,USR-94341,Southeast,2026-06-21 14:10:00,Product Question,Low,Solved,Customer inquiry regarding product question issue.
TKT-1864,USR-57477,Southeast,2026-06-21 08:13:00,Product Question,Low,Closed,Customer inquiry regarding product question issue.
TKT-1865,USR-64344,Southeast,2026-06-21 19:45:00,Login Issue,High,Closed,Customer inquiry regarding login issue issue.
TKT-1866,USR-72786,Southeast,2026-06-21 10:46:00,Login Issue,Medium,Open,Customer inquiry regarding login issue issue.
TKT-1867,USR-12942,Southeast,2026-06-21 06:37:00,Product Question,High,Open,Customer inquiry regarding product question issue.
TKT-1868,USR-31119,Southeast,2026-06-21 07:02:00,Product Question,High,Solved,Customer inquiry regarding product question issue.
TKT-1869,USR-29249,Southeast,2026-06-21 04:40:00,Refund Request,Low,Solved,Customer inquiry regarding refund request issue.
TKT-1870,USR-63143,Southeast,2026-06-21 01:10:00,Billing,Low,Solved,Customer inquiry regarding billing issue.
TKT-1871,USR-21239,Northeast,2026-06-21 19:36:00,Bug Report,Low,Closed,Customer inquiry regarding bug report issue.
TKT-1872,USR-32356,Northeast,2026-06-21 06:28:00,Refund Request,Medium,Open,Customer inquiry regarding refund request issue.
TKT-1873,USR-86368,Northeast,2026-06-21 07:53:00,Shipping,High,Closed,Customer inquiry regarding shipping issue.
TKT-1874,USR-31983,Northeast,2026-06-21 05:39:00,Bug Report,High,Closed,Customer inquiry regarding bug report issue.
TKT-1875,USR-87410,Northeast,2026-06-21 23:43:00,Billing,Medium,Solved,Customer inquiry regarding billing issue.
TKT-1876,USR-24230,Northeast,2026-06-21 02:14:00,Shipping,Medium,Closed,Customer inquiry regarding shipping issue.
TKT-1877,USR-29603,Northeast,2026-06-21 00:12:00,Refund Request,High,Open,Customer inquiry regarding refund request issue.
TKT-1878,USR-88618,Northeast,2026-06-21 19:06:00,Product Question,Medium,Solved,Customer inquiry regarding product question issue.
TKT-1879,USR-22214,Northeast,2026-06-21 01:56:00,Refund Request,High,Closed,Customer inquiry regarding refund request issue.
TKT-1880,USR-10157,Northeast,2026-06-21 15:42:00,Product Question,High,Solved,Customer inquiry regarding product question issue.
TKT-1881,USR-58546,Northeast,2026-06-21 21:41:00,Shipping,High,Open,Customer inquiry regarding shipping issue.
TKT-1882,USR-73192,Northeast,2026-06-21 01:44:00,Refund Request,Medium,Closed,Customer inquiry regarding refund request issue.
TKT-1883,USR-22807,Northeast,2026-06-21 12:22:00,Refund Request,High,Solved,Customer inquiry regarding refund request issue.
TKT-1884,USR-20986,Northeast,2026-06-21 13:08:00,Billing,Medium,Closed,Customer inquiry regarding billing issue.
TKT-1885,USR-34775,Northeast,2026-06-21 09:38:00,Refund Request,Medium,Closed,Customer inquiry regarding refund request issue.
TKT-1886,USR-78490,Northeast,2026-06-21 00:45:00,Bug Report,Low,Solved,Customer inquiry regarding bug report issue.
TKT-1887,USR-51405,Northeast,2026-06-21 03:33:00,Login Issue,Medium,Closed,Customer inquiry regarding login issue issue.
TKT-1888,USR-95403,Northeast,2026-06-21 13:23:00,Login Issue,Low,Open,Customer inquiry regarding login issue issue.
TKT-1889,USR-46118,Midwest,2026-06-21 17:27:00,Refund Request,Medium,Solved,Customer inquiry regarding refund request issue.
TKT-1890,USR-83080,Midwest,2026-06-21 21:25:00,Product Question,Medium,Solved,Customer inquiry regarding product question issue.
TKT-1891,USR-73407,Midwest,2026-06-21 15:11:00,Billing,High,Solved,Customer inquiry regarding billing issue.
TKT-1892,USR-28096,Midwest,2026-06-21 08:19:00,Refund Request,Medium,Open,Customer inquiry regarding refund request issue.
TKT-1893,USR-31206,Midwest,2026-06-21 21:07:00,Bug Report,Low,Open,Customer inquiry regarding bug report issue.
TKT-1894,USR-82165,West,2026-06-21 03:13:00,Refund Request,Medium,Closed,Customer inquiry regarding refund request issue.
TKT-1895,USR-31068,West,2026-06-21 19:44:00,Bug Report,High,Closed,Customer inquiry regarding bug report issue.
TKT-1896,USR-71822,West,2026-06-21 12:40:00,Login Issue,Low,Closed,Customer inquiry regarding login issue issue.
TKT-1897,USR-39067,West,2026-06-21 19:27:00,Login Issue,Low,Closed,Customer inquiry regarding login issue issue.
TKT-1898,USR-62513,West,2026-06-21 11:05:00,Refund Request,Low,Open,Customer inquiry regarding refund request issue.
TKT-1899,USR-17531,West,2026-06-21 19:41:00,Refund Request,Medium,Solved,Customer inquiry regarding refund request issue.
TKT-1900,USR-36438,West,2026-06-21 05:40:00,Shipping,Medium,Closed,Customer inquiry regarding shipping issue.
TKT-1901,USR-14405,West,2026-06-21 21:59:00,Refund Request,Medium,Closed,Customer inquiry regarding refund request issue.
TKT-1902,USR-57151,Southeast,2026-06-22 22:14:00,Refund Request,Low,Closed,Customer inquiry regarding refund request issue.
TKT-1903,USR-46167,Southeast,2026-06-22 07:41:00,Login Issue,Low,Closed,Customer inquiry regarding login issue issue.
TKT-1904,USR-86818,Southeast,2026-06-22 12:22:00,Bug Report,Medium,Open,Customer inquiry regarding bug report issue.
TKT-1905,USR-21818,Southeast,2026-06-22 06:33:00,Login Issue,High,Closed,Customer inquiry regarding login issue issue.
TKT-1906,USR-55625,Southeast,2026-06-22 17:18:00,Bug Report,High,Solved,Customer inquiry regarding bug report issue.
TKT-1907,USR-35496,Southeast,2026-06-22 11:52:00,Billing,Low,Solved,Customer inquiry regarding billing issue.
TKT-1908,USR-44223,Southeast,2026-06-22 14:59:00,Shipping,High,Closed,Customer inquiry regarding shipping issue.
TKT-1909,USR-19487,Southeast,2026-06-22 05:26:00,Refund Request,Low,Solved,Customer inquiry regarding refund request issue.
TKT-1910,USR-43776,Southeast,2026-06-22 16:18:00,Billing,Low,Solved,Customer inquiry regarding billing issue.
TKT-1911,USR-59424,Southeast,2026-06-22 17:52:00,Refund Request,Medium,Open,Customer inquiry regarding refund request issue.
TKT-1912,USR-99337,Southeast,2026-06-22 18:30:00,Product Question,Medium,Open,Customer inquiry regarding product question issue.
TKT-1913,USR-25239,Southeast,2026-06-22 14:57:00,Refund Request,Low,Open,Customer inquiry regarding refund request issue.
TKT-1914,USR-98724,Southeast,2026-06-22 08:04:00,Shipping,High,Closed,Customer inquiry regarding shipping issue.
TKT-1915,USR-77699,Southeast,2026-06-22 22:14:00,Billing,Medium,Closed,Customer inquiry regarding billing issue.
TKT-1916,USR-47655,Southeast,2026-06-22 17:00:00,Bug Report,Medium,Closed,Customer inquiry regarding bug report issue.
TKT-1917,USR-19965,Northeast,2026-06-22 02:25:00,Bug Report,High,Closed,Customer inquiry regarding bug report issue.
TKT-1918,USR-56338,Northeast,2026-06-22 17:59:00,Product Question,Medium,Closed,Customer inquiry regarding product question issue.
TKT-1919,USR-99536,Northeast,2026-06-22 06:57:00,Refund Request,Medium,Closed,Customer inquiry regarding refund request issue.
TKT-1920,USR-41726,Northeast,2026-06-22 06:31:00,Bug Report,Low,Closed,Customer inquiry regarding bug report issue.
TKT-1921,USR-91080,Northeast,2026-06-22 08:13:00,Product Question,Low,Closed,Customer inquiry regarding product question issue.
TKT-1922,USR-98580,Northeast,2026-06-22 11:09:00,Login Issue,Low,Closed,Customer inquiry regarding login issue issue.
TKT-1923,USR-15539,Northeast,2026-06-22 21:31:00,Refund Request,Low,Solved,Customer inquiry regarding refund request issue.
TKT-1924,USR-85303,Northeast,2026-06-22 15:23:00,Refund Request,Medium,Open,Customer inquiry regarding refund request issue.
TKT-1925,USR-26809,Midwest,2026-06-22 16:17:00,Shipping,Low,Solved,Customer inquiry regarding shipping issue.
TKT-1926,USR-14268,Midwest,2026-06-22 01:33:00,Shipping,Medium,Solved,Customer inquiry regarding shipping issue.
TKT-1927,USR-69925,Midwest,2026-06-22 16:22:00,Shipping,High,Closed,Customer inquiry regarding shipping issue.
TKT-1928,USR-11103,Midwest,2026-06-22 03:44:00,Refund Request,Medium,Closed,Customer inquiry regarding refund request issue.
TKT-1929,USR-23205,Midwest,2026-06-22 00:43:00,Product Question,Medium,Solved,Customer inquiry regarding product question issue.
TKT-1930,USR-81901,Midwest,2026-06-22 10:23:00,Refund Request,Medium,Closed,Customer inquiry regarding refund request issue.
TKT-1931,USR-54970,Midwest,2026-06-22 08:15:00,Billing,Medium,Solved,Customer inquiry regarding billing issue.
TKT-1932,USR-64931,Midwest,2026-06-22 11:11:00,Shipping,Medium,Closed,Customer inquiry regarding shipping issue.
TKT-1933,USR-46651,Midwest,2026-06-22 22:48:00,Billing,Medium,Open,Customer inquiry regarding billing issue.
TKT-1934,USR-99916,Midwest,2026-06-22 14:11:00,Refund Request,Low,Solved,Customer inquiry regarding refund request issue.
TKT-1935,USR-40907,West,2026-06-22 07:52:00,Login Issue,High,Closed,Customer inquiry regarding login issue issue.
TKT-1936,USR-29601,West,2026-06-22 17:27:00,Shipping,Low,Closed,Customer inquiry regarding shipping issue.
TKT-1937,USR-75483,West,2026-06-22 15:51:00,Login Issue,Low,Open,Customer inquiry regarding login issue issue.
TKT-1938,USR-51383,West,2026-06-22 04:57:00,Bug Report,High,Solved,Customer inquiry regarding bug report issue.
TKT-1939,USR-16253,West,2026-06-22 15:19:00,Billing,High,Solved,Customer inquiry regarding billing issue.
TKT-1940,USR-38241,West,2026-06-22 12:06:00,Bug Report,Low,Closed,Customer inquiry regarding bug report issue.
TKT-1941,USR-53864,West,2026-06-22 08:30:00,Bug Report,Low,Open,Customer inquiry regarding bug report issue.
TKT-1942,USR-63970,Southeast,2026-06-23 17:59:00,Billing,Medium,Closed,Customer inquiry regarding billing issue.
TKT-1943,USR-85609,Southeast,2026-06-23 03:22:00,Bug Report,High,Closed,Customer inquiry regarding bug report issue.
TKT-1944,USR-47304,Southeast,2026-06-23 18:41:00,Bug Report,High,Closed,Customer inquiry regarding bug report issue.
TKT-1945,USR-68580,Southeast,2026-06-23 11:20:00,Bug Report,High,Open,Customer inquiry regarding bug report issue.
TKT-1946,USR-92799,Southeast,2026-06-23 02:24:00,Refund Request,Medium,Open,Customer inquiry regarding refund request issue.
TKT-1947,USR-65288,Southeast,2026-06-23 04:55:00,Product Question,High,Closed,Customer inquiry regarding product question issue.
TKT-1948,USR-20369,Southeast,2026-06-23 20:39:00,Refund Request,Medium,Closed,Customer inquiry regarding refund request issue.
TKT-1949,USR-95591,Southeast,2026-06-23 05:21:00,Product Question,Medium,Closed,Customer inquiry regarding product question issue.
TKT-1950,USR-45553,Southeast,2026-06-23 09:45:00,Billing,High,Open,Customer inquiry regarding billing issue.
TKT-1951,USR-78280,Southeast,2026-06-23 14:49:00,Billing,High,Solved,Customer inquiry regarding billing issue.
TKT-1952,USR-26389,Southeast,2026-06-23 14:26:00,Product Question,Low,Closed,Customer inquiry regarding product question issue.
TKT-1953,USR-37600,Southeast,2026-06-23 23:15:00,Bug Report,Medium,Closed,Customer inquiry regarding bug report issue.
TKT-1954,USR-72021,Southeast,2026-06-23 05:25:00,Login Issue,Low,Closed,Customer inquiry regarding login issue issue.
TKT-1955,USR-20911,Southeast,2026-06-23 17:03:00,Login Issue,Medium,Solved,Customer inquiry regarding login issue issue.
TKT-1956,USR-95830,Northeast,2026-06-23 03:16:00,Refund Request,Low,Closed,Customer inquiry regarding refund request issue.
TKT-1957,USR-68085,Northeast,2026-06-23 12:19:00,Product Question,Low,Closed,Customer inquiry regarding product question issue.
TKT-1958,USR-13744,Northeast,2026-06-23 20:08:00,Product Question,High,Closed,Customer inquiry regarding product question issue.
TKT-1959,USR-71235,Northeast,2026-06-23 01:42:00,Billing,Medium,Open,Customer inquiry regarding billing issue.
TKT-1960,USR-27709,Northeast,2026-06-23 17:59:00,Billing,High,Open,Customer inquiry regarding billing issue.
TKT-1961,USR-69840,Northeast,2026-06-23 22:34:00,Product Question,High,Solved,Customer inquiry regarding product question issue.
TKT-1962,USR-78610,Northeast,2026-06-23 20:47:00,Bug Report,High,Open,Customer inquiry regarding bug report issue.
TKT-1963,USR-73131,Northeast,2026-06-23 20:40:00,Refund Request,Medium,Closed,Customer inquiry regarding refund request issue.
TKT-1964,USR-57943,Northeast,2026-06-23 17:14:00,Login Issue,Medium,Closed,Customer inquiry regarding login issue issue.
TKT-1965,USR-10012,Northeast,2026-06-23 13:16:00,Product Question,Medium,Closed,Customer inquiry regarding product question issue.
TKT-1966,USR-71498,Northeast,2026-06-23 16:52:00,Product Question,Medium,Closed,Customer inquiry regarding product question issue.
TKT-1967,USR-49270,Northeast,2026-06-23 17:00:00,Bug Report,Medium,Open,Customer inquiry regarding bug report issue.
TKT-1968,USR-40305,Northeast,2026-06-23 00:49:00,Shipping,Medium,Solved,Customer inquiry regarding shipping issue.
TKT-1969,USR-83472,Northeast,2026-06-23 00:35:00,Billing,Low,Open,Customer inquiry regarding billing issue.
TKT-1970,USR-38913,Midwest,2026-06-23 22:47:00,Bug Report,Medium,Open,Customer inquiry regarding bug report issue.
TKT-1971,USR-77713,Midwest,2026-06-23 08:05:00,Shipping,High,Closed,Customer inquiry regarding shipping issue.
TKT-1972,USR-47313,Midwest,2026-06-23 19:51:00,Bug Report,High,Closed,Customer inquiry regarding bug report issue.
TKT-1973,USR-34641,Midwest,2026-06-23 20:47:00,Refund Request,Medium,Open,Customer inquiry regarding refund request issue.
TKT-1974,USR-93478,Midwest,2026-06-23 02:11:00,Product Question,Medium,Closed,Customer inquiry regarding product question issue.
TKT-1975,USR-74486,West,2026-06-23 14:39:00,Shipping,Medium,Solved,Customer inquiry regarding shipping issue.
TKT-1976,USR-80119,West,2026-06-23 06:20:00,Login Issue,Low,Closed,Customer inquiry regarding login issue issue.
TKT-1977,USR-26389,West,2026-06-23 00:11:00,Login Issue,Medium,Closed,Customer inquiry regarding login issue issue.
TKT-1978,USR-21822,West,2026-06-23 22:28:00,Bug Report,Low,Closed,Customer inquiry regarding bug report issue.
TKT-1979,USR-65082,West,2026-06-23 04:00:00,Shipping,Low,Closed,Customer inquiry regarding shipping issue.
TKT-1980,USR-14159,West,2026-06-23 09:50:00,Shipping,Medium,Open,Customer inquiry regarding shipping issue.
TKT-1981,USR-61435,West,2026-06-23 10:05:00,Product Question,Low,Closed,Customer inquiry regarding product question issue.
TKT-1982,USR-42778,West,2026-06-23 02:34:00,Shipping,Low,Closed,Customer inquiry regarding shipping issue.
TKT-1983,USR-60436,West,2026-06-23 12:53:00,Login Issue,Low,Closed,Customer inquiry regarding login issue issue.
TKT-1984,USR-70402,West,2026-06-23 14:15:00,Bug Report,Low,Closed,Customer inquiry regarding bug report issue.
TKT-1985,USR-52344,Southeast,2026-06-24 21:13:00,Shipping,Medium,Closed,Customer inquiry regarding shipping issue.
TKT-1986,USR-78278,Southeast,2026-06-24 05:40:00,Bug Report,Low,Solved,Customer inquiry regarding bug report issue.
TKT-1987,USR-36047,Southeast,2026-06-24 03:16:00,Shipping,High,Closed,Customer inquiry regarding shipping issue.
TKT-1988,USR-24801,Southeast,2026-06-24 11:56:00,Login Issue,High,Closed,Customer inquiry regarding login issue issue.
TKT-1989,USR-31936,Southeast,2026-06-24 07:40:00,Shipping,Medium,Closed,Customer inquiry regarding shipping issue.
TKT-1990,USR-11170,Southeast,2026-06-24 08:37:00,Login Issue,Medium,Closed,Customer inquiry regarding login issue issue.
TKT-1991,USR-30315,Southeast,2026-06-24 01:37:00,Bug Report,Medium,Solved,Customer inquiry regarding bug report issue.
TKT-1992,USR-75525,Southeast,2026-06-24 11:49:00,Login Issue,Low,Closed,Customer inquiry regarding login issue issue.
TKT-1993,USR-17834,Southeast,2026-06-24 02:43:00,Refund Request,Medium,Closed,Customer inquiry regarding refund request issue.
TKT-1994,USR-24076,Southeast,2026-06-24 11:41:00,Product Question,High,Solved,Customer inquiry regarding product question issue.
TKT-1995,USR-94495,Southeast,2026-06-24 04:31:00,Product Question,Medium,Solved,Customer inquiry regarding product question issue.
TKT-1996,USR-12798,Southeast,2026-06-24 11:51:00,Shipping,High,Closed,Customer inquiry regarding shipping issue.
TKT-1997,USR-42859,Southeast,2026-06-24 22:24:00,Billing,High,Closed,Customer inquiry regarding billing issue.
TKT-1998,USR-48628,Southeast,2026-06-24 01:31:00,Bug Report,Medium,Solved,Customer inquiry regarding bug report issue.
TKT-1999,USR-34461,Northeast,2026-06-24 17:44:00,Shipping,Low,Solved,Customer inquiry regarding shipping issue.
TKT-2000,USR-46087,Northeast,2026-06-24 17:22:00,Billing,High,Open,Customer inquiry regarding billing issue.
TKT-2001,USR-79617,Northeast,2026-06-24 19:58:00,Refund Request,Low,Closed,Customer inquiry regarding refund request issue.
TKT-2002,USR-58118,Northeast,2026-06-24 04:28:00,Billing,Medium,Solved,Customer inquiry regarding billing issue.
TKT-2003,USR-34318,Northeast,2026-06-24 14:00:00,Bug Report,High,Open,Customer inquiry regarding bug report issue.
TKT-2004,USR-52034,Northeast,2026-06-24 00:39:00,Billing,High,Closed,Customer inquiry regarding billing issue.
TKT-2005,USR-34886,Northeast,2026-06-24 23:04:00,Bug Report,High,Open,Customer inquiry regarding bug report issue.
TKT-2006,USR-90352,Northeast,2026-06-24 16:43:00,Shipping,High,Closed,Customer inquiry regarding shipping issue.
TKT-2007,USR-24478,Northeast,2026-06-24 09:20:00,Shipping,High,Closed,Customer inquiry regarding shipping issue.
TKT-2008,USR-27009,Northeast,2026-06-24 03:33:00,Bug Report,Low,Closed,Customer inquiry regarding bug report issue.
TKT-2009,USR-84843,Midwest,2026-06-24 03:31:00,Product Question,Low,Closed,Customer inquiry regarding product question issue.
TKT-2010,USR-78920,Midwest,2026-06-24 20:53:00,Shipping,High,Open,Customer inquiry regarding shipping issue.
TKT-2011,USR-58018,Midwest,2026-06-24 19:44:00,Refund Request,Medium,Closed,Customer inquiry regarding refund request issue.
TKT-2012,USR-37359,Midwest,2026-06-24 07:38:00,Bug Report,Low,Closed,Customer inquiry regarding bug report issue.
TKT-2013,USR-57307,Midwest,2026-06-24 20:31:00,Login Issue,Medium,Closed,Customer inquiry regarding login issue issue.
TKT-2014,USR-90862,Midwest,2026-06-24 17:47:00,Shipping,Medium,Closed,Customer inquiry regarding shipping issue.
TKT-2015,USR-49833,Midwest,2026-06-24 08:33:00,Login Issue,High,Closed,Customer inquiry regarding login issue issue.
TKT-2016,USR-40279,Midwest,2026-06-24 02:13:00,Refund Request,Low,Closed,Customer inquiry regarding refund request issue.
TKT-2017,USR-96098,West,2026-06-24 17:24:00,Product Question,Low,Solved,Customer inquiry regarding product question issue.
TKT-2018,USR-83156,West,2026-06-24 07:36:00,Bug Report,Low,Solved,Customer inquiry regarding bug report issue.
TKT-2019,USR-56918,West,2026-06-24 13:47:00,Login Issue,High,Solved,Customer inquiry regarding login issue issue.
TKT-2020,USR-23644,West,2026-06-24 21:29:00,Bug Report,High,Open,Customer inquiry regarding bug report issue.
TKT-2021,USR-76151,West,2026-06-24 05:50:00,Product Question,High,Open,Customer inquiry regarding product question issue.
TKT-2022,USR-68066,West,2026-06-24 10:42:00,Product Question,High,Solved,Customer inquiry regarding product question issue.
TKT-2023,USR-58722,West,2026-06-24 11:57:00,Billing,High,Closed,Customer inquiry regarding billing issue.
TKT-2024,USR-89745,West,2026-06-24 13:48:00,Bug Report,Medium,Closed,Customer inquiry regarding bug report issue.
TKT-2025,USR-82120,West,2026-06-24 07:36:00,Refund Request,Low,Open,Customer inquiry regarding refund request issue.
TKT-2026,USR-62047,West,2026-06-24 23:16:00,Billing,Medium,Open,Customer inquiry regarding billing issue.
TKT-2027,USR-49562,Southeast,2026-06-25 09:38:00,Login Issue,High,Closed,Customer inquiry regarding login issue issue.
TKT-2028,USR-12844,Southeast,2026-06-25 00:19:00,Product Question,Low,Closed,Customer inquiry regarding product question issue.
TKT-2029,USR-82918,Southeast,2026-06-25 22:52:00,Billing,High,Solved,Customer inquiry regarding billing issue.
TKT-2030,USR-14946,Southeast,2026-06-25 18:59:00,Refund Request,Low,Closed,Customer inquiry regarding refund request issue.
TKT-2031,USR-58114,Southeast,2026-06-25 14:22:00,Product Question,Low,Closed,Customer inquiry regarding product question issue.
TKT-2032,USR-22046,Southeast,2026-06-25 18:15:00,Product Question,Medium,Closed,Customer inquiry regarding product question issue.
TKT-2033,USR-52558,Southeast,2026-06-25 18:25:00,Refund Request,Low,Closed,Customer inquiry regarding refund request issue.
TKT-2034,USR-22499,Southeast,2026-06-25 15:11:00,Shipping,High,Solved,Customer inquiry regarding shipping issue.
TKT-2035,USR-60010,Southeast,2026-06-25 19:41:00,Billing,Low,Solved,Customer inquiry regarding billing issue.
TKT-2036,USR-66925,Southeast,2026-06-25 02:49:00,Login Issue,Medium,Closed,Customer inquiry regarding login issue issue.
TKT-2037,USR-11498,Southeast,2026-06-25 13:59:00,Login Issue,Low,Solved,Customer inquiry regarding login issue issue.
TKT-2038,USR-49948,Southeast,2026-06-25 20:49:00,Bug Report,Medium,Closed,Customer inquiry regarding bug report issue.
TKT-2039,USR-29605,Southeast,2026-06-25 16:02:00,Billing,High,Solved,Customer inquiry regarding billing issue.
TKT-2040,USR-16621,Southeast,2026-06-25 10:32:00,Bug Report,Low,Closed,Customer inquiry regarding bug report issue.
TKT-2041,USR-85399,Southeast,2026-06-25 21:46:00,Shipping,Medium,Solved,Customer inquiry regarding shipping issue.
TKT-2042,USR-61684,Northeast,2026-06-25 16:05:00,Product Question,Medium,Closed,Customer inquiry regarding product question issue.
TKT-2043,USR-84899,Northeast,2026-06-25 04:08:00,Billing,Low,Open,Customer inquiry regarding billing issue.
TKT-2044,USR-21151,Northeast,2026-06-25 23:03:00,Refund Request,Medium,Closed,Customer inquiry regarding refund request issue.
TKT-2045,USR-27677,Northeast,2026-06-25 12:32:00,Shipping,High,Closed,Customer inquiry regarding shipping issue.
TKT-2046,USR-95491,Northeast,2026-06-25 15:35:00,Product Question,Medium,Open,Customer inquiry regarding product question issue.
TKT-2047,USR-42275,Northeast,2026-06-25 18:12:00,Refund Request,High,Solved,Customer inquiry regarding refund request issue.
TKT-2048,USR-99749,Northeast,2026-06-25 07:04:00,Billing,Medium,Closed,Customer inquiry regarding billing issue.
TKT-2049,USR-65514,Northeast,2026-06-25 18:05:00,Login Issue,High,Open,Customer inquiry regarding login issue issue.
TKT-2050,USR-87840,Northeast,2026-06-25 11:22:00,Product Question,Medium,Closed,Customer inquiry regarding product question issue.
TKT-2051,USR-90769,Northeast,2026-06-25 20:01:00,Billing,Low,Closed,Customer inquiry regarding billing issue.
TKT-2052,USR-40603,Northeast,2026-06-25 14:39:00,Product Question,Medium,Closed,Customer inquiry regarding product question issue.
TKT-2053,USR-24728,Northeast,2026-06-25 06:43:00,Billing,Low,Closed,Customer inquiry regarding billing issue.
TKT-2054,USR-54993,Midwest,2026-06-25 19:59:00,Product Question,Medium,Closed,Customer inquiry regarding product question issue.
TKT-2055,USR-71759,Midwest,2026-06-25 22:51:00,Login Issue,Medium,Open,Customer inquiry regarding login issue issue.
TKT-2056,USR-37770,Midwest,2026-06-25 00:21:00,Product Question,High,Solved,Customer inquiry regarding product question issue.
TKT-2057,USR-73311,Midwest,2026-06-25 06:34:00,Refund Request,Medium,Solved,Customer inquiry regarding refund request issue.
TKT-2058,USR-59362,Midwest,2026-06-25 19:46:00,Product Question,High,Closed,Customer inquiry regarding product question issue.
TKT-2059,USR-43483,Midwest,2026-06-25 18:57:00,Bug Report,High,Closed,Customer inquiry regarding bug report issue.
TKT-2060,USR-45557,Midwest,2026-06-25 05:03:00,Billing,Low,Solved,Customer inquiry regarding billing issue.
TKT-2061,USR-60940,West,2026-06-25 01:29:00,Bug Report,Low,Closed,Customer inquiry regarding bug report issue.
TKT-2062,USR-24141,West,2026-06-25 21:17:00,Bug Report,High,Closed,Customer inquiry regarding bug report issue.
TKT-2063,USR-59899,West,2026-06-25 00:18:00,Bug Report,Medium,Closed,Customer inquiry regarding bug report issue.
TKT-2064,USR-88263,West,2026-06-25 16:45:00,Login Issue,Medium,Open,Customer inquiry regarding login issue issue.
TKT-2065,USR-70029,West,2026-06-25 17:05:00,Product Question,Low,Solved,Customer inquiry regarding product question issue.
TKT-2066,USR-42426,West,2026-06-25 17:59:00,Bug Report,Low,Closed,Customer inquiry regarding bug report issue.
TKT-2067,USR-30578,West,2026-06-25 16:19:00,Billing,Medium,Open,Customer inquiry regarding billing issue.
TKT-2068,USR-46159,Southeast,2026-06-26 11:40:00,Billing,Low,Solved,Customer inquiry regarding billing issue.
TKT-2069,USR-82737,Southeast,2026-06-26 01:40:00,Billing,Medium,Closed,Customer inquiry regarding billing issue.
TKT-2070,USR-96105,Southeast,2026-06-26 08:14:00,Product Question,Medium,Open,Customer inquiry regarding product question issue.
TKT-2071,USR-98866,Southeast,2026-06-26 04:05:00,Bug Report,Medium,Solved,Customer inquiry regarding bug report issue.
TKT-2072,USR-64700,Southeast,2026-06-26 19:55:00,Bug Report,High,Closed,Customer inquiry regarding bug report issue.
TKT-2073,USR-89346,Southeast,2026-06-26 07:36:00,Product Question,Medium,Closed,Customer inquiry regarding product question issue.
TKT-2074,USR-95520,Southeast,2026-06-26 10:28:00,Refund Request,Low,Closed,Customer inquiry regarding refund request issue.
TKT-2075,USR-28102,Southeast,2026-06-26 04:37:00,Refund Request,High,Closed,Customer inquiry regarding refund request issue.
TKT-2076,USR-66369,Southeast,2026-06-26 09:44:00,Bug Report,High,Closed,Customer inquiry regarding bug report issue.
TKT-2077,USR-18888,Southeast,2026-06-26 04:41:00,Refund Request,Low,Closed,Customer inquiry regarding refund request issue.
TKT-2078,USR-51628,Southeast,2026-06-26 17:34:00,Bug Report,Low,Closed,Customer inquiry regarding bug report issue.
TKT-2079,USR-63903,Southeast,2026-06-26 04:46:00,Login Issue,Medium,Open,Customer inquiry regarding login issue issue.
TKT-2080,USR-29917,Southeast,2026-06-26 09:28:00,Bug Report,High,Closed,Customer inquiry regarding bug report issue.
TKT-2081,USR-90213,Southeast,2026-06-26 06:06:00,Product Question,Low,Closed,Customer inquiry regarding product question issue.
TKT-2082,USR-40266,Southeast,2026-06-26 19:17:00,Refund Request,High,Solved,Customer inquiry regarding refund request issue.
TKT-2083,USR-57089,Southeast,2026-06-26 19:14:00,Product Question,High,Closed,Customer inquiry regarding product question issue.
TKT-2084,USR-89260,Southeast,2026-06-26 02:44:00,Shipping,Low,Solved,Customer inquiry regarding shipping issue.
TKT-2085,USR-60785,Southeast,2026-06-26 15:45:00,Bug Report,Medium,Closed,Customer inquiry regarding bug report issue.
TKT-2086,USR-39658,Southeast,2026-06-26 15:30:00,Product Question,Low,Closed,Customer inquiry regarding product question issue.
TKT-2087,USR-39170,Northeast,2026-06-26 01:26:00,Login Issue,Medium,Open,Customer inquiry regarding login issue issue.
TKT-2088,USR-33209,Northeast,2026-06-26 23:42:00,Product Question,Low,Closed,Customer inquiry regarding product question issue.
TKT-2089,USR-69971,Northeast,2026-06-26 14:55:00,Refund Request,Medium,Closed,Customer inquiry regarding refund request issue.
TKT-2090,USR-59856,Northeast,2026-06-26 07:27:00,Shipping,Low,Solved,Customer inquiry regarding shipping issue.
TKT-2091,USR-87831,Northeast,2026-06-26 23:20:00,Shipping,High,Solved,Customer inquiry regarding shipping issue.
TKT-2092,USR-78242,Northeast,2026-06-26 17:33:00,Bug Report,High,Closed,Customer inquiry regarding bug report issue.
TKT-2093,USR-77987,Northeast,2026-06-26 03:28:00,Shipping,Low,Closed,Customer inquiry regarding shipping issue.
TKT-2094,USR-60777,Northeast,2026-06-26 17:25:00,Bug Report,Low,Solved,Customer inquiry regarding bug report issue.
TKT-2095,USR-48165,Northeast,2026-06-26 16:48:00,Bug Report,Low,Closed,Customer inquiry regarding bug report issue.
TKT-2096,USR-31821,Northeast,2026-06-26 14:25:00,Billing,Medium,Open,Customer inquiry regarding billing issue.
TKT-2097,USR-28643,Northeast,2026-06-26 13:18:00,Refund Request,Low,Solved,Customer inquiry regarding refund request issue.
TKT-2098,USR-75622,Northeast,2026-06-26 14:53:00,Bug Report,Medium,Closed,Customer inquiry regarding bug report issue.
TKT-2099,USR-52396,Midwest,2026-06-26 22:34:00,Product Question,Medium,Open,Customer inquiry regarding product question issue.
TKT-2100,USR-36467,Midwest,2026-06-26 14:01:00,Product Question,Medium,Solved,Customer inquiry regarding product question issue.
TKT-2101,USR-26193,Midwest,2026-06-26 14:05:00,Billing,Medium,Closed,Customer inquiry regarding billing issue.
TKT-2102,USR-21181,Midwest,2026-06-26 02:07:00,Bug Report,Medium,Closed,Customer inquiry regarding bug report issue.
TKT-2103,USR-90225,Midwest,2026-06-26 16:45:00,Shipping,High,Solved,Customer inquiry regarding shipping issue.
TKT-2104,USR-32398,Midwest,2026-06-26 05:24:00,Refund Request,Medium,Closed,Customer inquiry regarding refund request issue.
TKT-2105,USR-28953,Midwest,2026-06-26 10:36:00,Bug Report,Low,Closed,Customer inquiry regarding bug report issue.
TKT-2106,USR-50378,Midwest,2026-06-26 05:49:00,Bug Report,Low,Open,Customer inquiry regarding bug report issue.
TKT-2107,USR-25408,Midwest,2026-06-26 09:46:00,Shipping,Medium,Closed,Customer inquiry regarding shipping issue.
TKT-2108,USR-11600,Midwest,2026-06-26 04:12:00,Login Issue,High,Closed,Customer inquiry regarding login issue issue.
TKT-2109,USR-89689,Midwest,2026-06-26 14:31:00,Shipping,High,Closed,Customer inquiry regarding shipping issue.
TKT-2110,USR-69472,West,2026-06-26 15:15:00,Product Question,High,Open,Customer inquiry regarding product question issue.
TKT-2111,USR-10861,West,2026-06-26 13:28:00,Login Issue,High,Solved,Customer inquiry regarding login issue issue.
TKT-2112,USR-92396,West,2026-06-26 07:56:00,Refund Request,Medium,Solved,Customer inquiry regarding refund request issue.
TKT-2113,USR-29432,West,2026-06-26 17:52:00,Product Question,Low,Closed,Customer inquiry regarding product question issue.
TKT-2114,USR-14250,West,2026-06-26 01:41:00,Billing,Low,Closed,Customer inquiry regarding billing issue.
TKT-2115,USR-21495,West,2026-06-26 21:36:00,Refund Request,Medium,Closed,Customer inquiry regarding refund request issue.
TKT-2116,USR-98092,West,2026-06-26 01:06:00,Shipping,Low,Closed,Customer inquiry regarding shipping issue.
TKT-2117,USR-85010,West,2026-06-26 09:39:00,Bug Report,High,Solved,Customer inquiry regarding bug report issue.
TKT-2118,USR-57210,West,2026-06-26 17:11:00,Shipping,High,Solved,Customer inquiry regarding shipping issue.
TKT-2119,USR-59668,West,2026-06-26 01:05:00,Billing,Medium,Closed,Customer inquiry regarding billing issue.
TKT-2120,USR-48382,West,2026-06-26 02:48:00,Shipping,High,Closed,Customer inquiry regarding shipping issue.
TKT-2121,USR-53150,West,2026-06-26 15:08:00,Login Issue,High,Closed,Customer inquiry regarding login issue issue.
TKT-2122,USR-90223,West,2026-06-26 16:26:00,Refund Request,Low,Closed,Customer inquiry regarding refund request issue.
TKT-2123,USR-47642,Southeast,2026-06-27 20:33:00,Login Issue,Medium,Solved,Customer inquiry regarding login issue issue.
TKT-2124,USR-85385,Southeast,2026-06-27 13:38:00,Billing,Medium,Solved,Customer inquiry regarding billing issue.
TKT-2125,USR-75063,Southeast,2026-06-27 19:22:00,Product Question,High,Solved,Customer inquiry regarding product question issue.
TKT-2126,USR-33580,Southeast,2026-06-27 16:46:00,Bug Report,Medium,Open,Customer inquiry regarding bug report issue.
TKT-2127,USR-10207,Southeast,2026-06-27 19:14:00,Bug Report,Medium,Closed,Customer inquiry regarding bug report issue.
TKT-2128,USR-37175,Southeast,2026-06-27 03:01:00,Shipping,High,Closed,Customer inquiry regarding shipping issue.
TKT-2129,USR-55829,Southeast,2026-06-27 19:26:00,Shipping,Low,Closed,Customer inquiry regarding shipping issue.
TKT-2130,USR-93967,Southeast,2026-06-27 17:51:00,Bug Report,Low,Closed,Customer inquiry regarding bug report issue.
TKT-2131,USR-50340,Southeast,2026-06-27 06:44:00,Billing,Medium,Closed,Customer inquiry regarding billing issue.
TKT-2132,USR-24920,Southeast,2026-06-27 09:32:00,Refund Request,Medium,Closed,Customer inquiry regarding refund request issue.
TKT-2133,USR-90739,Southeast,2026-06-27 21:21:00,Billing,Medium,Solved,Customer inquiry regarding billing issue.
TKT-2134,USR-54294,Southeast,2026-06-27 00:53:00,Product Question,Low,Closed,Customer inquiry regarding product question issue.
TKT-2135,USR-73110,Southeast,2026-06-27 21:30:00,Shipping,Low,Closed,Customer inquiry regarding shipping issue.
TKT-2136,USR-70616,Southeast,2026-06-27 04:40:00,Shipping,High,Closed,Customer inquiry regarding shipping issue.
TKT-2137,USR-49235,Southeast,2026-06-27 13:59:00,Bug Report,Low,Solved,Customer inquiry regarding bug report issue.
TKT-2138,USR-80239,Southeast,2026-06-27 18:46:00,Bug Report,Medium,Solved,Customer inquiry regarding bug report issue.
TKT-2139,USR-56346,Southeast,2026-06-27 00:13:00,Refund Request,High,Closed,Customer inquiry regarding refund request issue.
TKT-2140,USR-59183,Southeast,2026-06-27 02:09:00,Billing,Low,Closed,Customer inquiry regarding billing issue.
TKT-2141,USR-61061,Northeast,2026-06-27 20:34:00,Product Question,High,Solved,Customer inquiry regarding product question issue.
TKT-2142,USR-14145,Northeast,2026-06-27 05:38:00,Login Issue,Medium,Closed,Customer inquiry regarding login issue issue.
TKT-2143,USR-58704,Northeast,2026-06-27 08:26:00,Login Issue,Medium,Closed,Customer inquiry regarding login issue issue.
TKT-2144,USR-49625,Northeast,2026-06-27 14:53:00,Billing,Low,Solved,Customer inquiry regarding billing issue.
TKT-2145,USR-22137,Northeast,2026-06-27 05:07:00,Billing,Low,Closed,Customer inquiry regarding billing issue.
TKT-2146,USR-30195,Northeast,2026-06-27 14:32:00,Login Issue,Medium,Solved,Customer inquiry regarding login issue issue.
TKT-2147,USR-50679,Northeast,2026-06-27 06:21:00,Shipping,High,Solved,Customer inquiry regarding shipping issue.
TKT-2148,USR-36894,Northeast,2026-06-27 10:09:00,Login Issue,High,Closed,Customer inquiry regarding login issue issue.
TKT-2149,USR-25182,Northeast,2026-06-27 23:02:00,Shipping,Medium,Solved,Customer inquiry regarding shipping issue.
TKT-2150,USR-21413,Northeast,2026-06-27 00:19:00,Login Issue,High,Solved,Customer inquiry regarding login issue issue.
TKT-2151,USR-96374,Northeast,2026-06-27 10:29:00,Login Issue,Low,Solved,Customer inquiry regarding login issue issue.
TKT-2152,USR-93735,Northeast,2026-06-27 23:19:00,Login Issue,High,Closed,Customer inquiry regarding login issue issue.
TKT-2153,USR-46261,Northeast,2026-06-27 06:20:00,Product Question,Low,Closed,Customer inquiry regarding product question issue.
TKT-2154,USR-45866,Midwest,2026-06-27 21:07:00,Billing,Low,Closed,Customer inquiry regarding billing issue.
TKT-2155,USR-23418,Midwest,2026-06-27 03:00:00,Refund Request,High,Solved,Customer inquiry regarding refund request issue.
TKT-2156,USR-45527,West,2026-06-27 06:34:00,Billing,High,Closed,Customer inquiry regarding billing issue.
TKT-2157,USR-32449,West,2026-06-27 04:45:00,Billing,High,Closed,Customer inquiry regarding billing issue.
TKT-2158,USR-68149,West,2026-06-27 02:19:00,Refund Request,Medium,Solved,Customer inquiry regarding refund request issue.
TKT-2159,USR-23884,West,2026-06-27 01:08:00,Login Issue,Medium,Closed,Customer inquiry regarding login issue issue.
TKT-2160,USR-33459,West,2026-06-27 12:03:00,Login Issue,Medium,Open,Customer inquiry regarding login issue issue.
TKT-2161,USR-90781,West,2026-06-27 22:38:00,Refund Request,High,Open,Customer inquiry regarding refund request issue.
TKT-2162,USR-20295,West,2026-06-27 11:19:00,Billing,Low,Solved,Customer inquiry regarding billing issue.
TKT-2163,USR-22748,West,2026-06-27 14:36:00,Product Question,Low,Open,Customer inquiry regarding product question issue.
TKT-2164,USR-39333,Southeast,2026-06-28 22:49:00,Shipping,Medium,Closed,Customer inquiry regarding shipping issue.
TKT-2165,USR-61390,Southeast,2026-06-28 04:55:00,Refund Request,Medium,Closed,Customer inquiry regarding refund request issue.
TKT-2166,USR-69412,Southeast,2026-06-28 05:44:00,Bug Report,Medium,Closed,Customer inquiry regarding bug report issue.
TKT-2167,USR-56064,Southeast,2026-06-28 15:01:00,Login Issue,Medium,Closed,Customer inquiry regarding login issue issue.
TKT-2168,USR-89225,Southeast,2026-06-28 15:29:00,Product Question,Medium,Closed,Customer inquiry regarding product question issue.
TKT-2169,USR-24022,Southeast,2026-06-28 18:08:00,Refund Request,Low,Open,Customer inquiry regarding refund request issue.
TKT-2170,USR-79828,Southeast,2026-06-28 10:35:00,Bug Report,Low,Closed,Customer inquiry regarding bug report issue.
TKT-2171,USR-91379,Southeast,2026-06-28 14:25:00,Refund Request,Medium,Closed,Customer inquiry regarding refund request issue.
TKT-2172,USR-18658,Southeast,2026-06-28 07:35:00,Product Question,Medium,Open,Customer inquiry regarding product question issue.
TKT-2173,USR-67062,Southeast,2026-06-28 10:13:00,Bug Report,High,Open,Customer inquiry regarding bug report issue.
TKT-2174,USR-32686,Northeast,2026-06-28 18:50:00,Billing,High,Closed,Customer inquiry regarding billing issue.
TKT-2175,USR-73783,Northeast,2026-06-28 21:42:00,Login Issue,High,Solved,Customer inquiry regarding login issue issue.
TKT-2176,USR-82756,Northeast,2026-06-28 03:37:00,Refund Request,Medium,Closed,Customer inquiry regarding refund request issue.
TKT-2177,USR-63188,Northeast,2026-06-28 03:52:00,Shipping,Low,Closed,Customer inquiry regarding shipping issue.
TKT-2178,USR-59664,Northeast,2026-06-28 02:38:00,Login Issue,High,Solved,Customer inquiry regarding login issue issue.
TKT-2179,USR-21866,Northeast,2026-06-28 10:31:00,Bug Report,High,Closed,Customer inquiry regarding bug report issue.
TKT-2180,USR-29231,Northeast,2026-06-28 06:52:00,Product Question,High,Closed,Customer inquiry regarding product question issue.
TKT-2181,USR-61115,Northeast,2026-06-28 21:09:00,Shipping,High,Closed,Customer inquiry regarding shipping issue.
TKT-2182,USR-99327,Northeast,2026-06-28 19:36:00,Shipping,Low,Closed,Customer inquiry regarding shipping issue.
TKT-2183,USR-66980,Northeast,2026-06-28 10:19:00,Refund Request,High,Closed,Customer inquiry regarding refund request issue.
TKT-2184,USR-11064,Northeast,2026-06-28 22:58:00,Billing,Low,Solved,Customer inquiry regarding billing issue.
TKT-2185,USR-18180,Northeast,2026-06-28 19:32:00,Shipping,Low,Closed,Customer inquiry regarding shipping issue.
TKT-2186,USR-83404,Northeast,2026-06-28 11:57:00,Refund Request,Low,Closed,Customer inquiry regarding refund request issue.
TKT-2187,USR-87353,Midwest,2026-06-28 09:55:00,Login Issue,Low,Open,Customer inquiry regarding login issue issue.
TKT-2188,USR-63219,Midwest,2026-06-28 12:40:00,Billing,High,Open,Customer inquiry regarding billing issue.
TKT-2189,USR-72242,Midwest,2026-06-28 12:27:00,Refund Request,Low,Closed,Customer inquiry regarding refund request issue.
TKT-2190,USR-64687,Midwest,2026-06-28 04:12:00,Refund Request,Medium,Closed,Customer inquiry regarding refund request issue.
TKT-2191,USR-11520,Midwest,2026-06-28 04:18:00,Bug Report,Low,Closed,Customer inquiry regarding bug report issue.
TKT-2192,USR-96235,Midwest,2026-06-28 02:41:00,Login Issue,Low,Open,Customer inquiry regarding login issue issue.
TKT-2193,USR-69772,Midwest,2026-06-28 13:08:00,Login Issue,Low,Open,Customer inquiry regarding login issue issue.
TKT-2194,USR-69558,Midwest,2026-06-28 22:38:00,Shipping,High,Closed,Customer inquiry regarding shipping issue.
TKT-2195,USR-56570,Midwest,2026-06-28 16:27:00,Refund Request,Medium,Open,Customer inquiry regarding refund request issue.
TKT-2196,USR-85751,West,2026-06-28 07:11:00,Shipping,High,Closed,Customer inquiry regarding shipping issue.
TKT-2197,USR-45291,West,2026-06-28 15:54:00,Bug Report,Low,Solved,Customer inquiry regarding bug report issue.
TKT-2198,USR-14385,West,2026-06-28 13:59:00,Refund Request,High,Closed,Customer inquiry regarding refund request issue.
TKT-2199,USR-24832,West,2026-06-28 01:36:00,Shipping,High,Closed,Customer inquiry regarding shipping issue.
TKT-2200,USR-78997,West,2026-06-28 18:30:00,Bug Report,Low,Closed,Customer inquiry regarding bug report issue.
TKT-2201,USR-89963,West,2026-06-28 08:29:00,Refund Request,Low,Solved,Customer inquiry regarding refund request issue.
TKT-2202,USR-99662,West,2026-06-28 02:15:00,Shipping,High,Closed,Customer inquiry regarding shipping issue.
TKT-2203,USR-11413,Southeast,2026-06-29 09:39:00,Login Issue,Medium,Solved,Customer inquiry regarding login issue issue.
TKT-2204,USR-53452,Southeast,2026-06-29 15:29:00,Refund Request,Medium,Solved,Customer inquiry regarding refund request issue.
TKT-2205,USR-14630,Southeast,2026-06-29 13:22:00,Billing,Medium,Closed,Customer inquiry regarding billing issue.
TKT-2206,USR-83886,Southeast,2026-06-29 22:59:00,Refund Request,High,Closed,Customer inquiry regarding refund request issue.
TKT-2207,USR-32161,Southeast,2026-06-29 08:03:00,Bug Report,Medium,Solved,Customer inquiry regarding bug report issue.
TKT-2208,USR-13578,Southeast,2026-06-29 18:03:00,Bug Report,Medium,Solved,Customer inquiry regarding bug report issue.
TKT-2209,USR-20074,Southeast,2026-06-29 09:31:00,Login Issue,Low,Solved,Customer inquiry regarding login issue issue.
TKT-2210,USR-46073,Southeast,2026-06-29 08:16:00,Product Question,High,Closed,Customer inquiry regarding product question issue.
TKT-2211,USR-32886,Southeast,2026-06-29 08:00:00,Bug Report,Low,Solved,Customer inquiry regarding bug report issue.
TKT-2212,USR-58466,Southeast,2026-06-29 18:47:00,Product Question,High,Open,Customer inquiry regarding product question issue.
TKT-2213,USR-33699,Southeast,2026-06-29 05:16:00,Bug Report,Low,Open,Customer inquiry regarding bug report issue.
TKT-2214,USR-29014,Northeast,2026-06-29 16:55:00,Login Issue,Medium,Closed,Customer inquiry regarding login issue issue.
TKT-2215,USR-60222,Northeast,2026-06-29 19:59:00,Product Question,Medium,Open,Customer inquiry regarding product question issue.
TKT-2216,USR-37637,Northeast,2026-06-29 07:42:00,Shipping,High,Closed,Customer inquiry regarding shipping issue.
TKT-2217,USR-25203,Northeast,2026-06-29 18:46:00,Billing,Low,Closed,Customer inquiry regarding billing issue.
TKT-2218,USR-49500,Northeast,2026-06-29 01:10:00,Shipping,Medium,Open,Customer inquiry regarding shipping issue.
TKT-2219,USR-99589,Northeast,2026-06-29 15:47:00,Refund Request,Low,Open,Customer inquiry regarding refund request issue.
TKT-2220,USR-79526,Northeast,2026-06-29 22:24:00,Shipping,Medium,Closed,Customer inquiry regarding shipping issue.
TKT-2221,USR-98931,Northeast,2026-06-29 13:00:00,Billing,Medium,Open,Customer inquiry regarding billing issue.
TKT-2222,USR-66595,Midwest,2026-06-29 01:06:00,Refund Request,High,Closed,Customer inquiry regarding refund request issue.
TKT-2223,USR-45432,Midwest,2026-06-29 19:58:00,Bug Report,Medium,Closed,Customer inquiry regarding bug report issue.
TKT-2224,USR-61269,Midwest,2026-06-29 08:51:00,Login Issue,Medium,Solved,Customer inquiry regarding login issue issue.
TKT-2225,USR-98065,Midwest,2026-06-29 14:49:00,Bug Report,High,Closed,Customer inquiry regarding bug report issue.
TKT-2226,USR-98829,Midwest,2026-06-29 18:49:00,Product Question,High,Closed,Customer inquiry regarding product question issue.
TKT-2227,USR-98185,Midwest,2026-06-29 22:11:00,Billing,High,Closed,Customer inquiry regarding billing issue.
TKT-2228,USR-22805,West,2026-06-29 00:53:00,Login Issue,Low,Open,Customer inquiry regarding login issue issue.
TKT-2229,USR-38759,West,2026-06-29 16:06:00,Bug Report,Medium,Closed,Customer inquiry regarding bug report issue.
TKT-2230,USR-13106,West,2026-06-29 23:18:00,Billing,Low,Closed,Customer inquiry regarding billing issue.
TKT-2231,USR-88562,West,2026-06-29 19:05:00,Login Issue,High,Closed,Customer inquiry regarding login issue issue.
TKT-2232,USR-89257,West,2026-06-29 20:07:00,Bug Report,Low,Closed,Customer inquiry regarding bug report issue.
TKT-2233,USR-34217,West,2026-06-29 04:24:00,Bug Report,High,Solved,Customer inquiry regarding bug report issue.
TKT-2234,USR-71204,West,2026-06-29 03:44:00,Product Question,Medium,Closed,Customer inquiry regarding product question issue.
TKT-2235,USR-46226,West,2026-06-29 21:59:00,Login Issue,High,Open,Customer inquiry regarding login issue issue.
TKT-2236,USR-31229,West,2026-06-29 13:44:00,Bug Report,Medium,Closed,Customer inquiry regarding bug report issue.
TKT-2237,USR-53601,West,2026-06-29 02:17:00,Login Issue,Medium,Open,Customer inquiry regarding login issue issue.
TKT-2238,USR-19096,West,2026-06-29 01:16:00,Billing,Low,Open,Customer inquiry regarding billing issue.
TKT-2239,USR-33388,West,2026-06-29 15:59:00,Product Question,High,Open,Customer inquiry regarding product question issue.
TKT-2240,USR-66525,West,2026-06-29 20:31:00,Login Issue,Low,Solved,Customer inquiry regarding login issue issue.
TKT-2241,USR-19557,Southeast,2026-06-30 14:45:00,Billing,Low,Closed,Customer inquiry regarding billing issue.
TKT-2242,USR-12459,Southeast,2026-06-30 02:36:00,Bug Report,Medium,Open,Customer inquiry regarding bug report issue.
TKT-2243,USR-14959,Southeast,2026-06-30 15:09:00,Bug Report,High,Closed,Customer inquiry regarding bug report issue.
TKT-2244,USR-61292,Southeast,2026-06-30 21:24:00,Billing,Low,Closed,Customer inquiry regarding billing issue.
TKT-2245,USR-72670,Southeast,2026-06-30 18:00:00,Refund Request,High,Open,Customer inquiry regarding refund request issue.
TKT-2246,USR-39602,Southeast,2026-06-30 13:25:00,Bug Report,Low,Solved,Customer inquiry regarding bug report issue.
TKT-2247,USR-84349,Southeast,2026-06-30 00:24:00,Bug Report,Medium,Closed,Customer inquiry regarding bug report issue.
TKT-2248,USR-62509,Southeast,2026-06-30 17:59:00,Billing,Medium,Closed,Customer inquiry regarding billing issue.
TKT-2249,USR-80074,Southeast,2026-06-30 01:40:00,Bug Report,Low,Closed,Customer inquiry regarding bug report issue.
TKT-2250,USR-33149,Southeast,2026-06-30 10:05:00,Shipping,Medium,Closed,Customer inquiry regarding shipping issue.
TKT-2251,USR-49173,Southeast,2026-06-30 17:02:00,Shipping,High,Closed,Customer inquiry regarding shipping issue.
TKT-2252,USR-73766,Southeast,2026-06-30 22:24:00,Login Issue,High,Closed,Customer inquiry regarding login issue issue.
TKT-2253,USR-28342,Southeast,2026-06-30 02:56:00,Bug Report,Medium,Closed,Customer inquiry regarding bug report issue.
TKT-2254,USR-41258,Southeast,2026-06-30 01:12:00,Login Issue,High,Solved,Customer inquiry regarding login issue issue.
TKT-2255,USR-75494,Southeast,2026-06-30 15:24:00,Login Issue,High,Closed,Customer inquiry regarding login issue issue.
TKT-2256,USR-54470,Northeast,2026-06-30 17:53:00,Shipping,Low,Closed,Customer inquiry regarding shipping issue.
TKT-2257,USR-25491,Northeast,2026-06-30 01:21:00,Bug Report,Low,Open,Customer inquiry regarding bug report issue.
TKT-2258,USR-70079,Northeast,2026-06-30 06:51:00,Bug Report,High,Solved,Customer inquiry regarding bug report issue.
TKT-2259,USR-40537,Northeast,2026-06-30 21:55:00,Refund Request,Low,Solved,Customer inquiry regarding refund request issue.
TKT-2260,USR-95699,Northeast,2026-06-30 02:02:00,Bug Report,Low,Open,Customer inquiry regarding bug report issue.
TKT-2261,USR-95037,Northeast,2026-06-30 00:30:00,Refund Request,Low,Closed,Customer inquiry regarding refund request issue.
TKT-2262,USR-50283,Northeast,2026-06-30 04:00:00,Product Question,High,Closed,Customer inquiry regarding product question issue.
TKT-2263,USR-18383,Northeast,2026-06-30 03:29:00,Refund Request,Low,Solved,Customer inquiry regarding refund request issue.
TKT-2264,USR-38910,Northeast,2026-06-30 03:07:00,Shipping,High,Solved,Customer inquiry regarding shipping issue.
TKT-2265,USR-98918,Northeast,2026-06-30 02:51:00,Product Question,Medium,Closed,Customer inquiry regarding product question issue.
TKT-2266,USR-81550,Northeast,2026-06-30 12:20:00,Login Issue,High,Solved,Customer inquiry regarding login issue issue.
TKT-2267,USR-32734,Northeast,2026-06-30 04:20:00,Product Question,Low,Solved,Customer inquiry regarding product question issue.
TKT-2268,USR-64415,Northeast,2026-06-30 10:04:00,Login Issue,Medium,Closed,Customer inquiry regarding login issue issue.
TKT-2269,USR-67496,Northeast,2026-06-30 05:44:00,Billing,High,Closed,Customer inquiry regarding billing issue.
TKT-2270,USR-23102,Northeast,2026-06-30 07:59:00,Refund Request,Low,Closed,Customer inquiry regarding refund request issue.
TKT-2271,USR-73827,Northeast,2026-06-30 20:39:00,Shipping,Low,Closed,Customer inquiry regarding shipping issue.
TKT-2272,USR-64555,Midwest,2026-06-30 02:45:00,Bug Report,High,Closed,Customer inquiry regarding bug report issue.
TKT-2273,USR-37021,Midwest,2026-06-30 22:51:00,Shipping,High,Closed,Customer inquiry regarding shipping issue.
TKT-2274,USR-64005,Midwest,2026-06-30 04:40:00,Billing,High,Open,Customer inquiry regarding billing issue.
TKT-2275,USR-88154,Midwest,2026-06-30 07:11:00,Refund Request,High,Closed,Customer inquiry regarding refund request issue.
TKT-2276,USR-92207,Midwest,2026-06-30 05:45:00,Shipping,High,Closed,Customer inquiry regarding shipping issue.
TKT-2277,USR-40885,Midwest,2026-06-30 09:22:00,Shipping,Low,Solved,Customer inquiry regarding shipping issue.
TKT-2278,USR-57435,Midwest,2026-06-30 06:07:00,Refund Request,Low,Solved,Customer inquiry regarding refund request issue.
TKT-2279,USR-46231,Midwest,2026-06-30 17:32:00,Product Question,Medium,Closed,Customer inquiry regarding product question issue.
TKT-2280,USR-75210,West,2026-06-30 01:12:00,Login Issue,Low,Open,Customer inquiry regarding login issue issue.
TKT-2281,USR-94523,West,2026-06-30 05:10:00,Bug Report,Low,Closed,Customer inquiry regarding bug report issue.
TKT-2282,USR-53816,West,2026-06-30 11:18:00,Product Question,Medium,Closed,Customer inquiry regarding product question issue.
TKT-2283,USR-16875,West,2026-06-30 19:51:00,Shipping,Low,Closed,Customer inquiry regarding shipping issue.
TKT-2284,USR-77489,West,2026-06-30 17:11:00,Product Question,Low,Open,Customer inquiry regarding product question issue.
TKT-2285,USR-87687,West,2026-06-30 03:04:00,Product Question,High,Open,Customer inquiry regarding product question issue.
TKT-2286,USR-40154,West,2026-06-30 18:20:00,Shipping,Low,Closed,Customer inquiry regarding shipping issue.
TKT-2287,USR-64079,West,2026-06-30 03:20:00,Product Question,Low,Closed,Customer inquiry regarding product question issue.
TKT-2288,USR-86689,West,2026-06-30 06:24:00,Product Question,Low,Open,Customer inquiry regarding product question issue.
TKT-2289,USR-89879,West,2026-06-30 15:03:00,Shipping,Low,Closed,Customer inquiry regarding shipping issue.
TKT-2290,USR-45349,Southeast,2026-07-01 04:29:00,Bug Report,Low,Closed,Customer inquiry regarding bug report issue.
TKT-2291,USR-17818,Southeast,2026-07-01 06:21:00,Product Question,Low,Solved,Customer inquiry regarding product question issue.
TKT-2292,USR-64817,Southeast,2026-07-01 08:08:00,Login Issue,Medium,Open,Customer inquiry regarding login issue issue.
TKT-2293,USR-89119,Southeast,2026-07-01 05:48:00,Billing,Low,Closed,Customer inquiry regarding billing issue.
TKT-2294,USR-85775,Southeast,2026-07-01 05:50:00,Bug Report,High,Closed,Customer inquiry regarding bug report issue.
TKT-2295,USR-78389,Southeast,2026-07-01 17:54:00,Product Question,Low,Open,Customer inquiry regarding product question issue.
TKT-2296,USR-70655,Southeast,2026-07-01 15:55:00,Product Question,High,Open,Customer inquiry regarding product question issue.
TKT-2297,USR-42483,Southeast,2026-07-01 08:00:00,Bug Report,Medium,Closed,Customer inquiry regarding bug report issue.
TKT-2298,USR-29525,Southeast,2026-07-01 10:27:00,Refund Request,Low,Solved,Customer inquiry regarding refund request issue.
TKT-2299,USR-15250,Southeast,2026-07-01 18:57:00,Login Issue,Medium,Closed,Customer inquiry regarding login issue issue.
TKT-2300,USR-79615,Southeast,2026-07-01 15:46:00,Refund Request,Low,Open,Customer inquiry regarding refund request issue.
TKT-2301,USR-74918,Southeast,2026-07-01 12:30:00,Bug Report,Low,Open,Customer inquiry regarding bug report issue.
TKT-2302,USR-38574,Northeast,2026-07-01 07:05:00,Refund Request,Low,Open,Customer inquiry regarding refund request issue.
TKT-2303,USR-12087,Northeast,2026-07-01 04:22:00,Billing,Low,Closed,Customer inquiry regarding billing issue.
TKT-2304,USR-84760,Northeast,2026-07-01 15:42:00,Billing,Low,Open,Customer inquiry regarding billing issue.
TKT-2305,USR-28169,Northeast,2026-07-01 23:37:00,Login Issue,Medium,Open,Customer inquiry regarding login issue issue.
TKT-2306,USR-93021,Northeast,2026-07-01 22:25:00,Product Question,Medium,Open,Customer inquiry regarding product question issue.
TKT-2307,USR-53634,Northeast,2026-07-01 00:55:00,Bug Report,Low,Open,Customer inquiry regarding bug report issue.
TKT-2308,USR-90281,Northeast,2026-07-01 16:02:00,Billing,Medium,Closed,Customer inquiry regarding billing issue.
TKT-2309,USR-91324,Northeast,2026-07-01 17:36:00,Product Question,High,Closed,Customer inquiry regarding product question issue.
TKT-2310,USR-16758,Northeast,2026-07-01 10:47:00,Login Issue,High,Closed,Customer inquiry regarding login issue issue.
TKT-2311,USR-15357,Northeast,2026-07-01 03:24:00,Billing,Medium,Solved,Customer inquiry regarding billing issue.
TKT-2312,USR-18782,Northeast,2026-07-01 11:23:00,Product Question,High,Solved,Customer inquiry regarding product question issue.
TKT-2313,USR-41278,Northeast,2026-07-01 17:45:00,Product Question,Low,Closed,Customer inquiry regarding product question issue.
TKT-2314,USR-39548,Midwest,2026-07-01 23:48:00,Refund Request,High,Closed,Customer inquiry regarding refund request issue.
TKT-2315,USR-46325,Midwest,2026-07-01 10:22:00,Billing,High,Open,Customer inquiry regarding billing issue.
TKT-2316,USR-73730,Midwest,2026-07-01 01:04:00,Billing,Medium,Open,Customer inquiry regarding billing issue.
TKT-2317,USR-98907,West,2026-07-01 16:33:00,Login Issue,Medium,Solved,Customer inquiry regarding login issue issue.
TKT-2318,USR-58253,West,2026-07-01 17:57:00,Billing,Medium,Solved,Customer inquiry regarding billing issue.
TKT-2319,USR-21443,West,2026-07-01 21:44:00,Login Issue,Low,Open,Customer inquiry regarding login issue issue.
TKT-2320,USR-24334,West,2026-07-01 02:25:00,Product Question,Medium,Closed,Customer inquiry regarding product question issue.
TKT-2321,USR-75054,West,2026-07-01 05:17:00,Login Issue,High,Closed,Customer inquiry regarding login issue issue.
TKT-2322,USR-48426,West,2026-07-01 04:55:00,Product Question,High,Closed,Customer inquiry regarding product question issue.
TKT-2323,USR-55442,West,2026-07-01 13:43:00,Refund Request,Low,Open,Customer inquiry regarding refund request issue.
TKT-2324,USR-48209,West,2026-07-01 13:28:00,Bug Report,High,Closed,Customer inquiry regarding bug report issue.
TKT-2325,USR-63961,Southeast,2026-07-02 07:53:00,Refund Request,High,Closed,Customer inquiry regarding refund request issue.
TKT-2326,USR-73720,Southeast,2026-07-02 18:21:00,Bug Report,High,Closed,Customer inquiry regarding bug report issue.
TKT-2327,USR-68360,Southeast,2026-07-02 18:42:00,Bug Report,High,Solved,Customer inquiry regarding bug report issue.
TKT-2328,USR-32509,Southeast,2026-07-02 14:19:00,Refund Request,Low,Closed,Customer inquiry regarding refund request issue.
TKT-2329,USR-16202,Southeast,2026-07-02 08:14:00,Shipping,Medium,Closed,Customer inquiry regarding shipping issue.
TKT-2330,USR-91085,Southeast,2026-07-02 04:22:00,Billing,Medium,Closed,Customer inquiry regarding billing issue.
TKT-2331,USR-32984,Southeast,2026-07-02 05:45:00,Refund Request,Medium,Closed,Customer inquiry regarding refund request issue.
TKT-2332,USR-41182,Southeast,2026-07-02 22:44:00,Bug Report,Low,Closed,Customer inquiry regarding bug report issue.
TKT-2333,USR-67788,Southeast,2026-07-02 03:02:00,Billing,High,Closed,Customer inquiry regarding billing issue.
TKT-2334,USR-14546,Southeast,2026-07-02 08:23:00,Product Question,Low,Solved,Customer inquiry regarding product question issue.
TKT-2335,USR-68776,Southeast,2026-07-02 21:20:00,Billing,Low,Closed,Customer inquiry regarding billing issue.
TKT-2336,USR-13266,Southeast,2026-07-02 17:10:00,Refund Request,Medium,Closed,Customer inquiry regarding refund request issue.
TKT-2337,USR-51971,Southeast,2026-07-02 12:59:00,Shipping,Low,Open,Customer inquiry regarding shipping issue.
TKT-2338,USR-53421,Southeast,2026-07-02 04:00:00,Bug Report,High,Solved,Customer inquiry regarding bug report issue.
TKT-2339,USR-85199,Southeast,2026-07-02 20:45:00,Billing,Medium,Closed,Customer inquiry regarding billing issue.
TKT-2340,USR-54392,Northeast,2026-07-02 21:09:00,Refund Request,High,Open,Customer inquiry regarding refund request issue.
TKT-2341,USR-28274,Northeast,2026-07-02 22:07:00,Bug Report,Medium,Closed,Customer inquiry regarding bug report issue.
TKT-2342,USR-62642,Northeast,2026-07-02 21:35:00,Login Issue,Medium,Closed,Customer inquiry regarding login issue issue.
TKT-2343,USR-22121,Northeast,2026-07-02 19:53:00,Product Question,Medium,Closed,Customer inquiry regarding product question issue.
TKT-2344,USR-86471,Northeast,2026-07-02 10:03:00,Refund Request,High,Closed,Customer inquiry regarding refund request issue.
TKT-2345,USR-20956,Northeast,2026-07-02 16:14:00,Billing,Low,Closed,Customer inquiry regarding billing issue.
TKT-2346,USR-77081,Northeast,2026-07-02 17:54:00,Shipping,High,Closed,Customer inquiry regarding shipping issue.
TKT-2347,USR-89308,Northeast,2026-07-02 12:12:00,Shipping,Medium,Solved,Customer inquiry regarding shipping issue.
TKT-2348,USR-29391,Northeast,2026-07-02 16:03:00,Bug Report,Medium,Open,Customer inquiry regarding bug report issue.
TKT-2349,USR-58867,Northeast,2026-07-02 22:54:00,Shipping,Medium,Open,Customer inquiry regarding shipping issue.
TKT-2350,USR-68402,Northeast,2026-07-02 00:18:00,Billing,Medium,Closed,Customer inquiry regarding billing issue.
TKT-2351,USR-64474,Northeast,2026-07-02 17:05:00,Product Question,High,Open,Customer inquiry regarding product question issue.
TKT-2352,USR-28293,Midwest,2026-07-02 23:57:00,Shipping,High,Open,Customer inquiry regarding shipping issue.
TKT-2353,USR-49745,Midwest,2026-07-02 18:38:00,Login Issue,Low,Closed,Customer inquiry regarding login issue issue.
TKT-2354,USR-87421,Midwest,2026-07-02 15:55:00,Refund Request,Medium,Closed,Customer inquiry regarding refund request issue.
TKT-2355,USR-64331,Midwest,2026-07-02 12:05:00,Login Issue,Medium,Closed,Customer inquiry regarding login issue issue.
TKT-2356,USR-27947,Midwest,2026-07-02 05:35:00,Shipping,High,Solved,Customer inquiry regarding shipping issue.
TKT-2357,USR-74302,Midwest,2026-07-02 06:11:00,Shipping,Medium,Solved,Customer inquiry regarding shipping issue.
TKT-2358,USR-74762,Midwest,2026-07-02 01:52:00,Billing,High,Closed,Customer inquiry regarding billing issue.
TKT-2359,USR-10320,Midwest,2026-07-02 17:47:00,Shipping,Low,Closed,Customer inquiry regarding shipping issue.
TKT-2360,USR-26276,West,2026-07-02 04:16:00,Billing,High,Open,Customer inquiry regarding billing issue.
TKT-2361,USR-74472,West,2026-07-02 20:42:00,Billing,Medium,Closed,Customer inquiry regarding billing issue.
TKT-2362,USR-46335,West,2026-07-02 22:41:00,Product Question,Low,Closed,Customer inquiry regarding product question issue.
TKT-2363,USR-86161,West,2026-07-02 15:04:00,Refund Request,High,Closed,Customer inquiry regarding refund request issue.
TKT-2364,USR-25674,West,2026-07-02 15:36:00,Shipping,Medium,Open,Customer inquiry regarding shipping issue.
TKT-2365,USR-44018,West,2026-07-02 11:32:00,Bug Report,High,Closed,Customer inquiry regarding bug report issue.
TKT-2366,USR-70429,West,2026-07-02 05:37:00,Login Issue,Low,Closed,Customer inquiry regarding login issue issue.
TKT-2367,USR-93394,Southeast,2026-07-03 05:03:00,Billing,Medium,Open,Customer inquiry regarding billing issue.
TKT-2368,USR-93747,Southeast,2026-07-03 11:03:00,Billing,Medium,Solved,Customer inquiry regarding billing issue.
TKT-2369,USR-22387,Southeast,2026-07-03 02:32:00,Product Question,High,Closed,Customer inquiry regarding product question issue.
TKT-2370,USR-51446,Southeast,2026-07-03 19:48:00,Product Question,High,Closed,Customer inquiry regarding product question issue.
TKT-2371,USR-22561,Southeast,2026-07-03 21:51:00,Billing,Medium,Closed,Customer inquiry regarding billing issue.
TKT-2372,USR-27950,Southeast,2026-07-03 17:37:00,Billing,Low,Closed,Customer inquiry regarding billing issue.
TKT-2373,USR-54605,Southeast,2026-07-03 16:18:00,Billing,Medium,Open,Customer inquiry regarding billing issue.
TKT-2374,USR-38981,Southeast,2026-07-03 05:06:00,Product Question,Low,Solved,Customer inquiry regarding product question issue.
TKT-2375,USR-79742,Southeast,2026-07-03 06:50:00,Refund Request,High,Solved,Customer inquiry regarding refund request issue.
TKT-2376,USR-70357,Southeast,2026-07-03 22:35:00,Bug Report,Low,Open,Customer inquiry regarding bug report issue.
TKT-2377,USR-55640,Southeast,2026-07-03 02:07:00,Product Question,Low,Open,Customer inquiry regarding product question issue.
TKT-2378,USR-88335,Southeast,2026-07-03 09:44:00,Billing,Low,Open,Customer inquiry regarding billing issue.
TKT-2379,USR-13769,Southeast,2026-07-03 16:48:00,Billing,Low,Closed,Customer inquiry regarding billing issue.
TKT-2380,USR-28659,Southeast,2026-07-03 23:52:00,Login Issue,Low,Closed,Customer inquiry regarding login issue issue.
TKT-2381,USR-27067,Southeast,2026-07-03 22:14:00,Billing,Low,Closed,Customer inquiry regarding billing issue.
TKT-2382,USR-12464,Southeast,2026-07-03 02:27:00,Bug Report,Low,Closed,Customer inquiry regarding bug report issue.
TKT-2383,USR-24131,Northeast,2026-07-03 15:48:00,Shipping,Low,Closed,Customer inquiry regarding shipping issue.
TKT-2384,USR-17768,Northeast,2026-07-03 01:50:00,Bug Report,High,Solved,Customer inquiry regarding bug report issue.
TKT-2385,USR-49537,Northeast,2026-07-03 15:07:00,Billing,Low,Closed,Customer inquiry regarding billing issue.
TKT-2386,USR-36922,Northeast,2026-07-03 21:00:00,Login Issue,Low,Solved,Customer inquiry regarding login issue issue.
TKT-2387,USR-13835,Northeast,2026-07-03 18:57:00,Product Question,Low,Closed,Customer inquiry regarding product question issue.
TKT-2388,USR-55591,Northeast,2026-07-03 02:09:00,Bug Report,Medium,Solved,Customer inquiry regarding bug report issue.
TKT-2389,USR-41696,Northeast,2026-07-03 11:10:00,Refund Request,High,Solved,Customer inquiry regarding refund request issue.
TKT-2390,USR-11832,Northeast,2026-07-03 16:36:00,Login Issue,Low,Solved,Customer inquiry regarding login issue issue.
TKT-2391,USR-32514,Northeast,2026-07-03 16:13:00,Bug Report,Low,Closed,Customer inquiry regarding bug report issue.
TKT-2392,USR-76085,Northeast,2026-07-03 17:00:00,Bug Report,Low,Closed,Customer inquiry regarding bug report issue.
TKT-2393,USR-33704,Midwest,2026-07-03 22:37:00,Product Question,Medium,Closed,Customer inquiry regarding product question issue.
TKT-2394,USR-39825,Midwest,2026-07-03 11:24:00,Shipping,Low,Solved,Customer inquiry regarding shipping issue.
TKT-2395,USR-24459,Midwest,2026-07-03 13:07:00,Billing,Low,Open,Customer inquiry regarding billing issue.
TKT-2396,USR-83024,Midwest,2026-07-03 16:08:00,Shipping,Medium,Closed,Customer inquiry regarding shipping issue.
TKT-2397,USR-25167,Midwest,2026-07-03 23:02:00,Login Issue,Medium,Open,Customer inquiry regarding login issue issue.
TKT-2398,USR-68190,Midwest,2026-07-03 12:18:00,Shipping,High,Closed,Customer inquiry regarding shipping issue.
TKT-2399,USR-34744,Midwest,2026-07-03 07:35:00,Shipping,Medium,Open,Customer inquiry regarding shipping issue.
TKT-2400,USR-33500,Midwest,2026-07-03 02:57:00,Shipping,High,Closed,Customer inquiry regarding shipping issue.
TKT-2401,USR-61952,Midwest,2026-07-03 00:43:00,Shipping,High,Closed,Customer inquiry regarding shipping issue.
TKT-2402,USR-25626,Midwest,2026-07-03 14:33:00,Bug Report,High,Closed,Customer inquiry regarding bug report issue.
TKT-2403,USR-23332,West,2026-07-03 04:25:00,Shipping,High,Solved,Customer inquiry regarding shipping issue.
TKT-2404,USR-36094,West,2026-07-03 23:59:00,Product Question,Low,Closed,Customer inquiry regarding product question issue.
TKT-2405,USR-40522,West,2026-07-03 10:12:00,Refund Request,Medium,Closed,Customer inquiry regarding refund request issue.
TKT-2406,USR-87810,West,2026-07-03 13:46:00,Shipping,Medium,Solved,Customer inquiry regarding shipping issue.
TKT-2407,USR-72367,West,2026-07-03 08:48:00,Bug Report,Medium,Closed,Customer inquiry regarding bug report issue.
TKT-2408,USR-46554,West,2026-07-03 21:38:00,Shipping,Medium,Solved,Customer inquiry regarding shipping issue.
TKT-2409,USR-42858,West,2026-07-03 04:49:00,Shipping,Low,Closed,Customer inquiry regarding shipping issue.
TKT-2410,USR-18942,Southeast,2026-07-04 04:01:00,Login Issue,High,Closed,Customer inquiry regarding login issue issue.
TKT-2411,USR-89244,Southeast,2026-07-04 15:43:00,Login Issue,Low,Open,Customer inquiry regarding login issue issue.
TKT-2412,USR-91688,Southeast,2026-07-04 21:20:00,Product Question,Medium,Solved,Customer inquiry regarding product question issue.
TKT-2413,USR-74512,Southeast,2026-07-04 03:48:00,Login Issue,High,Solved,Customer inquiry regarding login issue issue.
TKT-2414,USR-74258,Southeast,2026-07-04 14:12:00,Billing,High,Open,Customer inquiry regarding billing issue.
TKT-2415,USR-81646,Southeast,2026-07-04 16:16:00,Refund Request,Medium,Solved,Customer inquiry regarding refund request issue.
TKT-2416,USR-60283,Southeast,2026-07-04 00:48:00,Login Issue,Medium,Closed,Customer inquiry regarding login issue issue.
TKT-2417,USR-14716,Southeast,2026-07-04 14:20:00,Shipping,Medium,Open,Customer inquiry regarding shipping issue.
TKT-2418,USR-31514,Southeast,2026-07-04 01:11:00,Refund Request,High,Closed,Customer inquiry regarding refund request issue.
TKT-2419,USR-73891,Southeast,2026-07-04 15:27:00,Product Question,Medium,Open,Customer inquiry regarding product question issue.
TKT-2420,USR-99833,Southeast,2026-07-04 03:36:00,Bug Report,Medium,Solved,Customer inquiry regarding bug report issue.
TKT-2421,USR-30487,Southeast,2026-07-04 17:36:00,Shipping,Medium,Solved,Customer inquiry regarding shipping issue.
TKT-2422,USR-87469,Northeast,2026-07-04 16:03:00,Shipping,Medium,Open,Customer inquiry regarding shipping issue.
TKT-2423,USR-52006,Northeast,2026-07-04 12:39:00,Bug Report,Medium,Closed,Customer inquiry regarding bug report issue.
TKT-2424,USR-58026,Northeast,2026-07-04 01:01:00,Refund Request,Low,Closed,Customer inquiry regarding refund request issue.
TKT-2425,USR-91940,Northeast,2026-07-04 11:51:00,Bug Report,High,Closed,Customer inquiry regarding bug report issue.
TKT-2426,USR-56840,Northeast,2026-07-04 10:24:00,Login Issue,Medium,Closed,Customer inquiry regarding login issue issue.
TKT-2427,USR-42455,Northeast,2026-07-04 13:22:00,Login Issue,High,Closed,Customer inquiry regarding login issue issue.
TKT-2428,USR-18585,Northeast,2026-07-04 07:41:00,Billing,High,Closed,Customer inquiry regarding billing issue.
TKT-2429,USR-80571,Northeast,2026-07-04 09:07:00,Billing,Low,Closed,Customer inquiry regarding billing issue.
TKT-2430,USR-84455,Northeast,2026-07-04 10:02:00,Shipping,High,Open,Customer inquiry regarding shipping issue.
TKT-2431,USR-71564,Northeast,2026-07-04 16:57:00,Shipping,Medium,Closed,Customer inquiry regarding shipping issue.
TKT-2432,USR-61157,Northeast,2026-07-04 18:01:00,Billing,Medium,Solved,Customer inquiry regarding billing issue.
TKT-2433,USR-98488,Northeast,2026-07-04 10:36:00,Login Issue,Medium,Closed,Customer inquiry regarding login issue issue.
TKT-2434,USR-57622,Midwest,2026-07-04 21:21:00,Product Question,High,Closed,Customer inquiry regarding product question issue.
TKT-2435,USR-80232,Midwest,2026-07-04 13:12:00,Shipping,High,Closed,Customer inquiry regarding shipping issue.
TKT-2436,USR-85172,Midwest,2026-07-04 06:18:00,Billing,Low,Closed,Customer inquiry regarding billing issue.
TKT-2437,USR-85784,Midwest,2026-07-04 12:51:00,Product Question,High,Closed,Customer inquiry regarding product question issue.
TKT-2438,USR-84242,Midwest,2026-07-04 03:37:00,Billing,Medium,Closed,Customer inquiry regarding billing issue.
TKT-2439,USR-20048,Midwest,2026-07-04 16:30:00,Shipping,Low,Closed,Customer inquiry regarding shipping issue.
TKT-2440,USR-66742,Midwest,2026-07-04 20:52:00,Billing,High,Closed,Customer inquiry regarding billing issue.
TKT-2441,USR-62730,Midwest,2026-07-04 21:34:00,Billing,Low,Open,Customer inquiry regarding billing issue.
TKT-2442,USR-33671,West,2026-07-04 08:39:00,Refund Request,Medium,Solved,Customer inquiry regarding refund request issue.
TKT-2443,USR-85608,West,2026-07-04 00:40:00,Bug Report,High,Closed,Customer inquiry regarding bug report issue.
TKT-2444,USR-45118,West,2026-07-04 15:13:00,Bug Report,High,Open,Customer inquiry regarding bug report issue.
TKT-2445,USR-92150,West,2026-07-04 20:34:00,Refund Request,Medium,Solved,Customer inquiry regarding refund request issue.
TKT-2446,USR-29365,West,2026-07-04 01:33:00,Product Question,Medium,Open,Customer inquiry regarding product question issue.
TKT-2447,USR-67067,West,2026-07-04 07:09:00,Bug Report,High,Closed,Customer inquiry regarding bug report issue.
TKT-2448,USR-64059,West,2026-07-04 13:20:00,Login Issue,High,Closed,Customer inquiry regarding login issue issue.
TKT-2449,USR-43612,West,2026-07-04 08:52:00,Billing,High,Closed,Customer inquiry regarding billing issue.
TKT-2450,USR-24884,West,2026-07-04 21:38:00,Product Question,Medium,Closed,Customer inquiry regarding product question issue.
TKT-2451,USR-70838,West,2026-07-04 04:12:00,Login Issue,Low,Closed,Customer inquiry regarding login issue issue.
TKT-2452,USR-36475,West,2026-07-04 15:35:00,Shipping,Medium,Closed,Customer inquiry regarding shipping issue.
TKT-2453,USR-46408,West,2026-07-04 05:17:00,Product Question,Low,Closed,Customer inquiry regarding product question issue.
TKT-2454,USR-73680,West,2026-07-04 21:35:00,Product Question,High,Closed,Customer inquiry regarding product question issue.
TKT-2455,USR-63347,Southeast,2026-07-05 02:20:00,Refund Request,Medium,Closed,Customer inquiry regarding refund request issue.
TKT-2456,USR-28423,Southeast,2026-07-05 11:42:00,Bug Report,Low,Open,Customer inquiry regarding bug report issue.
TKT-2457,USR-25812,Southeast,2026-07-05 07:07:00,Refund Request,High,Solved,Customer inquiry regarding refund request issue.
TKT-2458,USR-75070,Southeast,2026-07-05 16:42:00,Refund Request,High,Closed,Customer inquiry regarding refund request issue.
TKT-2459,USR-53160,Southeast,2026-07-05 02:15:00,Refund Request,Low,Closed,Customer inquiry regarding refund request issue.
TKT-2460,USR-65426,Southeast,2026-07-05 18:47:00,Shipping,High,Closed,Customer inquiry regarding shipping issue.
TKT-2461,USR-45985,Southeast,2026-07-05 06:09:00,Login Issue,Low,Closed,Customer inquiry regarding login issue issue.
TKT-2462,USR-74272,Southeast,2026-07-05 14:26:00,Billing,High,Closed,Customer inquiry regarding billing issue.
TKT-2463,USR-81531,Southeast,2026-07-05 17:23:00,Bug Report,Low,Closed,Customer inquiry regarding bug report issue.
TKT-2464,USR-28993,Southeast,2026-07-05 13:30:00,Bug Report,Low,Closed,Customer inquiry regarding bug report issue.
TKT-2465,USR-12762,Southeast,2026-07-05 11:30:00,Bug Report,Medium,Closed,Customer inquiry regarding bug report issue.
TKT-2466,USR-98027,Southeast,2026-07-05 20:57:00,Refund Request,Low,Closed,Customer inquiry regarding refund request issue.
TKT-2467,USR-93748,Southeast,2026-07-05 07:16:00,Refund Request,Medium,Closed,Customer inquiry regarding refund request issue.
TKT-2468,USR-40983,Southeast,2026-07-05 22:23:00,Bug Report,Low,Solved,Customer inquiry regarding bug report issue.
TKT-2469,USR-49438,Southeast,2026-07-05 14:24:00,Login Issue,Medium,Closed,Customer inquiry regarding login issue issue.
TKT-2470,USR-31001,Northeast,2026-07-05 02:59:00,Product Question,Medium,Closed,Customer inquiry regarding product question issue.
TKT-2471,USR-14440,Northeast,2026-07-05 14:40:00,Billing,High,Open,Customer inquiry regarding billing issue.
TKT-2472,USR-64127,Northeast,2026-07-05 08:55:00,Login Issue,Medium,Open,Customer inquiry regarding login issue issue.
TKT-2473,USR-44205,Northeast,2026-07-05 10:45:00,Shipping,Low,Closed,Customer inquiry regarding shipping issue.
TKT-2474,USR-81791,Northeast,2026-07-05 16:04:00,Billing,Medium,Solved,Customer inquiry regarding billing issue.
TKT-2475,USR-16828,Northeast,2026-07-05 23:20:00,Shipping,High,Closed,Customer inquiry regarding shipping issue.
TKT-2476,USR-94030,Northeast,2026-07-05 20:41:00,Product Question,High,Open,Customer inquiry regarding product question issue.
TKT-2477,USR-51120,Northeast,2026-07-05 04:00:00,Shipping,Low,Closed,Customer inquiry regarding shipping issue.
TKT-2478,USR-77681,Northeast,2026-07-05 18:05:00,Login Issue,Low,Closed,Customer inquiry regarding login issue issue.
TKT-2479,USR-99883,Northeast,2026-07-05 22:49:00,Bug Report,Low,Solved,Customer inquiry regarding bug report issue.
TKT-2480,USR-27499,Northeast,2026-07-05 13:50:00,Billing,Medium,Open,Customer inquiry regarding billing issue.
TKT-2481,USR-64328,Midwest,2026-07-05 10:51:00,Billing,Low,Closed,Customer inquiry regarding billing issue.
TKT-2482,USR-39423,Midwest,2026-07-05 11:11:00,Shipping,Medium,Solved,Customer inquiry regarding shipping issue.
TKT-2483,USR-92133,Midwest,2026-07-05 00:01:00,Refund Request,High,Solved,Customer inquiry regarding refund request issue.
TKT-2484,USR-44312,Midwest,2026-07-05 07:58:00,Login Issue,Medium,Closed,Customer inquiry regarding login issue issue.
TKT-2485,USR-91003,Midwest,2026-07-05 22:54:00,Product Question,Low,Open,Customer inquiry regarding product question issue.
TKT-2486,USR-58224,Midwest,2026-07-05 13:38:00,Billing,Low,Closed,Customer inquiry regarding billing issue.
TKT-2487,USR-67037,Midwest,2026-07-05 05:36:00,Login Issue,Low,Solved,Customer inquiry regarding login issue issue.
TKT-2488,USR-39423,West,2026-07-05 14:52:00,Bug Report,Medium,Closed,Customer inquiry regarding bug report issue.
TKT-2489,USR-74771,West,2026-07-05 22:13:00,Product Question,Medium,Closed,Customer inquiry regarding product question issue.
TKT-2490,USR-38254,West,2026-07-05 12:08:00,Shipping,Low,Solved,Customer inquiry regarding shipping issue.
TKT-2491,USR-33641,West,2026-07-05 09:46:00,Bug Report,Low,Open,Customer inquiry regarding bug report issue.
TKT-2492,USR-44314,West,2026-07-05 13:50:00,Product Question,Low,Closed,Customer inquiry regarding product question issue.
TKT-2493,USR-86402,West,2026-07-05 07:39:00,Shipping,Low,Closed,Customer inquiry regarding shipping issue.
TKT-2494,USR-71457,West,2026-07-05 21:41:00,Shipping,Low,Closed,Customer inquiry regarding shipping issue.
TKT-2495,USR-37815,West,2026-07-05 04:55:00,Billing,High,Open,Customer inquiry regarding billing issue.
TKT-2496,USR-43584,West,2026-07-05 22:24:00,Bug Report,Medium,Solved,Customer inquiry regarding bug report issue.
TKT-2497,USR-53628,West,2026-07-05 02:06:00,Refund Request,Low,Closed,Customer inquiry regarding refund request issue.
TKT-2498,USR-15965,West,2026-07-05 07:30:00,Billing,High,Solved,Customer inquiry regarding billing issue.
TKT-2499,USR-49650,West,2026-07-05 00:16:00,Refund Request,High,Open,Customer inquiry regarding refund request issue.
TKT-2500,USR-15390,West,2026-07-05 12:42:00,Billing,Low,Solved,Customer inquiry regarding billing issue.
TKT-2501,USR-74597,West,2026-07-05 18:11:00,Billing,Low,Solved,Customer inquiry regarding billing issue.
TKT-2502,USR-66744,Southeast,2026-07-06 04:05:00,Billing,High,Solved,Customer inquiry regarding billing issue.
TKT-2503,USR-26760,Southeast,2026-07-06 04:16:00,Login Issue,Medium,Closed,Customer inquiry regarding login issue issue.
TKT-2504,USR-66372,Southeast,2026-07-06 15:55:00,Billing,High,Closed,Customer inquiry regarding billing issue.
TKT-2505,USR-77760,Southeast,2026-07-06 09:57:00,Billing,High,Closed,Customer inquiry regarding billing issue.
TKT-2506,USR-29826,Southeast,2026-07-06 10:27:00,Product Question,Medium,Open,Customer inquiry regarding product question issue.
TKT-2507,USR-16975,Southeast,2026-07-06 17:54:00,Bug Report,High,Open,Customer inquiry regarding bug report issue.
TKT-2508,USR-14700,Southeast,2026-07-06 06:09:00,Login Issue,Low,Closed,Customer inquiry regarding login issue issue.
TKT-2509,USR-67203,Southeast,2026-07-06 15:16:00,Product Question,High,Open,Customer inquiry regarding product question issue.
TKT-2510,USR-56729,Southeast,2026-07-06 03:57:00,Shipping,Low,Open,Customer inquiry regarding shipping issue.
TKT-2511,USR-24744,Southeast,2026-07-06 22:35:00,Shipping,Medium,Open,Customer inquiry regarding shipping issue.
TKT-2512,USR-22265,Southeast,2026-07-06 23:55:00,Product Question,Low,Closed,Customer inquiry regarding product question issue.
TKT-2513,USR-76681,Southeast,2026-07-06 06:55:00,Billing,Low,Closed,Customer inquiry regarding billing issue.
TKT-2514,USR-86486,Southeast,2026-07-06 08:36:00,Bug Report,High,Closed,Customer inquiry regarding bug report issue.
TKT-2515,USR-20070,Southeast,2026-07-06 00:33:00,Refund Request,Low,Open,Customer inquiry regarding refund request issue.
TKT-2516,USR-53077,Southeast,2026-07-06 07:49:00,Shipping,High,Closed,Customer inquiry regarding shipping issue.
TKT-2517,USR-61664,Southeast,2026-07-06 00:18:00,Bug Report,High,Closed,Customer inquiry regarding bug report issue.
TKT-2518,USR-13784,Southeast,2026-07-06 11:37:00,Login Issue,Medium,Closed,Customer inquiry regarding login issue issue.
TKT-2519,USR-69513,Southeast,2026-07-06 02:29:00,Bug Report,High,Open,Customer inquiry regarding bug report issue.
TKT-2520,USR-53178,Southeast,2026-07-06 20:17:00,Refund Request,High,Closed,Customer inquiry regarding refund request issue.
TKT-2521,USR-84600,Southeast,2026-07-06 01:41:00,Refund Request,Medium,Closed,Customer inquiry regarding refund request issue.
TKT-2522,USR-52358,Northeast,2026-07-06 04:13:00,Login Issue,High,Closed,Customer inquiry regarding login issue issue.
TKT-2523,USR-59989,Northeast,2026-07-06 01:47:00,Login Issue,High,Solved,Customer inquiry regarding login issue issue.
TKT-2524,USR-62286,Northeast,2026-07-06 02:25:00,Billing,Low,Closed,Customer inquiry regarding billing issue.
TKT-2525,USR-62742,Northeast,2026-07-06 02:01:00,Product Question,Low,Open,Customer inquiry regarding product question issue.
TKT-2526,USR-49131,Northeast,2026-07-06 09:41:00,Bug Report,Low,Closed,Customer inquiry regarding bug report issue.
TKT-2527,USR-99779,Northeast,2026-07-06 15:51:00,Shipping,High,Closed,Customer inquiry regarding shipping issue.
TKT-2528,USR-58163,Northeast,2026-07-06 19:08:00,Billing,High,Closed,Customer inquiry regarding billing issue.
TKT-2529,USR-72447,Northeast,2026-07-06 16:12:00,Shipping,Medium,Open,Customer inquiry regarding shipping issue.
TKT-2530,USR-65382,Northeast,2026-07-06 08:36:00,Refund Request,Medium,Closed,Customer inquiry regarding refund request issue.
TKT-2531,USR-77284,Midwest,2026-07-06 13:40:00,Shipping,Low,Closed,Customer inquiry regarding shipping issue.
TKT-2532,USR-74922,Midwest,2026-07-06 10:29:00,Bug Report,Low,Closed,Customer inquiry regarding bug report issue.
TKT-2533,USR-48103,Midwest,2026-07-06 16:40:00,Bug Report,High,Closed,Customer inquiry regarding bug report issue.
TKT-2534,USR-29478,Midwest,2026-07-06 14:27:00,Login Issue,Medium,Closed,Customer inquiry regarding login issue issue.
TKT-2535,USR-66063,Midwest,2026-07-06 04:43:00,Billing,Low,Solved,Customer inquiry regarding billing issue.
TKT-2536,USR-15910,Midwest,2026-07-06 09:36:00,Login Issue,High,Closed,Customer inquiry regarding login issue issue.
TKT-2537,USR-22384,Midwest,2026-07-06 16:06:00,Refund Request,Medium,Open,Customer inquiry regarding refund request issue.
TKT-2538,USR-56590,Midwest,2026-07-06 14:42:00,Bug Report,High,Closed,Customer inquiry regarding bug report issue.
TKT-2539,USR-24933,Midwest,2026-07-06 08:37:00,Login Issue,High,Closed,Customer inquiry regarding login issue issue.
TKT-2540,USR-61505,West,2026-07-06 23:42:00,Shipping,Low,Closed,Customer inquiry regarding shipping issue.
TKT-2541,USR-51149,West,2026-07-06 01:05:00,Shipping,High,Closed,Customer inquiry regarding shipping issue.
TKT-2542,USR-91764,West,2026-07-06 18:46:00,Shipping,High,Open,Customer inquiry regarding shipping issue.
TKT-2543,USR-20252,West,2026-07-06 08:21:00,Product Question,Low,Closed,Customer inquiry regarding product question issue.
TKT-2544,USR-66858,West,2026-07-06 23:38:00,Billing,High,Closed,Customer inquiry regarding billing issue.
TKT-2545,USR-11743,West,2026-07-06 17:01:00,Login Issue,Medium,Closed,Customer inquiry regarding login issue issue.
TKT-2546,USR-73795,Southeast,2026-07-07 22:25:00,Bug Report,High,Solved,Customer inquiry regarding bug report issue.
TKT-2547,USR-49669,Southeast,2026-07-07 09:39:00,Refund Request,Medium,Open,Customer inquiry regarding refund request issue.
TKT-2548,USR-24668,Southeast,2026-07-07 02:08:00,Product Question,Low,Closed,Customer inquiry regarding product question issue.
TKT-2549,USR-73060,Southeast,2026-07-07 00:44:00,Product Question,Low,Closed,Customer inquiry regarding product question issue.
TKT-2550,USR-92058,Southeast,2026-07-07 20:09:00,Bug Report,Low,Open,Customer inquiry regarding bug report issue.
TKT-2551,USR-29420,Southeast,2026-07-07 17:12:00,Login Issue,Medium,Open,Customer inquiry regarding login issue issue.
TKT-2552,USR-29978,Southeast,2026-07-07 15:27:00,Login Issue,Low,Closed,Customer inquiry regarding login issue issue.
TKT-2553,USR-12572,Southeast,2026-07-07 23:44:00,Shipping,Medium,Open,Customer inquiry regarding shipping issue.
TKT-2554,USR-84636,Southeast,2026-07-07 14:37:00,Product Question,Low,Closed,Customer inquiry regarding product question issue.
TKT-2555,USR-92629,Southeast,2026-07-07 12:03:00,Billing,Low,Closed,Customer inquiry regarding billing issue.
TKT-2556,USR-88097,Southeast,2026-07-07 22:27:00,Shipping,Medium,Solved,Customer inquiry regarding shipping issue.
TKT-2557,USR-62386,Southeast,2026-07-07 23:35:00,Billing,Low,Open,Customer inquiry regarding billing issue.
TKT-2558,USR-98954,Southeast,2026-07-07 15:32:00,Refund Request,High,Solved,Customer inquiry regarding refund request issue.
TKT-2559,USR-12492,Southeast,2026-07-07 15:14:00,Bug Report,Low,Solved,Customer inquiry regarding bug report issue.
TKT-2560,USR-45107,Southeast,2026-07-07 13:36:00,Billing,High,Closed,Customer inquiry regarding billing issue.
TKT-2561,USR-91618,Southeast,2026-07-07 20:26:00,Shipping,Low,Open,Customer inquiry regarding shipping issue.
TKT-2562,USR-12727,Northeast,2026-07-07 20:22:00,Shipping,High,Open,Customer inquiry regarding shipping issue.
TKT-2563,USR-55068,Northeast,2026-07-07 05:18:00,Bug Report,Low,Open,Customer inquiry regarding bug report issue.
TKT-2564,USR-99780,Northeast,2026-07-07 14:14:00,Refund Request,Low,Solved,Customer inquiry regarding refund request issue.
TKT-2565,USR-27191,Northeast,2026-07-07 10:58:00,Refund Request,High,Open,Customer inquiry regarding refund request issue.
TKT-2566,USR-98225,Northeast,2026-07-07 09:46:00,Bug Report,Medium,Open,Customer inquiry regarding bug report issue.
TKT-2567,USR-91506,Northeast,2026-07-07 20:47:00,Billing,Medium,Closed,Customer inquiry regarding billing issue.
TKT-2568,USR-97432,Northeast,2026-07-07 06:18:00,Bug Report,High,Closed,Customer inquiry regarding bug report issue.
TKT-2569,USR-89396,Northeast,2026-07-07 15:08:00,Product Question,Low,Closed,Customer inquiry regarding product question issue.
TKT-2570,USR-40765,Northeast,2026-07-07 15:06:00,Shipping,Medium,Closed,Customer inquiry regarding shipping issue.
TKT-2571,USR-44184,Northeast,2026-07-07 06:35:00,Login Issue,Low,Closed,Customer inquiry regarding login issue issue.
TKT-2572,USR-14190,Northeast,2026-07-07 11:43:00,Product Question,Low,Solved,Customer inquiry regarding product question issue.
TKT-2573,USR-39712,Northeast,2026-07-07 02:21:00,Shipping,Low,Solved,Customer inquiry regarding shipping issue.
TKT-2574,USR-54606,Northeast,2026-07-07 03:35:00,Product Question,Medium,Closed,Customer inquiry regarding product question issue.
TKT-2575,USR-29815,Northeast,2026-07-07 11:49:00,Login Issue,High,Closed,Customer inquiry regarding login issue issue.
TKT-2576,USR-16608,Northeast,2026-07-07 22:55:00,Refund Request,High,Closed,Customer inquiry regarding refund request issue.
TKT-2577,USR-89908,Midwest,2026-07-07 14:53:00,Login Issue,Low,Solved,Customer inquiry regarding login issue issue.
TKT-2578,USR-23816,Midwest,2026-07-07 03:52:00,Refund Request,Low,Solved,Customer inquiry regarding refund request issue.
TKT-2579,USR-30582,Midwest,2026-07-07 05:40:00,Login Issue,Low,Closed,Customer inquiry regarding login issue issue.
TKT-2580,USR-75325,Midwest,2026-07-07 23:18:00,Bug Report,Medium,Solved,Customer inquiry regarding bug report issue.
TKT-2581,USR-53857,Midwest,2026-07-07 23:55:00,Login Issue,Low,Closed,Customer inquiry regarding login issue issue.
TKT-2582,USR-10863,Midwest,2026-07-07 04:07:00,Product Question,Medium,Open,Customer inquiry regarding product question issue.
TKT-2583,USR-76194,Midwest,2026-07-07 07:53:00,Shipping,Medium,Closed,Customer inquiry regarding shipping issue.
TKT-2584,USR-57270,Midwest,2026-07-07 05:05:00,Billing,Medium,Open,Customer inquiry regarding billing issue.
TKT-2585,USR-65275,Midwest,2026-07-07 20:42:00,Product Question,Low,Solved,Customer inquiry regarding product question issue.
TKT-2586,USR-70129,Midwest,2026-07-07 07:08:00,Shipping,Medium,Open,Customer inquiry regarding shipping issue.
TKT-2587,USR-68009,West,2026-07-07 16:50:00,Bug Report,Medium,Closed,Customer inquiry regarding bug report issue.
TKT-2588,USR-19120,West,2026-07-07 04:49:00,Login Issue,High,Solved,Customer inquiry regarding login issue issue.
TKT-2589,USR-66894,West,2026-07-07 02:21:00,Billing,Medium,Closed,Customer inquiry regarding billing issue.
TKT-2590,USR-85308,West,2026-07-07 01:25:00,Login Issue,High,Closed,Customer inquiry regarding login issue issue.
TKT-2591,USR-48761,West,2026-07-07 01:40:00,Bug Report,High,Solved,Customer inquiry regarding bug report issue.
TKT-2592,USR-49888,West,2026-07-07 13:25:00,Bug Report,High,Solved,Customer inquiry regarding bug report issue.
TKT-2593,USR-46671,West,2026-07-07 23:47:00,Billing,Medium,Closed,Customer inquiry regarding billing issue.
TKT-2594,USR-68482,West,2026-07-07 16:39:00,Product Question,High,Open,Customer inquiry regarding product question issue.
TKT-2595,USR-55252,Southeast,2026-07-08 19:50:00,Refund Request,High,Open,Customer inquiry regarding refund request issue.
TKT-2596,USR-14845,Southeast,2026-07-08 20:25:00,Product Question,Medium,Closed,Customer inquiry regarding product question issue.
TKT-2597,USR-78219,Southeast,2026-07-08 17:21:00,Shipping,High,Closed,Customer inquiry regarding shipping issue.
TKT-2598,USR-82323,Southeast,2026-07-08 17:18:00,Product Question,Low,Solved,Customer inquiry regarding product question issue.
TKT-2599,USR-13069,Southeast,2026-07-08 09:33:00,Billing,High,Closed,Customer inquiry regarding billing issue.
TKT-2600,USR-41632,Southeast,2026-07-08 00:56:00,Refund Request,High,Closed,Customer inquiry regarding refund request issue.
TKT-2601,USR-17857,Southeast,2026-07-08 09:46:00,Shipping,High,Closed,Customer inquiry regarding shipping issue.
TKT-2602,USR-26228,Southeast,2026-07-08 11:16:00,Bug Report,High,Closed,Customer inquiry regarding bug report issue.
TKT-2603,USR-49054,Southeast,2026-07-08 01:48:00,Bug Report,Low,Open,Customer inquiry regarding bug report issue.
TKT-2604,USR-40945,Southeast,2026-07-08 18:47:00,Login Issue,Medium,Closed,Customer inquiry regarding login issue issue.
TKT-2605,USR-88059,Southeast,2026-07-08 23:37:00,Refund Request,High,Solved,Customer inquiry regarding refund request issue.
TKT-2606,USR-98137,Northeast,2026-07-08 07:22:00,Billing,Medium,Solved,Customer inquiry regarding billing issue.
TKT-2607,USR-23792,Northeast,2026-07-08 04:45:00,Shipping,High,Closed,Customer inquiry regarding shipping issue.
TKT-2608,USR-69547,Northeast,2026-07-08 10:33:00,Refund Request,Low,Closed,Customer inquiry regarding refund request issue.
TKT-2609,USR-20740,Northeast,2026-07-08 03:09:00,Bug Report,Medium,Open,Customer inquiry regarding bug report issue.
TKT-2610,USR-38152,Northeast,2026-07-08 02:03:00,Shipping,Low,Open,Customer inquiry regarding shipping issue.
TKT-2611,USR-62789,Northeast,2026-07-08 14:04:00,Billing,High,Solved,Customer inquiry regarding billing issue.
TKT-2612,USR-86585,Northeast,2026-07-08 18:35:00,Refund Request,Medium,Closed,Customer inquiry regarding refund request issue.
TKT-2613,USR-31344,Midwest,2026-07-08 14:44:00,Shipping,High,Open,Customer inquiry regarding shipping issue.
TKT-2614,USR-26958,Midwest,2026-07-08 04:32:00,Product Question,Medium,Open,Customer inquiry regarding product question issue.
TKT-2615,USR-69694,Midwest,2026-07-08 22:32:00,Refund Request,Low,Closed,Customer inquiry regarding refund request issue.
TKT-2616,USR-58409,Midwest,2026-07-08 15:02:00,Bug Report,Low,Solved,Customer inquiry regarding bug report issue.
TKT-2617,USR-58442,West,2026-07-08 03:38:00,Shipping,Low,Closed,Customer inquiry regarding shipping issue.
TKT-2618,USR-25432,West,2026-07-08 18:18:00,Login Issue,High,Closed,Customer inquiry regarding login issue issue.
TKT-2619,USR-73691,West,2026-07-08 11:19:00,Billing,Medium,Closed,Customer inquiry regarding billing issue.
TKT-2620,USR-65280,West,2026-07-08 00:50:00,Product Question,Low,Solved,Customer inquiry regarding product question issue.
TKT-2621,USR-33996,West,2026-07-08 01:59:00,Billing,Medium,Closed,Customer inquiry regarding billing issue.
TKT-2622,USR-55698,West,2026-07-08 23:31:00,Login Issue,Low,Solved,Customer inquiry regarding login issue issue.
TKT-2623,USR-85112,West,2026-07-08 02:55:00,Login Issue,Medium,Open,Customer inquiry regarding login issue issue.
TKT-2624,USR-72289,West,2026-07-08 09:36:00,Shipping,Medium,Open,Customer inquiry regarding shipping issue.
TKT-2625,USR-76160,West,2026-07-08 23:53:00,Refund Request,Low,Closed,Customer inquiry regarding refund request issue.
TKT-2626,USR-29527,West,2026-07-08 20:29:00,Shipping,High,Open,Customer inquiry regarding shipping issue.
TKT-2627,USR-40516,Southeast,2026-07-09 19:42:00,Refund Request,Medium,Open,Customer inquiry regarding refund request issue.
TKT-2628,USR-46356,Southeast,2026-07-09 12:21:00,Refund Request,Low,Open,Customer inquiry regarding refund request issue.
TKT-2629,USR-84972,Southeast,2026-07-09 20:05:00,Product Question,High,Closed,Customer inquiry regarding product question issue.
TKT-2630,USR-94562,Southeast,2026-07-09 20:50:00,Bug Report,Medium,Solved,Customer inquiry regarding bug report issue.
TKT-2631,USR-91094,Southeast,2026-07-09 03:41:00,Refund Request,Low,Closed,Customer inquiry regarding refund request issue.
TKT-2632,USR-34824,Southeast,2026-07-09 17:36:00,Login Issue,High,Solved,Customer inquiry regarding login issue issue.
TKT-2633,USR-33559,Southeast,2026-07-09 15:32:00,Login Issue,Low,Solved,Customer inquiry regarding login issue issue.
TKT-2634,USR-68226,Southeast,2026-07-09 00:17:00,Product Question,Low,Solved,Customer inquiry regarding product question issue.
TKT-2635,USR-62664,Southeast,2026-07-09 02:51:00,Refund Request,High,Closed,Customer inquiry regarding refund request issue.
TKT-2636,USR-67280,Southeast,2026-07-09 18:02:00,Shipping,Low,Closed,Customer inquiry regarding shipping issue.
TKT-2637,USR-60070,Southeast,2026-07-09 05:26:00,Login Issue,High,Closed,Customer inquiry regarding login issue issue.
TKT-2638,USR-32040,Southeast,2026-07-09 08:05:00,Login Issue,Low,Solved,Customer inquiry regarding login issue issue.
TKT-2639,USR-30214,Southeast,2026-07-09 09:09:00,Product Question,Medium,Closed,Customer inquiry regarding product question issue.
TKT-2640,USR-90540,Southeast,2026-07-09 09:26:00,Bug Report,Low,Closed,Customer inquiry regarding bug report issue.
TKT-2641,USR-49062,Southeast,2026-07-09 10:11:00,Login Issue,High,Closed,Customer inquiry regarding login issue issue.
TKT-2642,USR-52495,Southeast,2026-07-09 12:06:00,Billing,Low,Open,Customer inquiry regarding billing issue.
TKT-2643,USR-41407,Northeast,2026-07-09 08:24:00,Login Issue,Low,Closed,Customer inquiry regarding login issue issue.
TKT-2644,USR-76115,Northeast,2026-07-09 19:37:00,Product Question,Medium,Solved,Customer inquiry regarding product question issue.
TKT-2645,USR-70925,Northeast,2026-07-09 12:07:00,Billing,Low,Closed,Customer inquiry regarding billing issue.
TKT-2646,USR-63411,Northeast,2026-07-09 17:26:00,Login Issue,Medium,Closed,Customer inquiry regarding login issue issue.
TKT-2647,USR-86830,Northeast,2026-07-09 20:14:00,Login Issue,Medium,Solved,Customer inquiry regarding login issue issue.
TKT-2648,USR-49926,Northeast,2026-07-09 21:06:00,Product Question,High,Closed,Customer inquiry regarding product question issue.
TKT-2649,USR-36667,Northeast,2026-07-09 18:26:00,Shipping,Low,Solved,Customer inquiry regarding shipping issue.
TKT-2650,USR-80455,Northeast,2026-07-09 04:23:00,Refund Request,Low,Closed,Customer inquiry regarding refund request issue.
TKT-2651,USR-10131,Northeast,2026-07-09 13:58:00,Refund Request,Medium,Closed,Customer inquiry regarding refund request issue.
TKT-2652,USR-10071,Northeast,2026-07-09 14:53:00,Refund Request,Medium,Closed,Customer inquiry regarding refund request issue.
TKT-2653,USR-56061,Midwest,2026-07-09 08:38:00,Billing,High,Open,Customer inquiry regarding billing issue.
TKT-2654,USR-15961,Midwest,2026-07-09 20:13:00,Refund Request,High,Closed,Customer inquiry regarding refund request issue.
TKT-2655,USR-49405,Midwest,2026-07-09 05:47:00,Refund Request,High,Closed,Customer inquiry regarding refund request issue.
TKT-2656,USR-82938,Midwest,2026-07-09 02:25:00,Bug Report,Low,Closed,Customer inquiry regarding bug report issue.
TKT-2657,USR-76167,Midwest,2026-07-09 08:56:00,Shipping,Low,Solved,Customer inquiry regarding shipping issue.
TKT-2658,USR-69338,Midwest,2026-07-09 10:56:00,Bug Report,Medium,Closed,Customer inquiry regarding bug report issue.
TKT-2659,USR-37606,Midwest,2026-07-09 08:15:00,Bug Report,Medium,Closed,Customer inquiry regarding bug report issue.
TKT-2660,USR-94730,Midwest,2026-07-09 14:38:00,Billing,Low,Closed,Customer inquiry regarding billing issue.
TKT-2661,USR-98172,Midwest,2026-07-09 00:38:00,Shipping,Low,Closed,Customer inquiry regarding shipping issue.
TKT-2662,USR-61483,Midwest,2026-07-09 05:26:00,Refund Request,High,Open,Customer inquiry regarding refund request issue.
TKT-2663,USR-80601,Midwest,2026-07-09 17:05:00,Bug Report,High,Closed,Customer inquiry regarding bug report issue.
TKT-2664,USR-56267,Midwest,2026-07-09 00:57:00,Bug Report,Medium,Closed,Customer inquiry regarding bug report issue.
TKT-2665,USR-33224,Midwest,2026-07-09 12:52:00,Refund Request,Medium,Open,Customer inquiry regarding refund request issue.
TKT-2666,USR-35295,Midwest,2026-07-09 22:00:00,Login Issue,Medium,Closed,Customer inquiry regarding login issue issue.
TKT-2667,USR-46848,West,2026-07-09 14:00:00,Product Question,High,Closed,Customer inquiry regarding product question issue.
TKT-2668,USR-21792,West,2026-07-09 21:58:00,Bug Report,Medium,Closed,Customer inquiry regarding bug report issue.
TKT-2669,USR-40704,West,2026-07-09 19:40:00,Billing,High,Closed,Customer inquiry regarding billing issue.
TKT-2670,USR-89433,West,2026-07-09 15:23:00,Login Issue,Medium,Open,Customer inquiry regarding login issue issue.
TKT-2671,USR-24541,West,2026-07-09 06:00:00,Product Question,High,Open,Customer inquiry regarding product question issue.
TKT-2672,USR-82323,West,2026-07-09 08:36:00,Refund Request,Medium,Closed,Customer inquiry regarding refund request issue.
TKT-2673,USR-84074,West,2026-07-09 06:42:00,Bug Report,High,Solved,Customer inquiry regarding bug report issue.
TKT-2674,USR-26702,West,2026-07-09 05:04:00,Refund Request,Low,Closed,Customer inquiry regarding refund request issue.
TKT-2675,USR-45956,West,2026-07-09 08:59:00,Refund Request,Low,Solved,Customer inquiry regarding refund request issue.
TKT-2676,USR-90538,West,2026-07-09 06:54:00,Bug Report,Low,Solved,Customer inquiry regarding bug report issue.
TKT-2677,USR-65982,West,2026-07-09 08:43:00,Refund Request,Medium,Closed,Customer inquiry regarding refund request issue.
TKT-2678,USR-66694,West,2026-07-09 20:43:00,Bug Report,Low,Closed,Customer inquiry regarding bug report issue.
TKT-2679,USR-57378,Southeast,2026-07-10 03:43:00,Refund Request,Medium,Open,Customer inquiry regarding refund request issue.
TKT-2680,USR-16155,Southeast,2026-07-10 16:48:00,Login Issue,High,Closed,Customer inquiry regarding login issue issue.
TKT-2681,USR-51450,Southeast,2026-07-10 08:58:00,Shipping,High,Open,Customer inquiry regarding shipping issue.
TKT-2682,USR-84949,Southeast,2026-07-10 00:25:00,Product Question,Medium,Closed,Customer inquiry regarding product question issue.
TKT-2683,USR-19757,Southeast,2026-07-10 00:47:00,Product Question,High,Open,Customer inquiry regarding product question issue.
TKT-2684,USR-18237,Southeast,2026-07-10 07:12:00,Product Question,Medium,Closed,Customer inquiry regarding product question issue.
TKT-2685,USR-66616,Southeast,2026-07-10 20:40:00,Login Issue,Low,Open,Customer inquiry regarding login issue issue.
TKT-2686,USR-42394,Southeast,2026-07-10 00:37:00,Bug Report,Medium,Closed,Customer inquiry regarding bug report issue.
TKT-2687,USR-53724,Southeast,2026-07-10 03:30:00,Product Question,Medium,Closed,Customer inquiry regarding product question issue.
TKT-2688,USR-91207,Southeast,2026-07-10 16:50:00,Product Question,Low,Solved,Customer inquiry regarding product question issue.
TKT-2689,USR-85882,Southeast,2026-07-10 14:48:00,Login Issue,High,Open,Customer inquiry regarding login issue issue.
TKT-2690,USR-51062,Southeast,2026-07-10 03:05:00,Login Issue,Low,Open,Customer inquiry regarding login issue issue.
TKT-2691,USR-17181,Southeast,2026-07-10 22:04:00,Product Question,Low,Open,Customer inquiry regarding product question issue.
TKT-2692,USR-23346,Southeast,2026-07-10 09:39:00,Bug Report,Medium,Closed,Customer inquiry regarding bug report issue.
TKT-2693,USR-59998,Southeast,2026-07-10 21:03:00,Refund Request,Low,Closed,Customer inquiry regarding refund request issue.
TKT-2694,USR-88587,Southeast,2026-07-10 12:06:00,Refund Request,Medium,Closed,Customer inquiry regarding refund request issue.
TKT-2695,USR-70844,Northeast,2026-07-10 21:39:00,Login Issue,Medium,Open,Customer inquiry regarding login issue issue.
TKT-2696,USR-54514,Northeast,2026-07-10 13:56:00,Refund Request,High,Closed,Customer inquiry regarding refund request issue.
TKT-2697,USR-53017,Northeast,2026-07-10 20:43:00,Login Issue,Medium,Solved,Customer inquiry regarding login issue issue.
TKT-2698,USR-88010,Northeast,2026-07-10 18:12:00,Login Issue,Low,Closed,Customer inquiry regarding login issue issue.
TKT-2699,USR-26512,Northeast,2026-07-10 22:04:00,Refund Request,Low,Solved,Customer inquiry regarding refund request issue.
TKT-2700,USR-73097,Northeast,2026-07-10 20:32:00,Billing,Medium,Open,Customer inquiry regarding billing issue.
TKT-2701,USR-28045,Northeast,2026-07-10 23:39:00,Shipping,Low,Closed,Customer inquiry regarding shipping issue.
TKT-2702,USR-67127,Northeast,2026-07-10 01:03:00,Product Question,Medium,Solved,Customer inquiry regarding product question issue.
TKT-2703,USR-80928,Northeast,2026-07-10 16:41:00,Billing,Medium,Solved,Customer inquiry regarding billing issue.
TKT-2704,USR-11059,Midwest,2026-07-10 09:38:00,Billing,Medium,Closed,Customer inquiry regarding billing issue.
TKT-2705,USR-17512,Midwest,2026-07-10 16:37:00,Bug Report,High,Closed,Customer inquiry regarding bug report issue.
TKT-2706,USR-55064,Midwest,2026-07-10 07:32:00,Refund Request,Low,Open,Customer inquiry regarding refund request issue.
TKT-2707,USR-54767,Midwest,2026-07-10 06:12:00,Bug Report,Low,Closed,Customer inquiry regarding bug report issue.
TKT-2708,USR-88612,Midwest,2026-07-10 06:42:00,Shipping,High,Open,Customer inquiry regarding shipping issue.
TKT-2709,USR-90753,Midwest,2026-07-10 22:21:00,Refund Request,High,Closed,Customer inquiry regarding refund request issue.
TKT-2710,USR-69546,Midwest,2026-07-10 09:26:00,Billing,Low,Closed,Customer inquiry regarding billing issue.
TKT-2711,USR-40182,Midwest,2026-07-10 01:31:00,Product Question,Low,Closed,Customer inquiry regarding product question issue.
TKT-2712,USR-53452,West,2026-07-10 14:39:00,Product Question,Low,Open,Customer inquiry regarding product question issue.
TKT-2713,USR-10881,West,2026-07-10 23:24:00,Product Question,Medium,Closed,Customer inquiry regarding product question issue.
TKT-2714,USR-82704,West,2026-07-10 11:00:00,Login Issue,Medium,Closed,Customer inquiry regarding login issue issue.
TKT-2715,USR-92750,West,2026-07-10 03:09:00,Billing,Medium,Closed,Customer inquiry regarding billing issue.
TKT-2716,USR-36099,West,2026-07-10 18:58:00,Billing,Low,Closed,Customer inquiry regarding billing issue.
TKT-2717,USR-32843,West,2026-07-10 06:18:00,Product Question,Low,Closed,Customer inquiry regarding product question issue.
TKT-2718,USR-35688,West,2026-07-10 10:54:00,Refund Request,Low,Closed,Customer inquiry regarding refund request issue.
TKT-2719,USR-98795,West,2026-07-10 00:11:00,Billing,Low,Closed,Customer inquiry regarding billing issue.
TKT-2720,USR-41476,Southeast,2026-07-11 03:21:00,Product Question,Medium,Open,Customer inquiry regarding product question issue.
TKT-2721,USR-79065,Southeast,2026-07-11 11:51:00,Billing,High,Closed,Customer inquiry regarding billing issue.
TKT-2722,USR-25531,Southeast,2026-07-11 19:56:00,Shipping,High,Closed,Customer inquiry regarding shipping issue.
TKT-2723,USR-79803,Southeast,2026-07-11 04:56:00,Product Question,Low,Closed,Customer inquiry regarding product question issue.
TKT-2724,USR-66300,Southeast,2026-07-11 12:44:00,Billing,Medium,Solved,Customer inquiry regarding billing issue.
TKT-2725,USR-34785,Southeast,2026-07-11 20:15:00,Login Issue,High,Solved,Customer inquiry regarding login issue issue.
TKT-2726,USR-16980,Southeast,2026-07-11 17:18:00,Product Question,Medium,Closed,Customer inquiry regarding product question issue.
TKT-2727,USR-86556,Southeast,2026-07-11 20:50:00,Billing,Low,Solved,Customer inquiry regarding billing issue.
TKT-2728,USR-96966,Southeast,2026-07-11 15:13:00,Bug Report,Low,Open,Customer inquiry regarding bug report issue.
TKT-2729,USR-94550,Southeast,2026-07-11 19:04:00,Product Question,High,Open,Customer inquiry regarding product question issue.
TKT-2730,USR-33461,Southeast,2026-07-11 16:23:00,Shipping,High,Open,Customer inquiry regarding shipping issue.
TKT-2731,USR-74853,Southeast,2026-07-11 10:45:00,Billing,High,Open,Customer inquiry regarding billing issue.
TKT-2732,USR-95162,Southeast,2026-07-11 15:17:00,Refund Request,Medium,Solved,Customer inquiry regarding refund request issue.
TKT-2733,USR-40721,Southeast,2026-07-11 01:13:00,Product Question,Low,Open,Customer inquiry regarding product question issue.
TKT-2734,USR-84890,Southeast,2026-07-11 12:13:00,Billing,Medium,Open,Customer inquiry regarding billing issue.
TKT-2735,USR-21109,Southeast,2026-07-11 05:59:00,Billing,Medium,Solved,Customer inquiry regarding billing issue.
TKT-2736,USR-78002,Southeast,2026-07-11 04:48:00,Login Issue,Medium,Open,Customer inquiry regarding login issue issue.
TKT-2737,USR-77143,Northeast,2026-07-11 11:14:00,Refund Request,Low,Open,Customer inquiry regarding refund request issue.
TKT-2738,USR-66689,Northeast,2026-07-11 19:21:00,Shipping,Medium,Open,Customer inquiry regarding shipping issue.
TKT-2739,USR-60118,Northeast,2026-07-11 13:23:00,Shipping,Medium,Closed,Customer inquiry regarding shipping issue.
TKT-2740,USR-94587,Northeast,2026-07-11 00:11:00,Shipping,Low,Closed,Customer inquiry regarding shipping issue.
TKT-2741,USR-77212,Northeast,2026-07-11 02:22:00,Login Issue,Medium,Solved,Customer inquiry regarding login issue issue.
TKT-2742,USR-22898,Northeast,2026-07-11 17:41:00,Login Issue,Medium,Closed,Customer inquiry regarding login issue issue.
TKT-2743,USR-36254,Northeast,2026-07-11 03:04:00,Billing,Low,Solved,Customer inquiry regarding billing issue.
TKT-2744,USR-49677,Northeast,2026-07-11 10:12:00,Bug Report,Medium,Closed,Customer inquiry regarding bug report issue.
TKT-2745,USR-89171,Northeast,2026-07-11 23:52:00,Bug Report,Medium,Closed,Customer inquiry regarding bug report issue.
TKT-2746,USR-44227,Northeast,2026-07-11 04:54:00,Bug Report,High,Solved,Customer inquiry regarding bug report issue.
TKT-2747,USR-62928,Northeast,2026-07-11 00:49:00,Billing,Medium,Closed,Customer inquiry regarding billing issue.
TKT-2748,USR-71866,Northeast,2026-07-11 12:52:00,Refund Request,High,Closed,Customer inquiry regarding refund request issue.
TKT-2749,USR-39743,Northeast,2026-07-11 20:32:00,Product Question,Medium,Closed,Customer inquiry regarding product question issue.
TKT-2750,USR-77610,Northeast,2026-07-11 23:47:00,Product Question,Medium,Closed,Customer inquiry regarding product question issue.
TKT-2751,USR-54650,Northeast,2026-07-11 18:50:00,Refund Request,Medium,Open,Customer inquiry regarding refund request issue.
TKT-2752,USR-67498,Midwest,2026-07-11 06:27:00,Bug Report,Medium,Closed,Customer inquiry regarding bug report issue.
TKT-2753,USR-28212,Midwest,2026-07-11 14:54:00,Refund Request,Low,Closed,Customer inquiry regarding refund request issue.
TKT-2754,USR-75509,Midwest,2026-07-11 18:55:00,Product Question,Medium,Closed,Customer inquiry regarding product question issue.
TKT-2755,USR-64938,Midwest,2026-07-11 21:53:00,Billing,Medium,Closed,Customer inquiry regarding billing issue.
TKT-2756,USR-49274,Midwest,2026-07-11 13:43:00,Shipping,High,Solved,Customer inquiry regarding shipping issue.
TKT-2757,USR-28236,Midwest,2026-07-11 10:37:00,Login Issue,High,Closed,Customer inquiry regarding login issue issue.
TKT-2758,USR-89670,Midwest,2026-07-11 04:21:00,Refund Request,High,Solved,Customer inquiry regarding refund request issue.
TKT-2759,USR-61201,Midwest,2026-07-11 18:55:00,Shipping,Medium,Closed,Customer inquiry regarding shipping issue.
TKT-2760,USR-24239,West,2026-07-11 02:34:00,Shipping,Low,Open,Customer inquiry regarding shipping issue.
TKT-2761,USR-22221,West,2026-07-11 10:36:00,Shipping,High,Closed,Customer inquiry regarding shipping issue.
TKT-2762,USR-14202,West,2026-07-11 05:06:00,Bug Report,High,Closed,Customer inquiry regarding bug report issue.
TKT-2763,USR-36083,West,2026-07-11 22:38:00,Shipping,Low,Closed,Customer inquiry regarding shipping issue.
TKT-2764,USR-40544,West,2026-07-11 02:58:00,Shipping,Medium,Closed,Customer inquiry regarding shipping issue.
TKT-2765,USR-17530,West,2026-07-11 09:42:00,Refund Request,Low,Open,Customer inquiry regarding refund request issue.
TKT-2766,USR-63852,West,2026-07-11 11:33:00,Login Issue,Low,Closed,Customer inquiry regarding login issue issue.
TKT-2767,USR-60986,Southeast,2026-07-12 04:34:00,Shipping,Medium,Closed,Customer inquiry regarding shipping issue.
TKT-2768,USR-97135,Southeast,2026-07-12 06:08:00,Product Question,Medium,Open,Customer inquiry regarding product question issue.
TKT-2769,USR-87003,Southeast,2026-07-12 15:10:00,Refund Request,High,Closed,Customer inquiry regarding refund request issue.
TKT-2770,USR-46102,Southeast,2026-07-12 06:32:00,Bug Report,High,Open,Customer inquiry regarding bug report issue.
TKT-2771,USR-62328,Southeast,2026-07-12 06:00:00,Product Question,Medium,Closed,Customer inquiry regarding product question issue.
TKT-2772,USR-84609,Southeast,2026-07-12 19:51:00,Product Question,High,Closed,Customer inquiry regarding product question issue.
TKT-2773,USR-21941,Southeast,2026-07-12 15:29:00,Shipping,High,Closed,Customer inquiry regarding shipping issue.
TKT-2774,USR-61260,Northeast,2026-07-12 09:41:00,Shipping,Medium,Closed,Customer inquiry regarding shipping issue.
TKT-2775,USR-33537,Northeast,2026-07-12 19:52:00,Product Question,Medium,Closed,Customer inquiry regarding product question issue.
TKT-2776,USR-96386,Northeast,2026-07-12 19:46:00,Shipping,Medium,Open,Customer inquiry regarding shipping issue.
TKT-2777,USR-15723,Northeast,2026-07-12 05:44:00,Refund Request,Low,Open,Customer inquiry regarding refund request issue.
TKT-2778,USR-48258,Northeast,2026-07-12 07:56:00,Product Question,Medium,Solved,Customer inquiry regarding product question issue.
TKT-2779,USR-74682,Northeast,2026-07-12 21:58:00,Login Issue,High,Closed,Customer inquiry regarding login issue issue.
TKT-2780,USR-20031,Northeast,2026-07-12 13:48:00,Refund Request,Low,Closed,Customer inquiry regarding refund request issue.
TKT-2781,USR-31605,Northeast,2026-07-12 03:32:00,Billing,Medium,Open,Customer inquiry regarding billing issue.
TKT-2782,USR-13501,Northeast,2026-07-12 08:13:00,Refund Request,Low,Open,Customer inquiry regarding refund request issue.
TKT-2783,USR-59958,Northeast,2026-07-12 02:40:00,Bug Report,High,Open,Customer inquiry regarding bug report issue.
TKT-2784,USR-14951,Northeast,2026-07-12 10:47:00,Shipping,Low,Open,Customer inquiry regarding shipping issue.
TKT-2785,USR-52875,Northeast,2026-07-12 00:16:00,Login Issue,High,Closed,Customer inquiry regarding login issue issue.
TKT-2786,USR-18943,Northeast,2026-07-12 21:47:00,Shipping,Medium,Open,Customer inquiry regarding shipping issue.
TKT-2787,USR-28383,Northeast,2026-07-12 02:35:00,Bug Report,Low,Open,Customer inquiry regarding bug report issue.
TKT-2788,USR-12367,Northeast,2026-07-12 15:52:00,Billing,Low,Closed,Customer inquiry regarding billing issue.
TKT-2789,USR-80078,Northeast,2026-07-12 19:06:00,Product Question,Medium,Closed,Customer inquiry regarding product question issue.
TKT-2790,USR-98785,Northeast,2026-07-12 23:25:00,Product Question,Low,Closed,Customer inquiry regarding product question issue.
TKT-2791,USR-38333,Midwest,2026-07-12 05:13:00,Bug Report,Low,Solved,Customer inquiry regarding bug report issue.
TKT-2792,USR-94018,Midwest,2026-07-12 14:44:00,Login Issue,High,Solved,Customer inquiry regarding login issue issue.
TKT-2793,USR-50412,Midwest,2026-07-12 21:45:00,Bug Report,Low,Open,Customer inquiry regarding bug report issue.
TKT-2794,USR-59465,Midwest,2026-07-12 14:03:00,Refund Request,Low,Closed,Customer inquiry regarding refund request issue.
TKT-2795,USR-36212,Midwest,2026-07-12 06:59:00,Product Question,Medium,Closed,Customer inquiry regarding product question issue.
TKT-2796,USR-54186,Midwest,2026-07-12 02:01:00,Shipping,Low,Closed,Customer inquiry regarding shipping issue.
TKT-2797,USR-22661,Midwest,2026-07-12 06:43:00,Bug Report,Low,Closed,Customer inquiry regarding bug report issue.
TKT-2798,USR-64484,West,2026-07-12 21:10:00,Bug Report,Low,Closed,Customer inquiry regarding bug report issue.
TKT-2799,USR-92154,West,2026-07-12 16:06:00,Billing,Medium,Solved,Customer inquiry regarding billing issue.
TKT-2800,USR-66083,West,2026-07-12 06:39:00,Product Question,High,Open,Customer inquiry regarding product question issue.
TKT-2801,USR-52384,West,2026-07-12 03:14:00,Product Question,Low,Closed,Customer inquiry regarding product question issue.
TKT-2802,USR-11570,West,2026-07-12 05:00:00,Shipping,High,Closed,Customer inquiry regarding shipping issue.
TKT-2803,USR-96240,West,2026-07-12 12:13:00,Shipping,Low,Closed,Customer inquiry regarding shipping issue.
TKT-2804,USR-18825,West,2026-07-12 08:41:00,Refund Request,Medium,Closed,Customer inquiry regarding refund request issue.
TKT-2805,USR-23344,West,2026-07-12 06:26:00,Billing,High,Open,Customer inquiry regarding billing issue.
TKT-2806,USR-22418,West,2026-07-12 22:34:00,Refund Request,Low,Closed,Customer inquiry regarding refund request issue.
TKT-2807,USR-98853,West,2026-07-12 19:20:00,Bug Report,High,Open,Customer inquiry regarding bug report issue.
TKT-2808,USR-97342,West,2026-07-12 22:08:00,Billing,Low,Closed,Customer inquiry regarding billing issue.
TKT-2809,USR-86681,West,2026-07-12 15:04:00,Billing,Low,Solved,Customer inquiry regarding billing issue.
TKT-2810,USR-75984,West,2026-07-12 14:24:00,Refund Request,High,Closed,Customer inquiry regarding refund request issue.
TKT-2811,USR-40984,Southeast,2026-07-13 07:01:00,Refund Request,Low,Closed,Customer inquiry regarding refund request issue.
TKT-2812,USR-17854,Southeast,2026-07-13 23:27:00,Product Question,High,Closed,Customer inquiry regarding product question issue.
TKT-2813,USR-29879,Southeast,2026-07-13 04:23:00,Shipping,Medium,Closed,Customer inquiry regarding shipping issue.
TKT-2814,USR-88390,Southeast,2026-07-13 12:13:00,Bug Report,Low,Closed,Customer inquiry regarding bug report issue.
TKT-2815,USR-51620,Southeast,2026-07-13 14:47:00,Billing,Low,Closed,Customer inquiry regarding billing issue.
TKT-2816,USR-94940,Southeast,2026-07-13 20:50:00,Login Issue,High,Open,Customer inquiry regarding login issue issue.
TKT-2817,USR-54922,Southeast,2026-07-13 09:48:00,Login Issue,Low,Closed,Customer inquiry regarding login issue issue.
TKT-2818,USR-39156,Northeast,2026-07-13 07:13:00,Refund Request,Low,Closed,Customer inquiry regarding refund request issue.
TKT-2819,USR-34057,Northeast,2026-07-13 19:55:00,Shipping,High,Closed,Customer inquiry regarding shipping issue.
TKT-2820,USR-19173,Northeast,2026-07-13 14:40:00,Login Issue,Low,Open,Customer inquiry regarding login issue issue.
TKT-2821,USR-26457,Northeast,2026-07-13 06:03:00,Bug Report,Low,Closed,Customer inquiry regarding bug report issue.
TKT-2822,USR-40973,Northeast,2026-07-13 02:11:00,Refund Request,High,Closed,Customer inquiry regarding refund request issue.
TKT-2823,USR-50824,Northeast,2026-07-13 16:05:00,Shipping,High,Open,Customer inquiry regarding shipping issue.
TKT-2824,USR-33125,Northeast,2026-07-13 05:46:00,Product Question,Low,Open,Customer inquiry regarding product question issue.
TKT-2825,USR-73068,Midwest,2026-07-13 18:28:00,Bug Report,Low,Closed,Customer inquiry regarding bug report issue.
TKT-2826,USR-71697,Midwest,2026-07-13 02:23:00,Shipping,Medium,Closed,Customer inquiry regarding shipping issue.
TKT-2827,USR-30431,Midwest,2026-07-13 14:27:00,Refund Request,High,Open,Customer inquiry regarding refund request issue.
TKT-2828,USR-49351,Midwest,2026-07-13 15:01:00,Shipping,Medium,Closed,Customer inquiry regarding shipping issue.
TKT-2829,USR-43723,Midwest,2026-07-13 19:34:00,Product Question,High,Closed,Customer inquiry regarding product question issue.
TKT-2830,USR-59171,West,2026-07-13 12:29:00,Billing,Medium,Closed,Customer inquiry regarding billing issue.
TKT-2831,USR-27911,West,2026-07-13 17:38:00,Shipping,Low,Closed,Customer inquiry regarding shipping issue.
TKT-2832,USR-10547,West,2026-07-13 22:30:00,Product Question,Low,Closed,Customer inquiry regarding product question issue.
TKT-2833,USR-74415,West,2026-07-13 00:55:00,Refund Request,High,Closed,Customer inquiry regarding refund request issue.
TKT-2834,USR-60336,West,2026-07-13 12:59:00,Shipping,Medium,Closed,Customer inquiry regarding shipping issue.
TKT-2835,USR-63580,West,2026-07-13 15:19:00,Bug Report,High,Closed,Customer inquiry regarding bug report issue.
TKT-2836,USR-31281,West,2026-07-13 01:58:00,Login Issue,Medium,Solved,Customer inquiry regarding login issue issue.
TKT-2837,USR-76795,West,2026-07-13 06:48:00,Shipping,Medium,Closed,Customer inquiry regarding shipping issue.
TKT-2838,USR-65579,Southeast,2026-07-14 11:44:00,Login Issue,High,Open,Customer inquiry regarding login issue issue.
TKT-2839,USR-57371,Southeast,2026-07-14 23:15:00,Product Question,Medium,Closed,Customer inquiry regarding product question issue.
TKT-2840,USR-44253,Southeast,2026-07-14 20:45:00,Bug Report,Low,Closed,Customer inquiry regarding bug report issue.
TKT-2841,USR-42429,Southeast,2026-07-14 19:29:00,Bug Report,Low,Closed,Customer inquiry regarding bug report issue.
TKT-2842,USR-25300,Southeast,2026-07-14 19:37:00,Bug Report,Low,Closed,Customer inquiry regarding bug report issue.
TKT-2843,USR-86829,Southeast,2026-07-14 02:41:00,Bug Report,Medium,Open,Customer inquiry regarding bug report issue.
TKT-2844,USR-65950,Southeast,2026-07-14 02:33:00,Product Question,Medium,Closed,Customer inquiry regarding product question issue.
TKT-2845,USR-96309,Southeast,2026-07-14 08:44:00,Billing,High,Solved,Customer inquiry regarding billing issue.
TKT-2846,USR-21648,Southeast,2026-07-14 12:37:00,Billing,High,Open,Customer inquiry regarding billing issue.
TKT-2847,USR-45261,Southeast,2026-07-14 03:40:00,Refund Request,Medium,Closed,Customer inquiry regarding refund request issue.
TKT-2848,USR-10841,Southeast,2026-07-14 23:13:00,Bug Report,Medium,Closed,Customer inquiry regarding bug report issue.
TKT-2849,USR-19154,Southeast,2026-07-14 05:52:00,Shipping,Low,Closed,Customer inquiry regarding shipping issue.
TKT-2850,USR-66485,Southeast,2026-07-14 22:26:00,Refund Request,Medium,Closed,Customer inquiry regarding refund request issue.
TKT-2851,USR-35954,Northeast,2026-07-14 05:11:00,Billing,Low,Closed,Customer inquiry regarding billing issue.
TKT-2852,USR-84329,Northeast,2026-07-14 15:11:00,Refund Request,Low,Open,Customer inquiry regarding refund request issue.
TKT-2853,USR-35150,Northeast,2026-07-14 06:11:00,Product Question,Low,Closed,Customer inquiry regarding product question issue.
TKT-2854,USR-24312,Northeast,2026-07-14 08:57:00,Shipping,Medium,Solved,Customer inquiry regarding shipping issue.
TKT-2855,USR-59509,Northeast,2026-07-14 20:10:00,Login Issue,Medium,Closed,Customer inquiry regarding login issue issue.
TKT-2856,USR-86761,Northeast,2026-07-14 03:17:00,Login Issue,Medium,Closed,Customer inquiry regarding login issue issue.
TKT-2857,USR-11246,Northeast,2026-07-14 07:30:00,Shipping,High,Closed,Customer inquiry regarding shipping issue.
TKT-2858,USR-37665,Midwest,2026-07-14 00:42:00,Refund Request,Low,Closed,Customer inquiry regarding refund request issue.
TKT-2859,USR-78167,Midwest,2026-07-14 16:50:00,Login Issue,Medium,Solved,Customer inquiry regarding login issue issue.
TKT-2860,USR-89216,Midwest,2026-07-14 08:59:00,Shipping,Medium,Closed,Customer inquiry regarding shipping issue.
TKT-2861,USR-51317,Midwest,2026-07-14 13:21:00,Billing,High,Closed,Customer inquiry regarding billing issue.
TKT-2862,USR-90059,Midwest,2026-07-14 07:23:00,Bug Report,Medium,Open,Customer inquiry regarding bug report issue.
TKT-2863,USR-69889,Midwest,2026-07-14 01:22:00,Billing,Low,Closed,Customer inquiry regarding billing issue.
TKT-2864,USR-88893,Midwest,2026-07-14 22:25:00,Bug Report,Low,Closed,Customer inquiry regarding bug report issue.
TKT-2865,USR-58290,Midwest,2026-07-14 03:55:00,Refund Request,Medium,Closed,Customer inquiry regarding refund request issue.
TKT-2866,USR-77490,Midwest,2026-07-14 14:39:00,Bug Report,High,Open,Customer inquiry regarding bug report issue.
TKT-2867,USR-12179,Midwest,2026-07-14 13:42:00,Product Question,Low,Closed,Customer inquiry regarding product question issue.
TKT-2868,USR-98857,Midwest,2026-07-14 20:23:00,Login Issue,High,Closed,Customer inquiry regarding login issue issue.
TKT-2869,USR-90293,Midwest,2026-07-14 14:14:00,Refund Request,Medium,Open,Customer inquiry regarding refund request issue.
TKT-2870,USR-60444,West,2026-07-14 02:22:00,Shipping,Medium,Closed,Customer inquiry regarding shipping issue.
TKT-2871,USR-78164,West,2026-07-14 09:38:00,Product Question,High,Closed,Customer inquiry regarding product question issue.
TKT-2872,USR-26759,West,2026-07-14 18:50:00,Bug Report,High,Closed,Customer inquiry regarding bug report issue.
TKT-2873,USR-71184,West,2026-07-14 15:50:00,Login Issue,Medium,Solved,Customer inquiry regarding login issue issue.
TKT-2874,USR-96853,West,2026-07-14 05:57:00,Shipping,Low,Open,Customer inquiry regarding shipping issue.
TKT-2875,USR-96474,West,2026-07-14 17:15:00,Product Question,Low,Closed,Customer inquiry regarding product question issue.
TKT-2876,USR-31002,West,2026-07-14 22:05:00,Login Issue,Medium,Closed,Customer inquiry regarding login issue issue.
TKT-2877,USR-43767,West,2026-07-14 10:57:00,Shipping,Medium,Closed,Customer inquiry regarding shipping issue.
TKT-2878,USR-80063,West,2026-07-14 21:30:00,Bug Report,Low,Closed,Customer inquiry regarding bug report issue.
TKT-2879,USR-39334,West,2026-07-14 20:46:00,Shipping,Low,Closed,Customer inquiry regarding shipping issue.
TKT-2880,USR-59415,West,2026-07-14 18:49:00,Refund Request,Low,Closed,Customer inquiry regarding refund request issue.
TKT-2881,USR-67273,Southeast,2026-07-15 23:24:00,Bug Report,High,Solved,Customer inquiry regarding bug report issue.
TKT-2882,USR-21492,Southeast,2026-07-15 07:14:00,Billing,Low,Closed,Customer inquiry regarding billing issue.
TKT-2883,USR-34662,Southeast,2026-07-15 03:05:00,Billing,High,Solved,Customer inquiry regarding billing issue.
TKT-2884,USR-51074,Southeast,2026-07-15 23:07:00,Refund Request,Medium,Closed,Customer inquiry regarding refund request issue.
TKT-2885,USR-18111,Southeast,2026-07-15 12:36:00,Bug Report,Low,Closed,Customer inquiry regarding bug report issue.
TKT-2886,USR-51896,Southeast,2026-07-15 18:34:00,Product Question,Medium,Open,Customer inquiry regarding product question issue.
TKT-2887,USR-96998,Southeast,2026-07-15 11:51:00,Bug Report,Low,Solved,Customer inquiry regarding bug report issue.
TKT-2888,USR-11204,Southeast,2026-07-15 19:37:00,Product Question,Low,Open,Customer inquiry regarding product question issue.
TKT-2889,USR-48905,Southeast,2026-07-15 17:54:00,Shipping,Medium,Closed,Customer inquiry regarding shipping issue.
TKT-2890,USR-88835,Southeast,2026-07-15 07:31:00,Bug Report,Medium,Closed,Customer inquiry regarding bug report issue.
TKT-2891,USR-88496,Southeast,2026-07-15 09:09:00,Bug Report,High,Closed,Customer inquiry regarding bug report issue.
TKT-2892,USR-45841,Southeast,2026-07-15 10:19:00,Refund Request,High,Closed,Customer inquiry regarding refund request issue.
TKT-2893,USR-74883,Southeast,2026-07-15 22:36:00,Shipping,High,Closed,Customer inquiry regarding shipping issue.
TKT-2894,USR-30014,Southeast,2026-07-15 09:45:00,Shipping,Low,Closed,Customer inquiry regarding shipping issue.
TKT-2895,USR-33464,Southeast,2026-07-15 22:13:00,Bug Report,Low,Closed,Customer inquiry regarding bug report issue.
TKT-2896,USR-12826,Southeast,2026-07-15 15:46:00,Shipping,Medium,Closed,Customer inquiry regarding shipping issue.
TKT-2897,USR-55653,Southeast,2026-07-15 17:25:00,Billing,Medium,Open,Customer inquiry regarding billing issue.
TKT-2898,USR-47010,Southeast,2026-07-15 12:25:00,Login Issue,High,Closed,Customer inquiry regarding login issue issue.
TKT-2899,USR-61612,Southeast,2026-07-15 22:59:00,Product Question,High,Solved,Customer inquiry regarding product question issue.
TKT-2900,USR-49855,Northeast,2026-07-15 03:08:00,Billing,High,Closed,Customer inquiry regarding billing issue.
TKT-2901,USR-67918,Northeast,2026-07-15 14:41:00,Product Question,High,Closed,Customer inquiry regarding product question issue.
TKT-2902,USR-38591,Northeast,2026-07-15 22:30:00,Billing,Low,Closed,Customer inquiry regarding billing issue.
TKT-2903,USR-57477,Northeast,2026-07-15 23:12:00,Bug Report,High,Closed,Customer inquiry regarding bug report issue.
TKT-2904,USR-59355,Northeast,2026-07-15 23:54:00,Refund Request,Low,Closed,Customer inquiry regarding refund request issue.
TKT-2905,USR-56607,Northeast,2026-07-15 13:43:00,Product Question,Low,Closed,Customer inquiry regarding product question issue.
TKT-2906,USR-95209,Northeast,2026-07-15 15:11:00,Login Issue,Low,Solved,Customer inquiry regarding login issue issue.
TKT-2907,USR-42112,Northeast,2026-07-15 10:37:00,Shipping,Low,Open,Customer inquiry regarding shipping issue.
TKT-2908,USR-49674,Northeast,2026-07-15 01:07:00,Product Question,Medium,Open,Customer inquiry regarding product question issue.
TKT-2909,USR-70774,Midwest,2026-07-15 20:47:00,Shipping,High,Closed,Customer inquiry regarding shipping issue.
TKT-2910,USR-58145,Midwest,2026-07-15 20:24:00,Billing,High,Open,Customer inquiry regarding billing issue.
TKT-2911,USR-74122,Midwest,2026-07-15 00:07:00,Login Issue,Low,Closed,Customer inquiry regarding login issue issue.
TKT-2912,USR-86919,Midwest,2026-07-15 20:42:00,Refund Request,Low,Closed,Customer inquiry regarding refund request issue.
TKT-2913,USR-87709,Midwest,2026-07-15 18:36:00,Shipping,Medium,Closed,Customer inquiry regarding shipping issue.
TKT-2914,USR-49107,West,2026-07-15 05:24:00,Shipping,High,Open,Customer inquiry regarding shipping issue.
TKT-2915,USR-80452,West,2026-07-15 18:08:00,Login Issue,Medium,Closed,Customer inquiry regarding login issue issue.
TKT-2916,USR-82883,West,2026-07-15 05:25:00,Bug Report,Low,Open,Customer inquiry regarding bug report issue.
TKT-2917,USR-80645,Southeast,2026-07-16 16:31:00,Login Issue,High,Solved,Customer inquiry regarding login issue issue.
TKT-2918,USR-96321,Southeast,2026-07-16 22:52:00,Bug Report,Low,Closed,Customer inquiry regarding bug report issue.
TKT-2919,USR-10697,Southeast,2026-07-16 03:11:00,Refund Request,High,Closed,Customer inquiry regarding refund request issue.
TKT-2920,USR-26884,Southeast,2026-07-16 17:28:00,Billing,Low,Closed,Customer inquiry regarding billing issue.
TKT-2921,USR-83727,Southeast,2026-07-16 18:13:00,Bug Report,Low,Closed,Customer inquiry regarding bug report issue.
TKT-2922,USR-76341,Southeast,2026-07-16 08:54:00,Login Issue,Low,Closed,Customer inquiry regarding login issue issue.
TKT-2923,USR-96266,Southeast,2026-07-16 09:23:00,Refund Request,Low,Open,Customer inquiry regarding refund request issue.
TKT-2924,USR-48456,Southeast,2026-07-16 00:15:00,Billing,Low,Solved,Customer inquiry regarding billing issue.
TKT-2925,USR-74283,Southeast,2026-07-16 21:34:00,Shipping,Low,Solved,Customer inquiry regarding shipping issue.
TKT-2926,USR-80544,Southeast,2026-07-16 22:20:00,Refund Request,Medium,Solved,Customer inquiry regarding refund request issue.
TKT-2927,USR-41077,Southeast,2026-07-16 16:13:00,Bug Report,Low,Closed,Customer inquiry regarding bug report issue.
TKT-2928,USR-27590,Southeast,2026-07-16 01:12:00,Product Question,Medium,Closed,Customer inquiry regarding product question issue.
TKT-2929,USR-46358,Southeast,2026-07-16 19:35:00,Product Question,High,Closed,Customer inquiry regarding product question issue.
TKT-2930,USR-82069,Southeast,2026-07-16 04:46:00,Refund Request,Medium,Closed,Customer inquiry regarding refund request issue.
TKT-2931,USR-62436,Southeast,2026-07-16 08:16:00,Shipping,High,Closed,Customer inquiry regarding shipping issue.
TKT-2932,USR-28775,Southeast,2026-07-16 14:05:00,Billing,High,Open,Customer inquiry regarding billing issue.
TKT-2933,USR-92984,Southeast,2026-07-16 17:13:00,Login Issue,High,Closed,Customer inquiry regarding login issue issue.
TKT-2934,USR-83877,Northeast,2026-07-16 22:41:00,Product Question,High,Closed,Customer inquiry regarding product question issue.
TKT-2935,USR-65009,Northeast,2026-07-16 21:41:00,Refund Request,High,Closed,Customer inquiry regarding refund request issue.
TKT-2936,USR-89116,Northeast,2026-07-16 04:20:00,Shipping,Medium,Closed,Customer inquiry regarding shipping issue.
TKT-2937,USR-24416,Northeast,2026-07-16 07:04:00,Billing,Low,Solved,Customer inquiry regarding billing issue.
TKT-2938,USR-93909,Northeast,2026-07-16 21:35:00,Shipping,Low,Closed,Customer inquiry regarding shipping issue.
TKT-2939,USR-39591,Northeast,2026-07-16 02:23:00,Billing,Medium,Closed,Customer inquiry regarding billing issue.
TKT-2940,USR-59628,Northeast,2026-07-16 08:00:00,Login Issue,Medium,Closed,Customer inquiry regarding login issue issue.
TKT-2941,USR-87178,Midwest,2026-07-16 03:11:00,Refund Request,High,Closed,Customer inquiry regarding refund request issue.
TKT-2942,USR-46961,Midwest,2026-07-16 15:06:00,Refund Request,Medium,Solved,Customer inquiry regarding refund request issue.
TKT-2943,USR-32380,Midwest,2026-07-16 17:17:00,Refund Request,Low,Closed,Customer inquiry regarding refund request issue.
TKT-2944,USR-98842,Midwest,2026-07-16 10:48:00,Shipping,Low,Closed,Customer inquiry regarding shipping issue.
TKT-2945,USR-87635,Midwest,2026-07-16 17:35:00,Refund Request,Medium,Open,Customer inquiry regarding refund request issue.
TKT-2946,USR-30380,Midwest,2026-07-16 04:16:00,Login Issue,High,Solved,Customer inquiry regarding login issue issue.
TKT-2947,USR-45044,Midwest,2026-07-16 21:08:00,Product Question,Medium,Solved,Customer inquiry regarding product question issue.
TKT-2948,USR-42651,Midwest,2026-07-16 01:58:00,Bug Report,High,Closed,Customer inquiry regarding bug report issue.
TKT-2949,USR-33999,Midwest,2026-07-16 21:38:00,Shipping,High,Open,Customer inquiry regarding shipping issue.
TKT-2950,USR-46152,Midwest,2026-07-16 14:22:00,Shipping,High,Closed,Customer inquiry regarding shipping issue.
TKT-2951,USR-93313,Midwest,2026-07-16 13:33:00,Bug Report,Low,Closed,Customer inquiry regarding bug report issue.
TKT-2952,USR-93188,Midwest,2026-07-16 02:19:00,Shipping,Medium,Closed,Customer inquiry regarding shipping issue.
TKT-2953,USR-31641,Midwest,2026-07-16 02:04:00,Bug Report,Low,Closed,Customer inquiry regarding bug report issue.
TKT-2954,USR-82634,West,2026-07-16 18:03:00,Login Issue,High,Closed,Customer inquiry regarding login issue issue.
TKT-2955,USR-27881,West,2026-07-16 15:51:00,Login Issue,Medium,Solved,Customer inquiry regarding login issue issue.
TKT-2956,USR-26343,West,2026-07-16 15:31:00,Refund Request,High,Solved,Customer inquiry regarding refund request issue.
TKT-2957,USR-65702,West,2026-07-16 12:00:00,Refund Request,Low,Closed,Customer inquiry regarding refund request issue.
TKT-2958,USR-96661,West,2026-07-16 22:34:00,Bug Report,Medium,Closed,Customer inquiry regarding bug report issue.
TKT-2959,USR-68805,West,2026-07-16 16:43:00,Refund Request,Low,Solved,Customer inquiry regarding refund request issue.
TKT-2960,USR-19846,West,2026-07-16 05:43:00,Refund Request,Low,Closed,Customer inquiry regarding refund request issue.
TKT-2961,USR-16672,West,2026-07-16 11:53:00,Product Question,High,Closed,Customer inquiry regarding product question issue.
TKT-2962,USR-80663,Southeast,2026-07-17 11:07:00,Billing,High,Closed,Customer inquiry regarding billing issue.
TKT-2963,USR-44701,Southeast,2026-07-17 03:18:00,Billing,Medium,Closed,Customer inquiry regarding billing issue.
TKT-2964,USR-61592,Southeast,2026-07-17 06:00:00,Bug Report,High,Solved,Customer inquiry regarding bug report issue.
TKT-2965,USR-14643,Southeast,2026-07-17 06:59:00,Billing,High,Solved,Customer inquiry regarding billing issue.
TKT-2966,USR-56628,Southeast,2026-07-17 14:57:00,Refund Request,Medium,Closed,Customer inquiry regarding refund request issue.
TKT-2967,USR-56385,Southeast,2026-07-17 00:39:00,Shipping,Medium,Closed,Customer inquiry regarding shipping issue.
TKT-2968,USR-62699,Southeast,2026-07-17 03:00:00,Billing,High,Closed,Customer inquiry regarding billing issue.
TKT-2969,USR-35892,Southeast,2026-07-17 11:00:00,Login Issue,Medium,Open,Customer inquiry regarding login issue issue.
TKT-2970,USR-26232,Southeast,2026-07-17 02:33:00,Refund Request,Low,Open,Customer inquiry regarding refund request issue.
TKT-2971,USR-39634,Southeast,2026-07-17 15:00:00,Product Question,High,Closed,Customer inquiry regarding product question issue.
TKT-2972,USR-66143,Southeast,2026-07-17 15:25:00,Billing,Medium,Closed,Customer inquiry regarding billing issue.
TKT-2973,USR-96019,Southeast,2026-07-17 05:34:00,Billing,Low,Open,Customer inquiry regarding billing issue.
TKT-2974,USR-10761,Northeast,2026-07-17 14:10:00,Product Question,Medium,Open,Customer inquiry regarding product question issue.
TKT-2975,USR-34846,Northeast,2026-07-17 11:56:00,Bug Report,Low,Closed,Customer inquiry regarding bug report issue.
TKT-2976,USR-53412,Northeast,2026-07-17 09:02:00,Product Question,Medium,Open,Customer inquiry regarding product question issue.
TKT-2977,USR-97194,Northeast,2026-07-17 01:10:00,Bug Report,Low,Open,Customer inquiry regarding bug report issue.
TKT-2978,USR-74955,Northeast,2026-07-17 08:07:00,Shipping,Medium,Solved,Customer inquiry regarding shipping issue.
TKT-2979,USR-75779,Northeast,2026-07-17 21:45:00,Product Question,Medium,Open,Customer inquiry regarding product question issue.
TKT-2980,USR-24382,Northeast,2026-07-17 23:59:00,Bug Report,Medium,Closed,Customer inquiry regarding bug report issue.
TKT-2981,USR-55104,Northeast,2026-07-17 03:50:00,Login Issue,Low,Closed,Customer inquiry regarding login issue issue.
TKT-2982,USR-98907,Northeast,2026-07-17 16:00:00,Bug Report,Low,Closed,Customer inquiry regarding bug report issue.
TKT-2983,USR-66928,Northeast,2026-07-17 10:27:00,Refund Request,High,Closed,Customer inquiry regarding refund request issue.
TKT-2984,USR-66223,Northeast,2026-07-17 15:18:00,Billing,Medium,Closed,Customer inquiry regarding billing issue.
TKT-2985,USR-34492,Northeast,2026-07-17 07:39:00,Product Question,High,Solved,Customer inquiry regarding product question issue.
TKT-2986,USR-97337,Northeast,2026-07-17 07:17:00,Login Issue,Medium,Closed,Customer inquiry regarding login issue issue.
TKT-2987,USR-90098,Midwest,2026-07-17 22:50:00,Login Issue,High,Solved,Customer inquiry regarding login issue issue.
TKT-2988,USR-40065,Midwest,2026-07-17 05:12:00,Refund Request,High,Closed,Customer inquiry regarding refund request issue.
TKT-2989,USR-35189,Midwest,2026-07-17 03:08:00,Shipping,Low,Closed,Customer inquiry regarding shipping issue.
TKT-2990,USR-21919,Midwest,2026-07-17 04:27:00,Login Issue,High,Closed,Customer inquiry regarding login issue issue.
TKT-2991,USR-93009,Midwest,2026-07-17 01:24:00,Shipping,High,Closed,Customer inquiry regarding shipping issue.
TKT-2992,USR-18041,Midwest,2026-07-17 07:14:00,Billing,Medium,Open,Customer inquiry regarding billing issue.
TKT-2993,USR-24425,Midwest,2026-07-17 16:27:00,Bug Report,Low,Closed,Customer inquiry regarding bug report issue.
TKT-2994,USR-42370,Midwest,2026-07-17 08:23:00,Billing,Medium,Open,Customer inquiry regarding billing issue.
TKT-2995,USR-10070,West,2026-07-17 10:57:00,Login Issue,Low,Closed,Customer inquiry regarding login issue issue.
TKT-2996,USR-47397,West,2026-07-17 01:42:00,Bug Report,Medium,Closed,Customer inquiry regarding bug report issue.
TKT-2997,USR-34227,West,2026-07-17 15:17:00,Refund Request,Low,Open,Customer inquiry regarding refund request issue.
TKT-2998,USR-24618,West,2026-07-17 08:31:00,Billing,Medium,Closed,Customer inquiry regarding billing issue.
TKT-2999,USR-27079,West,2026-07-17 03:42:00,Login Issue,High,Solved,Customer inquiry regarding login issue issue.
TKT-3000,USR-79319,West,2026-07-17 10:23:00,Bug Report,Medium,Solved,Customer inquiry regarding bug report issue.
TKT-3001,USR-37529,West,2026-07-17 19:23:00,Product Question,High,Closed,Customer inquiry regarding product question issue.
TKT-3002,USR-92517,West,2026-07-17 18:24:00,Login Issue,Low,Closed,Customer inquiry regarding login issue issue.
TKT-3003,USR-68427,Southeast,2026-07-18 18:58:00,Bug Report,Low,Closed,Customer inquiry regarding bug report issue.
TKT-3004,USR-49515,Southeast,2026-07-18 03:04:00,Refund Request,High,Closed,Customer inquiry regarding refund request issue.
TKT-3005,USR-15742,Southeast,2026-07-18 23:30:00,Product Question,High,Closed,Customer inquiry regarding product question issue.
TKT-3006,USR-83445,Southeast,2026-07-18 04:12:00,Shipping,High,Closed,Customer inquiry regarding shipping issue.
TKT-3007,USR-67163,Southeast,2026-07-18 11:57:00,Billing,Medium,Closed,Customer inquiry regarding billing issue.
TKT-3008,USR-12867,Southeast,2026-07-18 02:30:00,Shipping,High,Solved,Customer inquiry regarding shipping issue.
TKT-3009,USR-47965,Southeast,2026-07-18 05:38:00,Billing,High,Closed,Customer inquiry regarding billing issue.
TKT-3010,USR-62100,Southeast,2026-07-18 01:36:00,Login Issue,High,Closed,Customer inquiry regarding login issue issue.
TKT-3011,USR-31694,Southeast,2026-07-18 15:43:00,Refund Request,High,Closed,Customer inquiry regarding refund request issue.
TKT-3012,USR-61150,Southeast,2026-07-18 14:48:00,Refund Request,Medium,Solved,Customer inquiry regarding refund request issue.
TKT-3013,USR-10471,Southeast,2026-07-18 12:38:00,Billing,Low,Closed,Customer inquiry regarding billing issue.
TKT-3014,USR-77213,Southeast,2026-07-18 05:36:00,Product Question,High,Closed,Customer inquiry regarding product question issue.
TKT-3015,USR-43925,Southeast,2026-07-18 14:32:00,Bug Report,High,Solved,Customer inquiry regarding bug report issue.
TKT-3016,USR-82371,Southeast,2026-07-18 09:54:00,Product Question,Medium,Closed,Customer inquiry regarding product question issue.
TKT-3017,USR-41223,Northeast,2026-07-18 03:10:00,Product Question,Low,Solved,Customer inquiry regarding product question issue.
TKT-3018,USR-27428,Northeast,2026-07-18 09:02:00,Bug Report,Low,Closed,Customer inquiry regarding bug report issue.
TKT-3019,USR-37521,Northeast,2026-07-18 08:55:00,Login Issue,High,Closed,Customer inquiry regarding login issue issue.
TKT-3020,USR-92927,Northeast,2026-07-18 17:07:00,Login Issue,High,Closed,Customer inquiry regarding login issue issue.
TKT-3021,USR-44608,Northeast,2026-07-18 19:23:00,Billing,Low,Solved,Customer inquiry regarding billing issue.
TKT-3022,USR-52550,Northeast,2026-07-18 23:08:00,Shipping,High,Closed,Customer inquiry regarding shipping issue.
TKT-3023,USR-46659,Northeast,2026-07-18 01:40:00,Login Issue,Medium,Closed,Customer inquiry regarding login issue issue.
TKT-3024,USR-23951,Northeast,2026-07-18 05:16:00,Login Issue,High,Solved,Customer inquiry regarding login issue issue.
TKT-3025,USR-92081,Northeast,2026-07-18 23:47:00,Bug Report,Medium,Closed,Customer inquiry regarding bug report issue.
TKT-3026,USR-38919,Northeast,2026-07-18 20:38:00,Refund Request,Low,Open,Customer inquiry regarding refund request issue.
TKT-3027,USR-40372,Midwest,2026-07-18 20:51:00,Shipping,Low,Open,Customer inquiry regarding shipping issue.
TKT-3028,USR-72784,Midwest,2026-07-18 23:46:00,Shipping,Medium,Closed,Customer inquiry regarding shipping issue.
TKT-3029,USR-33083,Midwest,2026-07-18 02:31:00,Product Question,Medium,Closed,Customer inquiry regarding product question issue.
TKT-3030,USR-94877,Midwest,2026-07-18 06:36:00,Shipping,High,Closed,Customer inquiry regarding shipping issue.
TKT-3031,USR-61668,Midwest,2026-07-18 09:01:00,Billing,Low,Closed,Customer inquiry regarding billing issue.
TKT-3032,USR-19443,Midwest,2026-07-18 21:38:00,Product Question,Low,Closed,Customer inquiry regarding product question issue.
TKT-3033,USR-23137,Midwest,2026-07-18 13:15:00,Shipping,High,Open,Customer inquiry regarding shipping issue.
TKT-3034,USR-89074,West,2026-07-18 23:33:00,Product Question,High,Closed,Customer inquiry regarding product question issue.
TKT-3035,USR-11776,West,2026-07-18 03:24:00,Shipping,Low,Closed,Customer inquiry regarding shipping issue.
TKT-3036,USR-20957,West,2026-07-18 20:59:00,Login Issue,Low,Closed,Customer inquiry regarding login issue issue.
TKT-3037,USR-11231,West,2026-07-18 08:09:00,Bug Report,High,Closed,Customer inquiry regarding bug report issue.
TKT-3038,USR-36518,West,2026-07-18 03:34:00,Bug Report,Medium,Closed,Customer inquiry regarding bug report issue.
TKT-3039,USR-50289,West,2026-07-18 04:30:00,Refund Request,Medium,Closed,Customer inquiry regarding refund request issue.
TKT-3040,USR-81241,West,2026-07-18 10:30:00,Product Question,Low,Closed,Customer inquiry regarding product question issue.
TKT-3041,USR-12779,West,2026-07-18 22:17:00,Bug Report,High,Closed,Customer inquiry regarding bug report issue.
TKT-3042,USR-77048,West,2026-07-18 01:06:00,Refund Request,Medium,Closed,Customer inquiry regarding refund request issue.
TKT-3043,USR-39710,West,2026-07-18 13:09:00,Login Issue,Low,Closed,Customer inquiry regarding login issue issue.
TKT-3044,USR-39607,West,2026-07-18 13:24:00,Product Question,Medium,Closed,Customer inquiry regarding product question issue.
TKT-3045,USR-32224,Southeast,2026-07-19 21:56:00,Bug Report,Low,Open,Customer inquiry regarding bug report issue.
TKT-3046,USR-19999,Southeast,2026-07-19 03:14:00,Login Issue,Medium,Closed,Customer inquiry regarding login issue issue.
TKT-3047,USR-15681,Southeast,2026-07-19 19:21:00,Login Issue,Medium,Closed,Customer inquiry regarding login issue issue.
TKT-3048,USR-53888,Southeast,2026-07-19 19:09:00,Product Question,Medium,Solved,Customer inquiry regarding product question issue.
TKT-3049,USR-97460,Southeast,2026-07-19 19:11:00,Bug Report,Medium,Closed,Customer inquiry regarding bug report issue.
TKT-3050,USR-23621,Southeast,2026-07-19 21:19:00,Refund Request,Medium,Closed,Customer inquiry regarding refund request issue.
TKT-3051,USR-44786,Southeast,2026-07-19 08:58:00,Shipping,High,Closed,Customer inquiry regarding shipping issue.
TKT-3052,USR-95964,Southeast,2026-07-19 22:51:00,Login Issue,Low,Closed,Customer inquiry regarding login issue issue.
TKT-3053,USR-72709,Southeast,2026-07-19 04:20:00,Product Question,Medium,Open,Customer inquiry regarding product question issue.
TKT-3054,USR-28961,Southeast,2026-07-19 02:07:00,Refund Request,Medium,Closed,Customer inquiry regarding refund request issue.
TKT-3055,USR-56217,Southeast,2026-07-19 02:20:00,Product Question,Low,Open,Customer inquiry regarding product question issue.
TKT-3056,USR-88871,Southeast,2026-07-19 10:31:00,Shipping,Medium,Open,Customer inquiry regarding shipping issue.
TKT-3057,USR-60224,Southeast,2026-07-19 20:21:00,Product Question,High,Closed,Customer inquiry regarding product question issue.
TKT-3058,USR-74566,Southeast,2026-07-19 13:35:00,Shipping,High,Solved,Customer inquiry regarding shipping issue.
TKT-3059,USR-86148,Southeast,2026-07-19 17:34:00,Product Question,Medium,Closed,Customer inquiry regarding product question issue.
TKT-3060,USR-21436,Southeast,2026-07-19 22:26:00,Refund Request,High,Closed,Customer inquiry regarding refund request issue.
TKT-3061,USR-57500,Southeast,2026-07-19 07:23:00,Login Issue,Low,Closed,Customer inquiry regarding login issue issue.
TKT-3062,USR-55789,Southeast,2026-07-19 17:30:00,Product Question,Low,Closed,Customer inquiry regarding product question issue.
TKT-3063,USR-28892,Southeast,2026-07-19 11:54:00,Product Question,Medium,Open,Customer inquiry regarding product question issue.
TKT-3064,USR-39437,Northeast,2026-07-19 17:59:00,Shipping,Low,Closed,Customer inquiry regarding shipping issue.
TKT-3065,USR-59474,Northeast,2026-07-19 01:47:00,Product Question,Low,Closed,Customer inquiry regarding product question issue.
TKT-3066,USR-17088,Northeast,2026-07-19 23:01:00,Bug Report,Medium,Closed,Customer inquiry regarding bug report issue.
TKT-3067,USR-72498,Northeast,2026-07-19 22:06:00,Bug Report,High,Closed,Customer inquiry regarding bug report issue.
TKT-3068,USR-57873,Northeast,2026-07-19 19:55:00,Product Question,Low,Closed,Customer inquiry regarding product question issue.
TKT-3069,USR-84603,Northeast,2026-07-19 04:05:00,Product Question,Low,Closed,Customer inquiry regarding product question issue.
TKT-3070,USR-79133,Northeast,2026-07-19 13:09:00,Product Question,Medium,Closed,Customer inquiry regarding product question issue.
TKT-3071,USR-68192,Northeast,2026-07-19 22:19:00,Shipping,Medium,Closed,Customer inquiry regarding shipping issue.
TKT-3072,USR-30432,Northeast,2026-07-19 20:44:00,Login Issue,Medium,Closed,Customer inquiry regarding login issue issue.
TKT-3073,USR-11424,Midwest,2026-07-19 19:48:00,Product Question,High,Closed,Customer inquiry regarding product question issue.
TKT-3074,USR-82634,Midwest,2026-07-19 12:53:00,Shipping,High,Open,Customer inquiry regarding shipping issue.
TKT-3075,USR-50112,Midwest,2026-07-19 22:53:00,Billing,High,Solved,Customer inquiry regarding billing issue.
TKT-3076,USR-22050,Midwest,2026-07-19 22:14:00,Shipping,Low,Closed,Customer inquiry regarding shipping issue.
TKT-3077,USR-62481,Midwest,2026-07-19 16:24:00,Product Question,High,Closed,Customer inquiry regarding product question issue.
TKT-3078,USR-83307,Midwest,2026-07-19 19:03:00,Product Question,Medium,Closed,Customer inquiry regarding product question issue.
TKT-3079,USR-72575,Midwest,2026-07-19 19:53:00,Login Issue,High,Open,Customer inquiry regarding login issue issue.
TKT-3080,USR-31603,Midwest,2026-07-19 10:41:00,Bug Report,Medium,Open,Customer inquiry regarding bug report issue.
TKT-3081,USR-35523,Midwest,2026-07-19 01:51:00,Billing,High,Open,Customer inquiry regarding billing issue.
TKT-3082,USR-89061,Midwest,2026-07-19 08:06:00,Login Issue,Low,Closed,Customer inquiry regarding login issue issue.
TKT-3083,USR-80984,Midwest,2026-07-19 10:01:00,Product Question,Medium,Closed,Customer inquiry regarding product question issue.
TKT-3084,USR-50516,Midwest,2026-07-19 03:04:00,Product Question,High,Closed,Customer inquiry regarding product question issue.
TKT-3085,USR-41501,West,2026-07-19 06:35:00,Product Question,High,Closed,Customer inquiry regarding product question issue.
TKT-3086,USR-83890,West,2026-07-19 08:05:00,Refund Request,High,Closed,Customer inquiry regarding refund request issue.
TKT-3087,USR-50449,West,2026-07-19 15:02:00,Login Issue,Medium,Closed,Customer inquiry regarding login issue issue.
TKT-3088,USR-35543,West,2026-07-19 00:22:00,Billing,Medium,Solved,Customer inquiry regarding billing issue.
TKT-3089,USR-26976,West,2026-07-19 10:48:00,Shipping,High,Closed,Customer inquiry regarding shipping issue.
TKT-3090,USR-76005,West,2026-07-19 22:43:00,Login Issue,Medium,Open,Customer inquiry regarding login issue issue.
TKT-3091,USR-60084,West,2026-07-19 03:32:00,Product Question,Low,Solved,Customer inquiry regarding product question issue.
TKT-3092,USR-29862,West,2026-07-19 15:37:00,Login Issue,Medium,Closed,Customer inquiry regarding login issue issue.
TKT-3093,USR-40352,West,2026-07-19 21:29:00,Login Issue,High,Closed,Customer inquiry regarding login issue issue.
TKT-3094,USR-31108,West,2026-07-19 06:51:00,Bug Report,High,Closed,Customer inquiry regarding bug report issue.
TKT-3095,USR-54749,West,2026-07-19 16:33:00,Bug Report,High,Solved,Customer inquiry regarding bug report issue.
TKT-3096,USR-99505,Southeast,2026-07-20 09:23:00,Refund Request,Medium,Closed,Customer inquiry regarding refund request issue.
TKT-3097,USR-19830,Southeast,2026-07-20 12:15:00,Product Question,High,Solved,Customer inquiry regarding product question issue.
TKT-3098,USR-11958,Southeast,2026-07-20 04:36:00,Bug Report,Medium,Closed,Customer inquiry regarding bug report issue.
TKT-3099,USR-75393,Southeast,2026-07-20 04:49:00,Billing,High,Closed,Customer inquiry regarding billing issue.
TKT-3100,USR-31164,Southeast,2026-07-20 03:29:00,Billing,Low,Closed,Customer inquiry regarding billing issue.
TKT-3101,USR-21695,Southeast,2026-07-20 02:17:00,Refund Request,Medium,Closed,Customer inquiry regarding refund request issue.
TKT-3102,USR-72031,Southeast,2026-07-20 02:11:00,Bug Report,Medium,Closed,Customer inquiry regarding bug report issue.
TKT-3103,USR-26248,Southeast,2026-07-20 08:48:00,Shipping,High,Closed,Customer inquiry regarding shipping issue.
TKT-3104,USR-62551,Southeast,2026-07-20 18:31:00,Login Issue,Medium,Closed,Customer inquiry regarding login issue issue.
TKT-3105,USR-67780,Southeast,2026-07-20 13:54:00,Refund Request,High,Closed,Customer inquiry regarding refund request issue.
TKT-3106,USR-20943,Southeast,2026-07-20 11:32:00,Refund Request,Medium,Closed,Customer inquiry regarding refund request issue.
TKT-3107,USR-99463,Southeast,2026-07-20 21:26:00,Refund Request,Medium,Closed,Customer inquiry regarding refund request issue.
TKT-3108,USR-83505,Southeast,2026-07-20 01:39:00,Bug Report,Low,Closed,Customer inquiry regarding bug report issue.
TKT-3109,USR-30736,Northeast,2026-07-20 00:09:00,Login Issue,Medium,Open,Customer inquiry regarding login issue issue.
TKT-3110,USR-70591,Northeast,2026-07-20 18:25:00,Login Issue,Low,Open,Customer inquiry regarding login issue issue.
TKT-3111,USR-94211,Northeast,2026-07-20 21:05:00,Billing,Medium,Open,Customer inquiry regarding billing issue.
TKT-3112,USR-33628,Northeast,2026-07-20 17:57:00,Shipping,Low,Closed,Customer inquiry regarding shipping issue.
TKT-3113,USR-62628,Northeast,2026-07-20 23:06:00,Shipping,Medium,Closed,Customer inquiry regarding shipping issue.
TKT-3114,USR-73739,Northeast,2026-07-20 10:04:00,Billing,Medium,Solved,Customer inquiry regarding billing issue.
TKT-3115,USR-46487,Northeast,2026-07-20 06:44:00,Bug Report,Medium,Closed,Customer inquiry regarding bug report issue.
TKT-3116,USR-29072,Northeast,2026-07-20 14:02:00,Refund Request,Low,Open,Customer inquiry regarding refund request issue.
TKT-3117,USR-88784,Northeast,2026-07-20 20:13:00,Billing,High,Closed,Customer inquiry regarding billing issue.
TKT-3118,USR-37973,Northeast,2026-07-20 12:03:00,Billing,Medium,Open,Customer inquiry regarding billing issue.
TKT-3119,USR-45369,Northeast,2026-07-20 01:13:00,Login Issue,High,Open,Customer inquiry regarding login issue issue.
TKT-3120,USR-19077,Northeast,2026-07-20 08:40:00,Product Question,Low,Closed,Customer inquiry regarding product question issue.
TKT-3121,USR-97771,Midwest,2026-07-20 22:28:00,Shipping,High,Closed,Customer inquiry regarding shipping issue.
TKT-3122,USR-54829,Midwest,2026-07-20 08:11:00,Login Issue,Low,Open,Customer inquiry regarding login issue issue.
TKT-3123,USR-73127,Midwest,2026-07-20 09:10:00,Product Question,Medium,Open,Customer inquiry regarding product question issue.
TKT-3124,USR-56490,Midwest,2026-07-20 15:34:00,Bug Report,Low,Open,Customer inquiry regarding bug report issue.
TKT-3125,USR-88266,Midwest,2026-07-20 22:36:00,Shipping,Low,Solved,Customer inquiry regarding shipping issue.
TKT-3126,USR-90807,Midwest,2026-07-20 06:04:00,Bug Report,High,Solved,Customer inquiry regarding bug report issue.
TKT-3127,USR-11859,Midwest,2026-07-20 04:20:00,Bug Report,High,Closed,Customer inquiry regarding bug report issue.
TKT-3128,USR-51472,West,2026-07-20 04:57:00,Shipping,Low,Open,Customer inquiry regarding shipping issue.
TKT-3129,USR-78248,West,2026-07-20 03:50:00,Bug Report,Medium,Closed,Customer inquiry regarding bug report issue.
TKT-3130,USR-93744,West,2026-07-20 23:00:00,Shipping,Low,Open,Customer inquiry regarding shipping issue.
TKT-3131,USR-65073,West,2026-07-20 18:06:00,Login Issue,Low,Closed,Customer inquiry regarding login issue issue.
TKT-3132,USR-38329,West,2026-07-20 22:34:00,Product Question,High,Open,Customer inquiry regarding product question issue.
TKT-3133,USR-11883,West,2026-07-20 11:13:00,Product Question,High,Solved,Customer inquiry regarding product question issue.
TKT-3134,USR-50234,West,2026-07-20 11:52:00,Billing,Low,Closed,Customer inquiry regarding billing issue.
TKT-3135,USR-95054,West,2026-07-20 16:52:00,Login Issue,High,Open,Customer inquiry regarding login issue issue.
TKT-3136,USR-81102,West,2026-07-20 14:26:00,Shipping,Medium,Closed,Customer inquiry regarding shipping issue.
TKT-3137,USR-70138,West,2026-07-20 13:33:00,Billing,Low,Closed,Customer inquiry regarding billing issue.
TKT-3138,USR-31319,West,2026-07-20 13:23:00,Product Question,High,Solved,Customer inquiry regarding product question issue.
TKT-3139,USR-91313,Southeast,2026-07-21 21:44:00,Bug Report,Medium,Closed,Customer inquiry regarding bug report issue.
TKT-3140,USR-90774,Southeast,2026-07-21 03:05:00,Login Issue,Low,Closed,Customer inquiry regarding login issue issue.
TKT-3141,USR-81399,Southeast,2026-07-21 13:06:00,Shipping,High,Solved,Customer inquiry regarding shipping issue.
TKT-3142,USR-14277,Southeast,2026-07-21 03:40:00,Shipping,High,Solved,Customer inquiry regarding shipping issue.
TKT-3143,USR-69589,Southeast,2026-07-21 21:18:00,Shipping,Low,Closed,Customer inquiry regarding shipping issue.
TKT-3144,USR-26310,Southeast,2026-07-21 17:24:00,Login Issue,Low,Open,Customer inquiry regarding login issue issue.
TKT-3145,USR-10996,Southeast,2026-07-21 11:50:00,Shipping,Medium,Open,Customer inquiry regarding shipping issue.
TKT-3146,USR-45076,Southeast,2026-07-21 11:50:00,Product Question,High,Closed,Customer inquiry regarding product question issue.
TKT-3147,USR-10544,Southeast,2026-07-21 21:16:00,Billing,Medium,Closed,Customer inquiry regarding billing issue.
TKT-3148,USR-59074,Southeast,2026-07-21 13:02:00,Login Issue,Low,Closed,Customer inquiry regarding login issue issue.
TKT-3149,USR-53920,Southeast,2026-07-21 16:52:00,Bug Report,High,Closed,Customer inquiry regarding bug report issue.
TKT-3150,USR-61296,Southeast,2026-07-21 05:36:00,Shipping,Low,Solved,Customer inquiry regarding shipping issue.
TKT-3151,USR-85740,Northeast,2026-07-21 06:39:00,Bug Report,Medium,Closed,Customer inquiry regarding bug report issue.
TKT-3152,USR-62837,Northeast,2026-07-21 13:08:00,Bug Report,Medium,Closed,Customer inquiry regarding bug report issue.
TKT-3153,USR-23051,Northeast,2026-07-21 10:33:00,Product Question,Medium,Closed,Customer inquiry regarding product question issue.
TKT-3154,USR-92764,Northeast,2026-07-21 22:51:00,Product Question,High,Closed,Customer inquiry regarding product question issue.
TKT-3155,USR-82470,Northeast,2026-07-21 18:50:00,Shipping,High,Closed,Customer inquiry regarding shipping issue.
TKT-3156,USR-13360,Northeast,2026-07-21 05:20:00,Product Question,Low,Closed,Customer inquiry regarding product question issue.
TKT-3157,USR-13646,Northeast,2026-07-21 13:00:00,Bug Report,High,Closed,Customer inquiry regarding bug report issue.
TKT-3158,USR-60122,Northeast,2026-07-21 19:45:00,Refund Request,Low,Solved,Customer inquiry regarding refund request issue.
TKT-3159,USR-93160,Northeast,2026-07-21 00:47:00,Bug Report,Low,Open,Customer inquiry regarding bug report issue.
TKT-3160,USR-95527,Northeast,2026-07-21 20:49:00,Billing,Low,Closed,Customer inquiry regarding billing issue.
TKT-3161,USR-59559,Northeast,2026-07-21 07:19:00,Product Question,High,Closed,Customer inquiry regarding product question issue.
TKT-3162,USR-93674,Midwest,2026-07-21 08:05:00,Product Question,High,Closed,Customer inquiry regarding product question issue.
TKT-3163,USR-88105,Midwest,2026-07-21 18:55:00,Login Issue,Low,Open,Customer inquiry regarding login issue issue.
TKT-3164,USR-33675,Midwest,2026-07-21 03:06:00,Product Question,Medium,Closed,Customer inquiry regarding product question issue.
TKT-3165,USR-61222,Midwest,2026-07-21 02:04:00,Shipping,Medium,Closed,Customer inquiry regarding shipping issue.
TKT-3166,USR-73768,Midwest,2026-07-21 03:31:00,Login Issue,Medium,Closed,Customer inquiry regarding login issue issue.
TKT-3167,USR-59185,Midwest,2026-07-21 20:04:00,Product Question,High,Open,Customer inquiry regarding product question issue.
TKT-3168,USR-49158,Midwest,2026-07-21 10:40:00,Shipping,Low,Closed,Customer inquiry regarding shipping issue.
TKT-3169,USR-92734,Midwest,2026-07-21 00:57:00,Product Question,High,Solved,Customer inquiry regarding product question issue.
TKT-3170,USR-55453,West,2026-07-21 19:54:00,Login Issue,Low,Closed,Customer inquiry regarding login issue issue.
TKT-3171,USR-30760,West,2026-07-21 15:39:00,Refund Request,High,Closed,Customer inquiry regarding refund request issue.
TKT-3172,USR-89444,West,2026-07-21 16:47:00,Billing,Low,Closed,Customer inquiry regarding billing issue.
TKT-3173,USR-29968,West,2026-07-21 00:34:00,Login Issue,High,Solved,Customer inquiry regarding login issue issue.
TKT-3174,USR-13866,West,2026-07-21 06:55:00,Billing,Low,Closed,Customer inquiry regarding billing issue.
TKT-3175,USR-73120,Southeast,2026-07-22 23:44:00,Product Question,Medium,Closed,Customer inquiry regarding product question issue.
TKT-3176,USR-95449,Southeast,2026-07-22 06:05:00,Billing,High,Solved,Customer inquiry regarding billing issue.
TKT-3177,USR-77194,Southeast,2026-07-22 09:29:00,Bug Report,Medium,Open,Customer inquiry regarding bug report issue.
TKT-3178,USR-35936,Southeast,2026-07-22 12:59:00,Product Question,Medium,Closed,Customer inquiry regarding product question issue.
TKT-3179,USR-23486,Southeast,2026-07-22 21:54:00,Bug Report,Medium,Open,Customer inquiry regarding bug report issue.
TKT-3180,USR-36978,Southeast,2026-07-22 18:50:00,Refund Request,Medium,Closed,Customer inquiry regarding refund request issue.
TKT-3181,USR-88162,Southeast,2026-07-22 23:31:00,Shipping,Medium,Open,Customer inquiry regarding shipping issue.
TKT-3182,USR-89599,Southeast,2026-07-22 23:17:00,Billing,High,Closed,Customer inquiry regarding billing issue.
TKT-3183,USR-59015,Southeast,2026-07-22 12:27:00,Product Question,High,Closed,Customer inquiry regarding product question issue.
TKT-3184,USR-14424,Southeast,2026-07-22 20:52:00,Login Issue,Medium,Closed,Customer inquiry regarding login issue issue.
TKT-3185,USR-89152,Southeast,2026-07-22 16:16:00,Refund Request,Medium,Closed,Customer inquiry regarding refund request issue.
TKT-3186,USR-25027,Southeast,2026-07-22 20:33:00,Billing,Medium,Closed,Customer inquiry regarding billing issue.
TKT-3187,USR-56890,Southeast,2026-07-22 05:51:00,Billing,Medium,Closed,Customer inquiry regarding billing issue.
TKT-3188,USR-58754,Southeast,2026-07-22 07:04:00,Product Question,High,Closed,Customer inquiry regarding product question issue.
TKT-3189,USR-51758,Northeast,2026-07-22 04:49:00,Billing,Low,Closed,Customer inquiry regarding billing issue.
TKT-3190,USR-70997,Northeast,2026-07-22 22:00:00,Bug Report,Medium,Closed,Customer inquiry regarding bug report issue.
TKT-3191,USR-18681,Northeast,2026-07-22 18:50:00,Billing,Low,Solved,Customer inquiry regarding billing issue.
TKT-3192,USR-38503,Northeast,2026-07-22 12:18:00,Refund Request,Low,Solved,Customer inquiry regarding refund request issue.
TKT-3193,USR-97994,Northeast,2026-07-22 03:35:00,Billing,High,Solved,Customer inquiry regarding billing issue.
TKT-3194,USR-51652,Northeast,2026-07-22 02:36:00,Bug Report,Medium,Open,Customer inquiry regarding bug report issue.
TKT-3195,USR-75359,Northeast,2026-07-22 10:12:00,Product Question,Low,Open,Customer inquiry regarding product question issue.
TKT-3196,USR-69347,Northeast,2026-07-22 01:17:00,Shipping,Low,Closed,Customer inquiry regarding shipping issue.
TKT-3197,USR-40988,Northeast,2026-07-22 05:38:00,Billing,High,Open,Customer inquiry regarding billing issue.
TKT-3198,USR-10609,Northeast,2026-07-22 18:01:00,Billing,Low,Solved,Customer inquiry regarding billing issue.
TKT-3199,USR-79922,Northeast,2026-07-22 14:18:00,Product Question,Medium,Closed,Customer inquiry regarding product question issue.
TKT-3200,USR-19103,Northeast,2026-07-22 16:02:00,Billing,High,Closed,Customer inquiry regarding billing issue.
TKT-3201,USR-46002,Northeast,2026-07-22 15:06:00,Shipping,High,Closed,Customer inquiry regarding shipping issue.
TKT-3202,USR-16169,Midwest,2026-07-22 02:35:00,Billing,Medium,Solved,Customer inquiry regarding billing issue.
TKT-3203,USR-94029,Midwest,2026-07-22 12:19:00,Bug Report,Medium,Open,Customer inquiry regarding bug report issue.
TKT-3204,USR-13838,Midwest,2026-07-22 03:53:00,Billing,High,Closed,Customer inquiry regarding billing issue.
TKT-3205,USR-52317,Midwest,2026-07-22 07:03:00,Login Issue,Low,Closed,Customer inquiry regarding login issue issue.
TKT-3206,USR-21536,Midwest,2026-07-22 22:46:00,Shipping,Low,Closed,Customer inquiry regarding shipping issue.
TKT-3207,USR-16880,Midwest,2026-07-22 06:46:00,Billing,High,Closed,Customer inquiry regarding billing issue.
TKT-3208,USR-49883,West,2026-07-22 08:56:00,Login Issue,Low,Closed,Customer inquiry regarding login issue issue.
TKT-3209,USR-59749,West,2026-07-22 02:16:00,Billing,High,Solved,Customer inquiry regarding billing issue.
TKT-3210,USR-70384,West,2026-07-22 08:44:00,Product Question,Low,Solved,Customer inquiry regarding product question issue.
TKT-3211,USR-64171,West,2026-07-22 03:08:00,Billing,Low,Solved,Customer inquiry regarding billing issue.
TKT-3212,USR-79152,West,2026-07-22 20:28:00,Bug Report,Low,Solved,Customer inquiry regarding bug report issue.
TKT-3213,USR-46771,West,2026-07-22 07:36:00,Shipping,High,Open,Customer inquiry regarding shipping issue.
TKT-3214,USR-22032,West,2026-07-22 10:49:00,Bug Report,Medium,Closed,Customer inquiry regarding bug report issue.
TKT-3215,USR-56269,West,2026-07-22 08:49:00,Billing,High,Closed,Customer inquiry regarding billing issue.
TKT-3216,USR-20225,West,2026-07-22 17:53:00,Product Question,High,Closed,Customer inquiry regarding product question issue.
TKT-3217,USR-97883,West,2026-07-22 02:31:00,Login Issue,Low,Closed,Customer inquiry regarding login issue issue.
TKT-3218,USR-23701,West,2026-07-22 06:29:00,Shipping,Low,Open,Customer inquiry regarding shipping issue.
TKT-3219,USR-51072,West,2026-07-22 10:13:00,Refund Request,High,Solved,Customer inquiry regarding refund request issue.
TKT-3220,USR-27047,Southeast,2026-07-23 14:41:00,Product Question,High,Closed,Customer inquiry regarding product question issue.
TKT-3221,USR-91327,Southeast,2026-07-23 07:58:00,Billing,Medium,Open,Customer inquiry regarding billing issue.
TKT-3222,USR-46416,Southeast,2026-07-23 16:12:00,Shipping,Low,Closed,Customer inquiry regarding shipping issue.
TKT-3223,USR-94984,Southeast,2026-07-23 13:10:00,Bug Report,Medium,Solved,Customer inquiry regarding bug report issue.
TKT-3224,USR-41531,Southeast,2026-07-23 03:09:00,Shipping,Low,Closed,Customer inquiry regarding shipping issue.
TKT-3225,USR-13746,Southeast,2026-07-23 00:57:00,Shipping,Low,Closed,Customer inquiry regarding shipping issue.
TKT-3226,USR-44809,Southeast,2026-07-23 15:42:00,Refund Request,Medium,Closed,Customer inquiry regarding refund request issue.
TKT-3227,USR-66554,Southeast,2026-07-23 03:59:00,Refund Request,Low,Closed,Customer inquiry regarding refund request issue.
TKT-3228,USR-76574,Southeast,2026-07-23 06:09:00,Shipping,High,Open,Customer inquiry regarding shipping issue.
TKT-3229,USR-22820,Southeast,2026-07-23 10:03:00,Shipping,Medium,Closed,Customer inquiry regarding shipping issue.
TKT-3230,USR-35419,Southeast,2026-07-23 01:41:00,Shipping,High,Open,Customer inquiry regarding shipping issue.
TKT-3231,USR-46166,Southeast,2026-07-23 09:12:00,Shipping,Low,Solved,Customer inquiry regarding shipping issue.
TKT-3232,USR-24311,Southeast,2026-07-23 16:38:00,Shipping,High,Open,Customer inquiry regarding shipping issue.
TKT-3233,USR-38780,Southeast,2026-07-23 21:03:00,Bug Report,Low,Closed,Customer inquiry regarding bug report issue.
TKT-3234,USR-41295,Southeast,2026-07-23 03:03:00,Login Issue,High,Closed,Customer inquiry regarding login issue issue.
TKT-3235,USR-91293,Northeast,2026-07-23 02:34:00,Login Issue,Medium,Closed,Customer inquiry regarding login issue issue.
TKT-3236,USR-23278,Northeast,2026-07-23 22:45:00,Shipping,Medium,Open,Customer inquiry regarding shipping issue.
TKT-3237,USR-36962,Northeast,2026-07-23 07:46:00,Bug Report,Medium,Open,Customer inquiry regarding bug report issue.
TKT-3238,USR-88159,Northeast,2026-07-23 05:50:00,Product Question,Medium,Closed,Customer inquiry regarding product question issue.
TKT-3239,USR-75960,Northeast,2026-07-23 09:46:00,Login Issue,Low,Closed,Customer inquiry regarding login issue issue.
TKT-3240,USR-41276,Northeast,2026-07-23 22:39:00,Shipping,High,Closed,Customer inquiry regarding shipping issue.
TKT-3241,USR-34555,Northeast,2026-07-23 05:20:00,Bug Report,Low,Closed,Customer inquiry regarding bug report issue.
TKT-3242,USR-97298,Northeast,2026-07-23 10:57:00,Shipping,Low,Closed,Customer inquiry regarding shipping issue.
TKT-3243,USR-44581,Northeast,2026-07-23 15:27:00,Billing,Low,Closed,Customer inquiry regarding billing issue.
TKT-3244,USR-10131,Midwest,2026-07-23 00:38:00,Billing,Medium,Solved,Customer inquiry regarding billing issue.
TKT-3245,USR-15921,Midwest,2026-07-23 15:55:00,Product Question,Medium,Closed,Customer inquiry regarding product question issue.
TKT-3246,USR-78848,Midwest,2026-07-23 00:36:00,Bug Report,Medium,Closed,Customer inquiry regarding bug report issue.
TKT-3247,USR-49924,Midwest,2026-07-23 16:10:00,Product Question,Low,Closed,Customer inquiry regarding product question issue.
TKT-3248,USR-81527,Midwest,2026-07-23 23:21:00,Shipping,Medium,Closed,Customer inquiry regarding shipping issue.
TKT-3249,USR-70129,Midwest,2026-07-23 08:42:00,Shipping,Medium,Closed,Customer inquiry regarding shipping issue.
TKT-3250,USR-77873,Midwest,2026-07-23 00:52:00,Billing,Medium,Closed,Customer inquiry regarding billing issue.
TKT-3251,USR-45381,Midwest,2026-07-23 21:54:00,Refund Request,Medium,Closed,Customer inquiry regarding refund request issue.
TKT-3252,USR-29385,Midwest,2026-07-23 21:33:00,Bug Report,High,Closed,Customer inquiry regarding bug report issue.
TKT-3253,USR-56818,West,2026-07-23 13:54:00,Product Question,High,Closed,Customer inquiry regarding product question issue.
TKT-3254,USR-57109,West,2026-07-23 15:01:00,Product Question,High,Open,Customer inquiry regarding product question issue.
TKT-3255,USR-93720,West,2026-07-23 06:47:00,Login Issue,Low,Open,Customer inquiry regarding login issue issue.
TKT-3256,USR-68886,West,2026-07-23 03:17:00,Bug Report,High,Solved,Customer inquiry regarding bug report issue.
TKT-3257,USR-53410,West,2026-07-23 16:11:00,Billing,High,Closed,Customer inquiry regarding billing issue.
TKT-3258,USR-34978,West,2026-07-23 12:37:00,Shipping,Medium,Closed,Customer inquiry regarding shipping issue.
TKT-3259,USR-90264,West,2026-07-23 01:37:00,Refund Request,High,Closed,Customer inquiry regarding refund request issue.
TKT-3260,USR-47802,West,2026-07-23 03:27:00,Shipping,High,Closed,Customer inquiry regarding shipping issue.
TKT-3261,USR-78575,Southeast,2026-07-24 21:09:00,Shipping,High,Closed,Customer inquiry regarding shipping issue.
TKT-3262,USR-49799,Southeast,2026-07-24 09:39:00,Refund Request,High,Closed,Customer inquiry regarding refund request issue.
TKT-3263,USR-69488,Southeast,2026-07-24 15:18:00,Login Issue,Medium,Closed,Customer inquiry regarding login issue issue.
TKT-3264,USR-16972,Southeast,2026-07-24 01:13:00,Billing,High,Closed,Customer inquiry regarding billing issue.
TKT-3265,USR-96540,Southeast,2026-07-24 15:19:00,Login Issue,Medium,Closed,Customer inquiry regarding login issue issue.
TKT-3266,USR-47128,Southeast,2026-07-24 00:03:00,Billing,Low,Closed,Customer inquiry regarding billing issue.
TKT-3267,USR-45477,Southeast,2026-07-24 16:42:00,Refund Request,Low,Closed,Customer inquiry regarding refund request issue.
TKT-3268,USR-20579,Southeast,2026-07-24 04:46:00,Product Question,Medium,Solved,Customer inquiry regarding product question issue.
TKT-3269,USR-42601,Southeast,2026-07-24 09:14:00,Login Issue,Medium,Closed,Customer inquiry regarding login issue issue.
TKT-3270,USR-22863,Southeast,2026-07-24 21:40:00,Shipping,Medium,Open,Customer inquiry regarding shipping issue.
TKT-3271,USR-32715,Southeast,2026-07-24 08:58:00,Billing,High,Closed,Customer inquiry regarding billing issue.
TKT-3272,USR-28242,Southeast,2026-07-24 18:27:00,Bug Report,Medium,Solved,Customer inquiry regarding bug report issue.
TKT-3273,USR-64566,Southeast,2026-07-24 21:49:00,Product Question,Medium,Closed,Customer inquiry regarding product question issue.
TKT-3274,USR-48972,Southeast,2026-07-24 17:12:00,Billing,Medium,Closed,Customer inquiry regarding billing issue.
TKT-3275,USR-34034,Southeast,2026-07-24 18:59:00,Bug Report,Medium,Solved,Customer inquiry regarding bug report issue.
TKT-3276,USR-79018,Northeast,2026-07-24 12:50:00,Shipping,Low,Closed,Customer inquiry regarding shipping issue.
TKT-3277,USR-71391,Northeast,2026-07-24 14:44:00,Billing,High,Closed,Customer inquiry regarding billing issue.
TKT-3278,USR-70461,Northeast,2026-07-24 11:27:00,Shipping,Medium,Open,Customer inquiry regarding shipping issue.
TKT-3279,USR-21590,Northeast,2026-07-24 00:58:00,Refund Request,Low,Open,Customer inquiry regarding refund request issue.
TKT-3280,USR-77135,Northeast,2026-07-24 04:39:00,Billing,Low,Solved,Customer inquiry regarding billing issue.
TKT-3281,USR-48449,Northeast,2026-07-24 11:08:00,Refund Request,High,Solved,Customer inquiry regarding refund request issue.
TKT-3282,USR-97828,Northeast,2026-07-24 01:48:00,Shipping,Low,Open,Customer inquiry regarding shipping issue.
TKT-3283,USR-21096,Northeast,2026-07-24 00:29:00,Refund Request,Medium,Closed,Customer inquiry regarding refund request issue.
TKT-3284,USR-87901,Northeast,2026-07-24 01:17:00,Bug Report,Low,Closed,Customer inquiry regarding bug report issue.
TKT-3285,USR-53425,Northeast,2026-07-24 03:52:00,Billing,High,Open,Customer inquiry regarding billing issue.
TKT-3286,USR-16949,Northeast,2026-07-24 01:07:00,Bug Report,High,Solved,Customer inquiry regarding bug report issue.
TKT-3287,USR-74920,Northeast,2026-07-24 22:13:00,Refund Request,Low,Solved,Customer inquiry regarding refund request issue.
TKT-3288,USR-10845,Midwest,2026-07-24 20:54:00,Product Question,Medium,Closed,Customer inquiry regarding product question issue.
TKT-3289,USR-18800,Midwest,2026-07-24 15:39:00,Bug Report,Low,Closed,Customer inquiry regarding bug report issue.
TKT-3290,USR-22696,Midwest,2026-07-24 00:09:00,Refund Request,Low,Solved,Customer inquiry regarding refund request issue.
TKT-3291,USR-76296,Midwest,2026-07-24 07:13:00,Login Issue,Medium,Closed,Customer inquiry regarding login issue issue.
TKT-3292,USR-63026,Midwest,2026-07-24 14:25:00,Login Issue,Low,Closed,Customer inquiry regarding login issue issue.
TKT-3293,USR-90315,Midwest,2026-07-24 15:11:00,Product Question,High,Closed,Customer inquiry regarding product question issue.
TKT-3294,USR-66669,Midwest,2026-07-24 21:28:00,Bug Report,High,Closed,Customer inquiry regarding bug report issue.
TKT-3295,USR-96175,Midwest,2026-07-24 04:40:00,Login Issue,Low,Closed,Customer inquiry regarding login issue issue.
TKT-3296,USR-36260,Midwest,2026-07-24 07:10:00,Refund Request,High,Solved,Customer inquiry regarding refund request issue.
TKT-3297,USR-87170,Midwest,2026-07-24 15:30:00,Billing,Medium,Closed,Customer inquiry regarding billing issue.
TKT-3298,USR-60570,Midwest,2026-07-24 15:23:00,Bug Report,Medium,Open,Customer inquiry regarding bug report issue.
TKT-3299,USR-65683,Midwest,2026-07-24 22:51:00,Login Issue,Medium,Open,Customer inquiry regarding login issue issue.
TKT-3300,USR-83952,West,2026-07-24 04:01:00,Billing,Medium,Closed,Customer inquiry regarding billing issue.
TKT-3301,USR-94555,West,2026-07-24 12:00:00,Refund Request,Medium,Closed,Customer inquiry regarding refund request issue.
TKT-3302,USR-15587,West,2026-07-24 20:57:00,Bug Report,High,Open,Customer inquiry regarding bug report issue.
TKT-3303,USR-46294,West,2026-07-24 11:08:00,Shipping,High,Open,Customer inquiry regarding shipping issue.
TKT-3304,USR-37627,West,2026-07-24 00:10:00,Billing,High,Solved,Customer inquiry regarding billing issue.
TKT-3305,USR-77245,West,2026-07-24 11:57:00,Bug Report,High,Open,Customer inquiry regarding bug report issue.
TKT-3306,USR-95974,West,2026-07-24 02:11:00,Bug Report,Low,Closed,Customer inquiry regarding bug report issue.
TKT-3307,USR-46482,West,2026-07-24 23:36:00,Billing,Medium,Closed,Customer inquiry regarding billing issue.
TKT-3308,USR-59351,West,2026-07-24 21:19:00,Shipping,Low,Open,Customer inquiry regarding shipping issue.
TKT-3309,USR-76450,West,2026-07-24 15:38:00,Bug Report,Low,Solved,Customer inquiry regarding bug report issue.
TKT-3310,USR-87182,West,2026-07-24 21:33:00,Billing,Low,Closed,Customer inquiry regarding billing issue.
TKT-3311,USR-18856,West,2026-07-24 18:22:00,Refund Request,High,Open,Customer inquiry regarding refund request issue.
TKT-3312,USR-22653,West,2026-07-24 01:01:00,Bug Report,Low,Closed,Customer inquiry regarding bug report issue.
TKT-3313,USR-52422,West,2026-07-24 21:06:00,Shipping,High,Open,Customer inquiry regarding shipping issue.
TKT-3314,USR-60342,Southeast,2026-07-25 23:50:00,Product Question,Low,Closed,Customer inquiry regarding product question issue.
TKT-3315,USR-42831,Southeast,2026-07-25 13:59:00,Login Issue,Low,Solved,Customer inquiry regarding login issue issue.
TKT-3316,USR-59063,Southeast,2026-07-25 03:02:00,Bug Report,Low,Open,Customer inquiry regarding bug report issue.
TKT-3317,USR-24111,Southeast,2026-07-25 19:40:00,Login Issue,Low,Closed,Customer inquiry regarding login issue issue.
TKT-3318,USR-82937,Southeast,2026-07-25 22:28:00,Shipping,Low,Solved,Customer inquiry regarding shipping issue.
TKT-3319,USR-98978,Southeast,2026-07-25 06:12:00,Billing,Medium,Open,Customer inquiry regarding billing issue.
TKT-3320,USR-66893,Southeast,2026-07-25 09:14:00,Product Question,High,Closed,Customer inquiry regarding product question issue.
TKT-3321,USR-13177,Southeast,2026-07-25 16:51:00,Product Question,Low,Solved,Customer inquiry regarding product question issue.
TKT-3322,USR-28423,Southeast,2026-07-25 20:42:00,Login Issue,Low,Closed,Customer inquiry regarding login issue issue.
TKT-3323,USR-19432,Southeast,2026-07-25 00:23:00,Shipping,High,Solved,Customer inquiry regarding shipping issue.
TKT-3324,USR-75034,Southeast,2026-07-25 10:11:00,Bug Report,High,Solved,Customer inquiry regarding bug report issue.
TKT-3325,USR-75647,Southeast,2026-07-25 06:53:00,Product Question,High,Open,Customer inquiry regarding product question issue.
TKT-3326,USR-18802,Southeast,2026-07-25 11:22:00,Refund Request,High,Closed,Customer inquiry regarding refund request issue.
TKT-3327,USR-84599,Southeast,2026-07-25 14:27:00,Bug Report,Medium,Closed,Customer inquiry regarding bug report issue.
TKT-3328,USR-25456,Southeast,2026-07-25 02:08:00,Refund Request,Medium,Closed,Customer inquiry regarding refund request issue.
TKT-3329,USR-53374,Northeast,2026-07-25 15:14:00,Login Issue,High,Solved,Customer inquiry regarding login issue issue.
TKT-3330,USR-56911,Northeast,2026-07-25 00:14:00,Billing,Medium,Open,Customer inquiry regarding billing issue.
TKT-3331,USR-80047,Northeast,2026-07-25 02:55:00,Product Question,Medium,Closed,Customer inquiry regarding product question issue.
TKT-3332,USR-17424,Midwest,2026-07-25 19:32:00,Billing,Medium,Solved,Customer inquiry regarding billing issue.
TKT-3333,USR-44478,Midwest,2026-07-25 17:44:00,Login Issue,High,Open,Customer inquiry regarding login issue issue.
TKT-3334,USR-44194,West,2026-07-25 20:01:00,Login Issue,Medium,Open,Customer inquiry regarding login issue issue.
TKT-3335,USR-81707,West,2026-07-25 06:21:00,Login Issue,Low,Closed,Customer inquiry regarding login issue issue.
TKT-3336,USR-74691,West,2026-07-25 23:21:00,Bug Report,Low,Closed,Customer inquiry regarding bug report issue.
TKT-3337,USR-55330,West,2026-07-25 02:51:00,Refund Request,High,Closed,Customer inquiry regarding refund request issue.
TKT-3338,USR-20563,West,2026-07-25 02:26:00,Refund Request,High,Solved,Customer inquiry regarding refund request issue.
TKT-3339,USR-23639,West,2026-07-25 17:30:00,Product Question,Medium,Closed,Customer inquiry regarding product question issue.
TKT-3340,USR-66559,West,2026-07-25 01:31:00,Refund Request,Low,Closed,Customer inquiry regarding refund request issue.
TKT-3341,USR-80016,Southeast,2026-07-26 07:01:00,Login Issue,Low,Closed,Customer inquiry regarding login issue issue.
TKT-3342,USR-82416,Southeast,2026-07-26 19:55:00,Shipping,High,Closed,Customer inquiry regarding shipping issue.
TKT-3343,USR-66324,Southeast,2026-07-26 15:03:00,Shipping,Medium,Closed,Customer inquiry regarding shipping issue.
TKT-3344,USR-67403,Southeast,2026-07-26 22:27:00,Refund Request,Low,Closed,Customer inquiry regarding refund request issue.
TKT-3345,USR-35381,Southeast,2026-07-26 03:57:00,Refund Request,Medium,Closed,Customer inquiry regarding refund request issue.
TKT-3346,USR-22057,Southeast,2026-07-26 10:27:00,Login Issue,Low,Closed,Customer inquiry regarding login issue issue.
TKT-3347,USR-84455,Southeast,2026-07-26 18:00:00,Product Question,Medium,Solved,Customer inquiry regarding product question issue.
TKT-3348,USR-17455,Southeast,2026-07-26 01:51:00,Login Issue,High,Closed,Customer inquiry regarding login issue issue.
TKT-3349,USR-47040,Southeast,2026-07-26 02:03:00,Product Question,Medium,Closed,Customer inquiry regarding product question issue.
TKT-3350,USR-48327,Northeast,2026-07-26 01:20:00,Billing,High,Closed,Customer inquiry regarding billing issue.
TKT-3351,USR-96060,Northeast,2026-07-26 04:38:00,Shipping,Medium,Closed,Customer inquiry regarding shipping issue.
TKT-3352,USR-74871,Northeast,2026-07-26 02:04:00,Billing,High,Closed,Customer inquiry regarding billing issue.
TKT-3353,USR-49677,Northeast,2026-07-26 22:47:00,Billing,Low,Open,Customer inquiry regarding billing issue.
TKT-3354,USR-79054,Northeast,2026-07-26 11:49:00,Refund Request,Medium,Closed,Customer inquiry regarding refund request issue.
TKT-3355,USR-23681,Northeast,2026-07-26 08:20:00,Bug Report,High,Solved,Customer inquiry regarding bug report issue.
TKT-3356,USR-73728,Northeast,2026-07-26 01:22:00,Shipping,High,Solved,Customer inquiry regarding shipping issue.
TKT-3357,USR-40216,Northeast,2026-07-26 08:05:00,Product Question,Low,Solved,Customer inquiry regarding product question issue.
TKT-3358,USR-58809,Northeast,2026-07-26 09:47:00,Refund Request,Low,Closed,Customer inquiry regarding refund request issue.
TKT-3359,USR-67708,Northeast,2026-07-26 23:52:00,Product Question,Low,Closed,Customer inquiry regarding product question issue.
TKT-3360,USR-75392,Northeast,2026-07-26 20:48:00,Shipping,Low,Closed,Customer inquiry regarding shipping issue.
TKT-3361,USR-49375,Northeast,2026-07-26 01:17:00,Billing,High,Open,Customer inquiry regarding billing issue.
TKT-3362,USR-12470,Midwest,2026-07-26 08:54:00,Refund Request,Medium,Open,Customer inquiry regarding refund request issue.
TKT-3363,USR-36965,Midwest,2026-07-26 12:24:00,Shipping,Low,Closed,Customer inquiry regarding shipping issue.
TKT-3364,USR-16849,Midwest,2026-07-26 12:11:00,Bug Report,Medium,Solved,Customer inquiry regarding bug report issue.
TKT-3365,USR-13406,Midwest,2026-07-26 21:19:00,Login Issue,High,Closed,Customer inquiry regarding login issue issue.
TKT-3366,USR-38382,Midwest,2026-07-26 19:48:00,Billing,Medium,Solved,Customer inquiry regarding billing issue.
TKT-3367,USR-66039,Midwest,2026-07-26 00:21:00,Bug Report,High,Open,Customer inquiry regarding bug report issue.
TKT-3368,USR-82521,Midwest,2026-07-26 23:59:00,Bug Report,Low,Closed,Customer inquiry regarding bug report issue.
TKT-3369,USR-70752,Midwest,2026-07-26 12:46:00,Bug Report,Medium,Solved,Customer inquiry regarding bug report issue.
TKT-3370,USR-44091,West,2026-07-26 13:36:00,Bug Report,High,Solved,Customer inquiry regarding bug report issue.
TKT-3371,USR-27284,West,2026-07-26 05:24:00,Shipping,High,Closed,Customer inquiry regarding shipping issue.
TKT-3372,USR-42759,West,2026-07-26 00:17:00,Bug Report,Medium,Closed,Customer inquiry regarding bug report issue.
TKT-3373,USR-15060,West,2026-07-26 17:18:00,Billing,High,Open,Customer inquiry regarding billing issue.
TKT-3374,USR-95594,West,2026-07-26 19:17:00,Billing,Medium,Closed,Customer inquiry regarding billing issue.
TKT-3375,USR-96609,West,2026-07-26 19:00:00,Login Issue,Medium,Solved,Customer inquiry regarding login issue issue.
TKT-3376,USR-70650,West,2026-07-26 10:53:00,Billing,Low,Open,Customer inquiry regarding billing issue.
TKT-3377,USR-57018,West,2026-07-26 00:28:00,Login Issue,Medium,Closed,Customer inquiry regarding login issue issue.
TKT-3378,USR-46234,Southeast,2026-07-27 06:26:00,Login Issue,High,Closed,Customer inquiry regarding login issue issue.
TKT-3379,USR-33567,Southeast,2026-07-27 19:35:00,Billing,Low,Open,Customer inquiry regarding billing issue.
TKT-3380,USR-26675,Southeast,2026-07-27 08:49:00,Billing,Medium,Open,Customer inquiry regarding billing issue.
TKT-3381,USR-95980,Southeast,2026-07-27 07:40:00,Product Question,Low,Solved,Customer inquiry regarding product question issue.
TKT-3382,USR-34150,Southeast,2026-07-27 01:14:00,Login Issue,High,Closed,Customer inquiry regarding login issue issue.
TKT-3383,USR-15499,Southeast,2026-07-27 21:32:00,Shipping,High,Closed,Customer inquiry regarding shipping issue.
TKT-3384,USR-43743,Southeast,2026-07-27 17:45:00,Product Question,Low,Closed,Customer inquiry regarding product question issue.
TKT-3385,USR-88719,Southeast,2026-07-27 00:43:00,Billing,High,Closed,Customer inquiry regarding billing issue.
TKT-3386,USR-68171,Southeast,2026-07-27 07:22:00,Login Issue,Low,Solved,Customer inquiry regarding login issue issue.
TKT-3387,USR-52701,Northeast,2026-07-27 03:32:00,Login Issue,Low,Closed,Customer inquiry regarding login issue issue.
TKT-3388,USR-94133,Northeast,2026-07-27 18:23:00,Bug Report,Medium,Closed,Customer inquiry regarding bug report issue.
TKT-3389,USR-52800,Northeast,2026-07-27 13:56:00,Billing,Low,Closed,Customer inquiry regarding billing issue.
TKT-3390,USR-95456,Northeast,2026-07-27 19:50:00,Billing,Medium,Open,Customer inquiry regarding billing issue.
TKT-3391,USR-31012,Northeast,2026-07-27 11:30:00,Billing,High,Closed,Customer inquiry regarding billing issue.
TKT-3392,USR-13346,Northeast,2026-07-27 11:02:00,Billing,Low,Solved,Customer inquiry regarding billing issue.
TKT-3393,USR-76608,Northeast,2026-07-27 03:38:00,Product Question,Medium,Solved,Customer inquiry regarding product question issue.
TKT-3394,USR-86373,Northeast,2026-07-27 18:45:00,Billing,Low,Open,Customer inquiry regarding billing issue.
TKT-3395,USR-95093,Northeast,2026-07-27 01:42:00,Bug Report,Low,Open,Customer inquiry regarding bug report issue.
TKT-3396,USR-85292,Northeast,2026-07-27 02:04:00,Product Question,High,Solved,Customer inquiry regarding product question issue.
TKT-3397,USR-25891,Northeast,2026-07-27 20:35:00,Bug Report,Medium,Solved,Customer inquiry regarding bug report issue.
TKT-3398,USR-96402,Northeast,2026-07-27 16:51:00,Login Issue,High,Open,Customer inquiry regarding login issue issue.
TKT-3399,USR-53081,Midwest,2026-07-27 08:12:00,Refund Request,Medium,Closed,Customer inquiry regarding refund request issue.
TKT-3400,USR-51263,Midwest,2026-07-27 07:51:00,Billing,Low,Open,Customer inquiry regarding billing issue.
TKT-3401,USR-63729,Midwest,2026-07-27 23:07:00,Bug Report,Low,Open,Customer inquiry regarding bug report issue.
TKT-3402,USR-20019,Midwest,2026-07-27 11:05:00,Billing,High,Solved,Customer inquiry regarding billing issue.
TKT-3403,USR-68847,West,2026-07-27 11:41:00,Shipping,High,Closed,Customer inquiry regarding shipping issue.
TKT-3404,USR-42105,West,2026-07-27 13:14:00,Refund Request,Low,Solved,Customer inquiry regarding refund request issue.
TKT-3405,USR-89370,West,2026-07-27 13:43:00,Refund Request,High,Closed,Customer inquiry regarding refund request issue.
TKT-3406,USR-25461,West,2026-07-27 08:50:00,Billing,Medium,Closed,Customer inquiry regarding billing issue.
TKT-3407,USR-85499,West,2026-07-27 02:26:00,Shipping,High,Closed,Customer inquiry regarding shipping issue.
TKT-3408,USR-12033,West,2026-07-27 15:40:00,Product Question,Low,Open,Customer inquiry regarding product question issue.
TKT-3409,USR-71585,West,2026-07-27 05:07:00,Shipping,Medium,Solved,Customer inquiry regarding shipping issue.
TKT-3410,USR-13136,West,2026-07-27 23:06:00,Product Question,Low,Open,Customer inquiry regarding product question issue.
TKT-3411,USR-79377,West,2026-07-27 22:10:00,Login Issue,Low,Solved,Customer inquiry regarding login issue issue.
TKT-3412,USR-41645,Southeast,2026-07-28 11:08:00,Shipping,High,Solved,Customer inquiry regarding shipping issue.
TKT-3413,USR-87526,Southeast,2026-07-28 22:18:00,Login Issue,Medium,Closed,Customer inquiry regarding login issue issue.
TKT-3414,USR-19666,Southeast,2026-07-28 19:39:00,Login Issue,High,Closed,Customer inquiry regarding login issue issue.
TKT-3415,USR-92684,Southeast,2026-07-28 23:58:00,Billing,Medium,Open,Customer inquiry regarding billing issue.
TKT-3416,USR-27643,Southeast,2026-07-28 14:47:00,Shipping,Medium,Open,Customer inquiry regarding shipping issue.
TKT-3417,USR-20982,Southeast,2026-07-28 23:11:00,Bug Report,High,Solved,Customer inquiry regarding bug report issue.
TKT-3418,USR-58480,Southeast,2026-07-28 04:57:00,Login Issue,High,Solved,Customer inquiry regarding login issue issue.
TKT-3419,USR-67486,Southeast,2026-07-28 21:41:00,Shipping,Medium,Closed,Customer inquiry regarding shipping issue.
TKT-3420,USR-22700,Southeast,2026-07-28 05:32:00,Bug Report,High,Closed,Customer inquiry regarding bug report issue.
TKT-3421,USR-83941,Southeast,2026-07-28 07:19:00,Shipping,Medium,Closed,Customer inquiry regarding shipping issue.
TKT-3422,USR-65927,Southeast,2026-07-28 16:57:00,Refund Request,High,Solved,Customer inquiry regarding refund request issue.
TKT-3423,USR-28769,Southeast,2026-07-28 09:20:00,Shipping,Medium,Closed,Customer inquiry regarding shipping issue.
TKT-3424,USR-66431,Southeast,2026-07-28 01:52:00,Bug Report,High,Closed,Customer inquiry regarding bug report issue.
TKT-3425,USR-23037,Southeast,2026-07-28 16:17:00,Refund Request,High,Closed,Customer inquiry regarding refund request issue.
TKT-3426,USR-45893,Southeast,2026-07-28 11:18:00,Product Question,Low,Closed,Customer inquiry regarding product question issue.
TKT-3427,USR-44003,Southeast,2026-07-28 15:28:00,Product Question,Low,Closed,Customer inquiry regarding product question issue.
TKT-3428,USR-28481,Southeast,2026-07-28 19:48:00,Login Issue,Low,Closed,Customer inquiry regarding login issue issue.
TKT-3429,USR-13584,Southeast,2026-07-28 03:13:00,Refund Request,High,Closed,Customer inquiry regarding refund request issue.
TKT-3430,USR-35576,Southeast,2026-07-28 19:57:00,Login Issue,High,Solved,Customer inquiry regarding login issue issue.
TKT-3431,USR-46941,Southeast,2026-07-28 00:31:00,Login Issue,Medium,Closed,Customer inquiry regarding login issue issue.
TKT-3432,USR-26538,Northeast,2026-07-28 18:27:00,Bug Report,Medium,Solved,Customer inquiry regarding bug report issue.
TKT-3433,USR-68249,Northeast,2026-07-28 14:18:00,Login Issue,High,Closed,Customer inquiry regarding login issue issue.
TKT-3434,USR-46497,Northeast,2026-07-28 13:31:00,Billing,Low,Closed,Customer inquiry regarding billing issue.
TKT-3435,USR-39155,Northeast,2026-07-28 23:42:00,Login Issue,Medium,Closed,Customer inquiry regarding login issue issue.
TKT-3436,USR-53953,Northeast,2026-07-28 23:04:00,Billing,Low,Solved,Customer inquiry regarding billing issue.
TKT-3437,USR-98091,Northeast,2026-07-28 08:29:00,Bug Report,High,Solved,Customer inquiry regarding bug report issue.
TKT-3438,USR-66803,Northeast,2026-07-28 02:45:00,Bug Report,Medium,Closed,Customer inquiry regarding bug report issue.
TKT-3439,USR-34955,Northeast,2026-07-28 03:59:00,Bug Report,High,Closed,Customer inquiry regarding bug report issue.
TKT-3440,USR-42232,Midwest,2026-07-28 20:02:00,Bug Report,High,Closed,Customer inquiry regarding bug report issue.
TKT-3441,USR-44771,Midwest,2026-07-28 04:37:00,Shipping,Low,Closed,Customer inquiry regarding shipping issue.
TKT-3442,USR-47040,Midwest,2026-07-28 15:09:00,Shipping,Low,Open,Customer inquiry regarding shipping issue.
TKT-3443,USR-38074,Midwest,2026-07-28 04:12:00,Bug Report,Low,Solved,Customer inquiry regarding bug report issue.
TKT-3444,USR-90113,Midwest,2026-07-28 00:27:00,Login Issue,Medium,Solved,Customer inquiry regarding login issue issue.
TKT-3445,USR-44481,Midwest,2026-07-28 06:45:00,Product Question,Low,Open,Customer inquiry regarding product question issue.
TKT-3446,USR-93586,Midwest,2026-07-28 19:24:00,Bug Report,High,Closed,Customer inquiry regarding bug report issue.
TKT-3447,USR-49334,Midwest,2026-07-28 11:30:00,Refund Request,High,Closed,Customer inquiry regarding refund request issue.
TKT-3448,USR-74254,Midwest,2026-07-28 07:56:00,Billing,High,Open,Customer inquiry regarding billing issue.
TKT-3449,USR-73040,Midwest,2026-07-28 20:25:00,Refund Request,Medium,Solved,Customer inquiry regarding refund request issue.
TKT-3450,USR-64997,West,2026-07-28 09:06:00,Product Question,Low,Closed,Customer inquiry regarding product question issue.
TKT-3451,USR-25180,West,2026-07-28 14:20:00,Product Question,High,Open,Customer inquiry regarding product question issue.
TKT-3452,USR-55557,West,2026-07-28 05:29:00,Billing,High,Closed,Customer inquiry regarding billing issue.
TKT-3453,USR-74117,West,2026-07-28 22:25:00,Bug Report,Low,Open,Customer inquiry regarding bug report issue.
TKT-3454,USR-48132,West,2026-07-28 19:26:00,Bug Report,Low,Closed,Customer inquiry regarding bug report issue.
TKT-3455,USR-83696,West,2026-07-28 08:32:00,Product Question,Medium,Closed,Customer inquiry regarding product question issue.
TKT-3456,USR-62255,Southeast,2026-07-29 10:26:00,Shipping,Medium,Open,Customer inquiry regarding shipping issue.
TKT-3457,USR-38697,Southeast,2026-07-29 08:58:00,Login Issue,Medium,Open,Customer inquiry regarding login issue issue.
TKT-3458,USR-63714,Southeast,2026-07-29 10:40:00,Login Issue,Medium,Open,Customer inquiry regarding login issue issue.
TKT-3459,USR-91957,Southeast,2026-07-29 07:36:00,Product Question,High,Closed,Customer inquiry regarding product question issue.
TKT-3460,USR-89293,Southeast,2026-07-29 03:39:00,Refund Request,Medium,Closed,Customer inquiry regarding refund request issue.
TKT-3461,USR-21829,Southeast,2026-07-29 17:01:00,Bug Report,Low,Open,Customer inquiry regarding bug report issue.
TKT-3462,USR-95843,Southeast,2026-07-29 22:21:00,Billing,High,Closed,Customer inquiry regarding billing issue.
TKT-3463,USR-36009,Southeast,2026-07-29 01:33:00,Product Question,Medium,Solved,Customer inquiry regarding product question issue.
TKT-3464,USR-48035,Southeast,2026-07-29 05:53:00,Refund Request,Medium,Closed,Customer inquiry regarding refund request issue.
TKT-3465,USR-38261,Southeast,2026-07-29 05:58:00,Billing,Medium,Open,Customer inquiry regarding billing issue.
TKT-3466,USR-12625,Southeast,2026-07-29 17:46:00,Product Question,Low,Closed,Customer inquiry regarding product question issue.
TKT-3467,USR-15542,Southeast,2026-07-29 16:06:00,Refund Request,Medium,Open,Customer inquiry regarding refund request issue.
TKT-3468,USR-92779,Southeast,2026-07-29 05:18:00,Billing,Low,Closed,Customer inquiry regarding billing issue.
TKT-3469,USR-59526,Southeast,2026-07-29 22:15:00,Login Issue,Medium,Closed,Customer inquiry regarding login issue issue.
TKT-3470,USR-21130,Southeast,2026-07-29 20:25:00,Product Question,High,Closed,Customer inquiry regarding product question issue.
TKT-3471,USR-12641,Northeast,2026-07-29 02:04:00,Refund Request,High,Open,Customer inquiry regarding refund request issue.
TKT-3472,USR-22524,Northeast,2026-07-29 00:47:00,Refund Request,High,Closed,Customer inquiry regarding refund request issue.
TKT-3473,USR-50919,Northeast,2026-07-29 23:37:00,Shipping,Low,Solved,Customer inquiry regarding shipping issue.
TKT-3474,USR-49603,Northeast,2026-07-29 10:27:00,Refund Request,High,Closed,Customer inquiry regarding refund request issue.
TKT-3475,USR-95989,Northeast,2026-07-29 08:29:00,Product Question,Low,Closed,Customer inquiry regarding product question issue.
TKT-3476,USR-22197,Northeast,2026-07-29 18:30:00,Shipping,Medium,Open,Customer inquiry regarding shipping issue.
TKT-3477,USR-47279,Northeast,2026-07-29 07:26:00,Refund Request,Medium,Open,Customer inquiry regarding refund request issue.
TKT-3478,USR-12256,Northeast,2026-07-29 22:34:00,Refund Request,Low,Open,Customer inquiry regarding refund request issue.
TKT-3479,USR-24195,Northeast,2026-07-29 15:46:00,Shipping,Medium,Solved,Customer inquiry regarding shipping issue.
TKT-3480,USR-72495,Midwest,2026-07-29 00:25:00,Product Question,Medium,Closed,Customer inquiry regarding product question issue.
TKT-3481,USR-28844,Midwest,2026-07-29 18:06:00,Bug Report,Medium,Closed,Customer inquiry regarding bug report issue.
TKT-3482,USR-37221,Midwest,2026-07-29 20:05:00,Login Issue,High,Closed,Customer inquiry regarding login issue issue.
TKT-3483,USR-62847,Midwest,2026-07-29 15:37:00,Product Question,Low,Closed,Customer inquiry regarding product question issue.
TKT-3484,USR-40465,West,2026-07-29 19:53:00,Shipping,High,Solved,Customer inquiry regarding shipping issue.
TKT-3485,USR-50823,West,2026-07-29 01:49:00,Shipping,Medium,Open,Customer inquiry regarding shipping issue.
TKT-3486,USR-84096,West,2026-07-29 23:21:00,Product Question,Low,Closed,Customer inquiry regarding product question issue.
TKT-3487,USR-83716,West,2026-07-29 19:26:00,Login Issue,Medium,Closed,Customer inquiry regarding login issue issue.
TKT-3488,USR-52183,West,2026-07-29 15:34:00,Shipping,Medium,Closed,Customer inquiry regarding shipping issue.
TKT-3489,USR-20673,West,2026-07-29 14:45:00,Shipping,High,Solved,Customer inquiry regarding shipping issue.
TKT-3490,USR-26683,West,2026-07-29 03:27:00,Bug Report,Low,Open,Customer inquiry regarding bug report issue.
TKT-3491,USR-31783,West,2026-07-29 00:10:00,Refund Request,High,Closed,Customer inquiry regarding refund request issue.
TKT-3492,USR-74904,West,2026-07-29 06:28:00,Login Issue,Low,Open,Customer inquiry regarding login issue issue.
TKT-3493,USR-81707,West,2026-07-29 05:40:00,Refund Request,Medium,Closed,Customer inquiry regarding refund request issue.
TKT-3494,USR-67079,West,2026-07-29 13:25:00,Login Issue,Medium,Closed,Customer inquiry regarding login issue issue.
TKT-3495,USR-58710,Southeast,2026-07-30 21:17:00,Refund Request,Medium,Solved,Customer inquiry regarding refund request issue.
TKT-3496,USR-78583,Southeast,2026-07-30 18:41:00,Product Question,Low,Closed,Customer inquiry regarding product question issue.
TKT-3497,USR-78076,Southeast,2026-07-30 21:13:00,Refund Request,High,Closed,Customer inquiry regarding refund request issue.
TKT-3498,USR-53276,Southeast,2026-07-30 19:16:00,Shipping,Medium,Closed,Customer inquiry regarding shipping issue.
TKT-3499,USR-72111,Southeast,2026-07-30 23:46:00,Product Question,Low,Solved,Customer inquiry regarding product question issue.
TKT-3500,USR-71668,Southeast,2026-07-30 00:20:00,Shipping,Low,Closed,Customer inquiry regarding shipping issue.
TKT-3501,USR-36118,Southeast,2026-07-30 02:00:00,Billing,High,Closed,Customer inquiry regarding billing issue.
TKT-3502,USR-22414,Southeast,2026-07-30 22:06:00,Refund Request,Medium,Closed,Customer inquiry regarding refund request issue.
TKT-3503,USR-18751,Southeast,2026-07-30 01:39:00,Shipping,High,Closed,Customer inquiry regarding shipping issue.
TKT-3504,USR-92420,Southeast,2026-07-30 11:40:00,Refund Request,Low,Closed,Customer inquiry regarding refund request issue.
TKT-3505,USR-65858,Southeast,2026-07-30 00:59:00,Product Question,Medium,Closed,Customer inquiry regarding product question issue.
TKT-3506,USR-62857,Southeast,2026-07-30 18:46:00,Billing,Medium,Solved,Customer inquiry regarding billing issue.
TKT-3507,USR-20154,Southeast,2026-07-30 08:35:00,Refund Request,High,Closed,Customer inquiry regarding refund request issue.
TKT-3508,USR-46698,Southeast,2026-07-30 18:09:00,Login Issue,High,Closed,Customer inquiry regarding login issue issue.
TKT-3509,USR-78461,Southeast,2026-07-30 05:16:00,Refund Request,Low,Closed,Customer inquiry regarding refund request issue.
TKT-3510,USR-87616,Southeast,2026-07-30 18:41:00,Shipping,Medium,Solved,Customer inquiry regarding shipping issue.
TKT-3511,USR-37434,Southeast,2026-07-30 19:17:00,Bug Report,High,Open,Customer inquiry regarding bug report issue.
TKT-3512,USR-90599,Southeast,2026-07-30 05:00:00,Product Question,Low,Closed,Customer inquiry regarding product question issue.
TKT-3513,USR-52380,Southeast,2026-07-30 04:09:00,Product Question,Medium,Closed,Customer inquiry regarding product question issue.
TKT-3514,USR-67630,Northeast,2026-07-30 02:57:00,Login Issue,Low,Solved,Customer inquiry regarding login issue issue.
TKT-3515,USR-75585,Northeast,2026-07-30 13:42:00,Shipping,Medium,Closed,Customer inquiry regarding shipping issue.
TKT-3516,USR-60532,Northeast,2026-07-30 03:15:00,Refund Request,Medium,Open,Customer inquiry regarding refund request issue.
TKT-3517,USR-51546,Northeast,2026-07-30 22:30:00,Billing,Medium,Solved,Customer inquiry regarding billing issue.
TKT-3518,USR-93069,Northeast,2026-07-30 16:05:00,Refund Request,Low,Closed,Customer inquiry regarding refund request issue.
TKT-3519,USR-67887,Northeast,2026-07-30 08:45:00,Product Question,Medium,Solved,Customer inquiry regarding product question issue.
TKT-3520,USR-83125,Northeast,2026-07-30 15:44:00,Billing,High,Closed,Customer inquiry regarding billing issue.
TKT-3521,USR-57931,Northeast,2026-07-30 13:41:00,Billing,Low,Closed,Customer inquiry regarding billing issue.
TKT-3522,USR-38020,Northeast,2026-07-30 14:49:00,Bug Report,Medium,Open,Customer inquiry regarding bug report issue.
TKT-3523,USR-33462,Northeast,2026-07-30 19:35:00,Product Question,Medium,Closed,Customer inquiry regarding product question issue.
TKT-3524,USR-78944,Northeast,2026-07-30 23:00:00,Product Question,Medium,Closed,Customer inquiry regarding product question issue.
TKT-3525,USR-11703,Midwest,2026-07-30 10:06:00,Billing,Medium,Solved,Customer inquiry regarding billing issue.
TKT-3526,USR-94105,Midwest,2026-07-30 19:17:00,Login Issue,High,Closed,Customer inquiry regarding login issue issue.
TKT-3527,USR-45936,Midwest,2026-07-30 15:25:00,Login Issue,High,Closed,Customer inquiry regarding login issue issue.
TKT-3528,USR-89632,Midwest,2026-07-30 20:03:00,Refund Request,Low,Open,Customer inquiry regarding refund request issue.
TKT-3529,USR-94875,Midwest,2026-07-30 20:29:00,Shipping,Low,Open,Customer inquiry regarding shipping issue.
TKT-3530,USR-13779,Midwest,2026-07-30 17:51:00,Login Issue,Low,Closed,Customer inquiry regarding login issue issue.
TKT-3531,USR-27255,Midwest,2026-07-30 19:57:00,Bug Report,Low,Closed,Customer inquiry regarding bug report issue.
TKT-3532,USR-93555,Midwest,2026-07-30 02:26:00,Login Issue,Low,Open,Customer inquiry regarding login issue issue.
TKT-3533,USR-46369,Midwest,2026-07-30 22:03:00,Billing,Low,Solved,Customer inquiry regarding billing issue.
TKT-3534,USR-53603,West,2026-07-30 06:41:00,Refund Request,High,Closed,Customer inquiry regarding refund request issue.
TKT-3535,USR-86919,West,2026-07-30 21:54:00,Billing,High,Closed,Customer inquiry regarding billing issue.
TKT-3536,USR-64575,West,2026-07-30 23:23:00,Refund Request,Low,Open,Customer inquiry regarding refund request issue.
TKT-3537,USR-75735,West,2026-07-30 21:42:00,Login Issue,Low,Closed,Customer inquiry regarding login issue issue.
TKT-3538,USR-68117,West,2026-07-30 04:46:00,Billing,Low,Closed,Customer inquiry regarding billing issue.
TKT-3539,USR-63641,West,2026-07-30 01:17:00,Refund Request,Low,Solved,Customer inquiry regarding refund request issue.
TKT-3540,USR-45882,West,2026-07-30 05:40:00,Bug Report,Low,Closed,Customer inquiry regarding bug report issue.
TKT-3541,USR-84471,West,2026-07-30 17:22:00,Login Issue,Medium,Open,Customer inquiry regarding login issue issue.
TKT-3542,USR-25238,West,2026-07-30 22:05:00,Refund Request,Medium,Closed,Customer inquiry regarding refund request issue.
TKT-3543,USR-51615,West,2026-07-30 02:11:00,Bug Report,Low,Closed,Customer inquiry regarding bug report issue.
TKT-3544,USR-38511,West,2026-07-30 18:40:00,Login Issue,Low,Closed,Customer inquiry regarding login issue issue.
TKT-3545,USR-50341,West,2026-07-30 20:23:00,Shipping,Low,Closed,Customer inquiry regarding shipping issue.
TKT-3546,USR-50696,West,2026-07-30 21:41:00,Product Question,High,Closed,Customer inquiry regarding product question issue.
TKT-3547,USR-64261,Southeast,2026-07-31 05:17:00,Product Question,High,Closed,Customer inquiry regarding product question issue.
TKT-3548,USR-33214,Southeast,2026-07-31 07:53:00,Product Question,Medium,Closed,Customer inquiry regarding product question issue.
TKT-3549,USR-22112,Southeast,2026-07-31 09:16:00,Bug Report,Medium,Closed,Customer inquiry regarding bug report issue.
TKT-3550,USR-94125,Southeast,2026-07-31 15:22:00,Refund Request,Medium,Closed,Customer inquiry regarding refund request issue.
TKT-3551,USR-14814,Southeast,2026-07-31 16:28:00,Bug Report,High,Closed,Customer inquiry regarding bug report issue.
TKT-3552,USR-37611,Southeast,2026-07-31 18:24:00,Product Question,High,Solved,Customer inquiry regarding product question issue.
TKT-3553,USR-37190,Southeast,2026-07-31 22:27:00,Billing,High,Closed,Customer inquiry regarding billing issue.
TKT-3554,USR-21895,Southeast,2026-07-31 10:44:00,Refund Request,High,Closed,Customer inquiry regarding refund request issue.
TKT-3555,USR-71300,Southeast,2026-07-31 16:49:00,Product Question,Medium,Closed,Customer inquiry regarding product question issue.
TKT-3556,USR-72286,Southeast,2026-07-31 08:02:00,Login Issue,High,Closed,Customer inquiry regarding login issue issue.
TKT-3557,USR-83894,Southeast,2026-07-31 04:29:00,Refund Request,Medium,Closed,Customer inquiry regarding refund request issue.
TKT-3558,USR-23711,Southeast,2026-07-31 12:42:00,Refund Request,Low,Closed,Customer inquiry regarding refund request issue.
TKT-3559,USR-72324,Southeast,2026-07-31 20:22:00,Login Issue,Low,Open,Customer inquiry regarding login issue issue.
TKT-3560,USR-56924,Southeast,2026-07-31 10:21:00,Bug Report,Low,Closed,Customer inquiry regarding bug report issue.
TKT-3561,USR-12850,Southeast,2026-07-31 09:10:00,Shipping,High,Closed,Customer inquiry regarding shipping issue.
TKT-3562,USR-85492,Southeast,2026-07-31 14:51:00,Refund Request,Medium,Solved,Customer inquiry regarding refund request issue.
TKT-3563,USR-41927,Southeast,2026-07-31 22:27:00,Bug Report,Medium,Open,Customer inquiry regarding bug report issue.
TKT-3564,USR-73249,Southeast,2026-07-31 08:46:00,Billing,High,Closed,Customer inquiry regarding billing issue.
TKT-3565,USR-76448,Southeast,2026-07-31 21:25:00,Billing,Low,Closed,Customer inquiry regarding billing issue.
TKT-3566,USR-62527,Northeast,2026-07-31 03:26:00,Shipping,Medium,Solved,Customer inquiry regarding shipping issue.
TKT-3567,USR-49397,Northeast,2026-07-31 18:01:00,Product Question,High,Closed,Customer inquiry regarding product question issue.
TKT-3568,USR-28290,Northeast,2026-07-31 19:44:00,Refund Request,Low,Solved,Customer inquiry regarding refund request issue.
TKT-3569,USR-50537,Northeast,2026-07-31 04:42:00,Billing,Low,Closed,Customer inquiry regarding billing issue.
TKT-3570,USR-31671,Northeast,2026-07-31 04:51:00,Billing,Medium,Open,Customer inquiry regarding billing issue.
TKT-3571,USR-32553,Northeast,2026-07-31 14:00:00,Bug Report,Low,Closed,Customer inquiry regarding bug report issue.
TKT-3572,USR-36649,Northeast,2026-07-31 09:19:00,Login Issue,Low,Closed,Customer inquiry regarding login issue issue.
TKT-3573,USR-99746,Northeast,2026-07-31 13:05:00,Bug Report,Low,Closed,Customer inquiry regarding bug report issue.
TKT-3574,USR-30883,Northeast,2026-07-31 17:54:00,Billing,Low,Open,Customer inquiry regarding billing issue.
TKT-3575,USR-37851,Northeast,2026-07-31 11:06:00,Shipping,High,Open,Customer inquiry regarding shipping issue.
TKT-3576,USR-22559,Northeast,2026-07-31 15:42:00,Shipping,Medium,Closed,Customer inquiry regarding shipping issue.
TKT-3577,USR-52875,Northeast,2026-07-31 12:08:00,Billing,Low,Open,Customer inquiry regarding billing issue.
TKT-3578,USR-88241,Northeast,2026-07-31 09:52:00,Bug Report,High,Open,Customer inquiry regarding bug report issue.
TKT-3579,USR-39057,Midwest,2026-07-31 15:42:00,Bug Report,High,Closed,Customer inquiry regarding bug report issue.
TKT-3580,USR-54544,Midwest,2026-07-31 19:11:00,Product Question,Medium,Closed,Customer inquiry regarding product question issue.
TKT-3581,USR-62190,Midwest,2026-07-31 16:52:00,Login Issue,High,Solved,Customer inquiry regarding login issue issue.
TKT-3582,USR-34637,Midwest,2026-07-31 02:41:00,Product Question,Low,Open,Customer inquiry regarding product question issue.
TKT-3583,USR-54510,Midwest,2026-07-31 01:13:00,Billing,Medium,Closed,Customer inquiry regarding billing issue.
TKT-3584,USR-47350,Midwest,2026-07-31 12:41:00,Product Question,Medium,Closed,Customer inquiry regarding product question issue.
TKT-3585,USR-44212,Midwest,2026-07-31 09:24:00,Bug Report,Medium,Closed,Customer inquiry regarding bug report issue.
TKT-3586,USR-23950,West,2026-07-31 13:11:00,Product Question,Medium,Solved,Customer inquiry regarding product question issue.
TKT-3587,USR-95966,West,2026-07-31 14:51:00,Login Issue,Medium,Closed,Customer inquiry regarding login issue issue.
TKT-3588,USR-26874,West,2026-07-31 12:51:00,Login Issue,Low,Closed,Customer inquiry regarding login issue issue.
TKT-3589,USR-11518,West,2026-07-31 18:32:00,Shipping,High,Open,Customer inquiry regarding shipping issue.
TKT-3590,USR-17144,West,2026-07-31 15:41:00,Bug Report,Medium,Open,Customer inquiry regarding bug report issue.
TKT-3591,USR-89119,West,2026-07-31 09:27:00,Billing,High,Closed,Customer inquiry regarding billing issue.
TKT-3592,USR-80126,West,2026-07-31 14:32:00,Billing,Medium,Closed,Customer inquiry regarding billing issue.
TKT-3593,USR-60262,West,2026-07-31 11:07:00,Product Question,Medium,Solved,Customer inquiry regarding product question issue.
TKT-3594,USR-87352,West,2026-07-31 21:05:00,Product Question,Low,Closed,Customer inquiry regarding product question issue.
TKT-3595,USR-67001,West,2026-07-31 08:12:00,Refund Request,High,Open,Customer inquiry regarding refund request issue.
TKT-3596,USR-16563,Southeast,2026-08-01 03:55:00,Shipping,Medium,Closed,Customer inquiry regarding shipping issue.
TKT-3597,USR-54231,Southeast,2026-08-01 19:43:00,Billing,Medium,Open,Customer inquiry regarding billing issue.
TKT-3598,USR-33426,Southeast,2026-08-01 21:18:00,Login Issue,High,Closed,Customer inquiry regarding login issue issue.
TKT-3599,USR-52550,Southeast,2026-08-01 09:22:00,Shipping,Low,Open,Customer inquiry regarding shipping issue.
TKT-3600,USR-56824,Southeast,2026-08-01 09:40:00,Login Issue,High,Closed,Customer inquiry regarding login issue issue.
TKT-3601,USR-42588,Southeast,2026-08-01 23:02:00,Refund Request,High,Open,Customer inquiry regarding refund request issue.
TKT-3602,USR-28958,Southeast,2026-08-01 05:05:00,Refund Request,Low,Closed,Customer inquiry regarding refund request issue.
TKT-3603,USR-70035,Southeast,2026-08-01 20:31:00,Shipping,Medium,Closed,Customer inquiry regarding shipping issue.
TKT-3604,USR-84588,Southeast,2026-08-01 22:39:00,Product Question,High,Solved,Customer inquiry regarding product question issue.
TKT-3605,USR-15018,Southeast,2026-08-01 14:02:00,Login Issue,Medium,Closed,Customer inquiry regarding login issue issue.
TKT-3606,USR-60058,Southeast,2026-08-01 04:38:00,Bug Report,High,Closed,Customer inquiry regarding bug report issue.
TKT-3607,USR-65381,Southeast,2026-08-01 16:46:00,Login Issue,Medium,Closed,Customer inquiry regarding login issue issue.
TKT-3608,USR-95576,Southeast,2026-08-01 12:01:00,Product Question,High,Closed,Customer inquiry regarding product question issue.
TKT-3609,USR-35119,Southeast,2026-08-01 23:56:00,Login Issue,Medium,Closed,Customer inquiry regarding login issue issue.
TKT-3610,USR-80668,Southeast,2026-08-01 18:16:00,Billing,High,Solved,Customer inquiry regarding billing issue.
TKT-3611,USR-71986,Southeast,2026-08-01 07:44:00,Login Issue,Medium,Solved,Customer inquiry regarding login issue issue.
TKT-3612,USR-46287,Southeast,2026-08-01 06:48:00,Shipping,Medium,Closed,Customer inquiry regarding shipping issue.
TKT-3613,USR-33758,Northeast,2026-08-01 16:42:00,Login Issue,High,Open,Customer inquiry regarding login issue issue.
TKT-3614,USR-37149,Northeast,2026-08-01 21:18:00,Billing,Low,Open,Customer inquiry regarding billing issue.
TKT-3615,USR-46014,Northeast,2026-08-01 00:50:00,Shipping,High,Closed,Customer inquiry regarding shipping issue.
TKT-3616,USR-22733,Northeast,2026-08-01 08:29:00,Refund Request,High,Closed,Customer inquiry regarding refund request issue.
TKT-3617,USR-38974,Northeast,2026-08-01 07:14:00,Login Issue,High,Closed,Customer inquiry regarding login issue issue.
TKT-3618,USR-70377,Northeast,2026-08-01 02:39:00,Billing,High,Solved,Customer inquiry regarding billing issue.
TKT-3619,USR-80969,Northeast,2026-08-01 18:26:00,Bug Report,High,Closed,Customer inquiry regarding bug report issue.
TKT-3620,USR-54642,Northeast,2026-08-01 12:30:00,Refund Request,Low,Closed,Customer inquiry regarding refund request issue.
TKT-3621,USR-75401,Northeast,2026-08-01 10:22:00,Shipping,Low,Open,Customer inquiry regarding shipping issue.
TKT-3622,USR-43514,Northeast,2026-08-01 06:34:00,Bug Report,Low,Open,Customer inquiry regarding bug report issue.
TKT-3623,USR-92756,Northeast,2026-08-01 12:02:00,Bug Report,High,Closed,Customer inquiry regarding bug report issue.
TKT-3624,USR-79414,Northeast,2026-08-01 15:35:00,Billing,Low,Closed,Customer inquiry regarding billing issue.
TKT-3625,USR-30434,Midwest,2026-08-01 10:28:00,Bug Report,Medium,Closed,Customer inquiry regarding bug report issue.
TKT-3626,USR-84041,Midwest,2026-08-01 19:37:00,Product Question,High,Closed,Customer inquiry regarding product question issue.
TKT-3627,USR-74324,Midwest,2026-08-01 13:26:00,Login Issue,Medium,Solved,Customer inquiry regarding login issue issue.
TKT-3628,USR-89576,Midwest,2026-08-01 07:24:00,Refund Request,Low,Open,Customer inquiry regarding refund request issue.
TKT-3629,USR-24500,Midwest,2026-08-01 03:06:00,Shipping,Low,Closed,Customer inquiry regarding shipping issue.
TKT-3630,USR-82098,Midwest,2026-08-01 18:18:00,Product Question,Low,Open,Customer inquiry regarding product question issue.
TKT-3631,USR-46553,West,2026-08-01 13:22:00,Product Question,Medium,Solved,Customer inquiry regarding product question issue.
TKT-3632,USR-97062,West,2026-08-01 10:49:00,Billing,High,Closed,Customer inquiry regarding billing issue.
TKT-3633,USR-80205,West,2026-08-01 21:40:00,Bug Report,Medium,Solved,Customer inquiry regarding bug report issue.
TKT-3634,USR-70806,West,2026-08-01 17:25:00,Product Question,Medium,Open,Customer inquiry regarding product question issue.
TKT-3635,USR-62435,West,2026-08-01 09:52:00,Shipping,Low,Closed,Customer inquiry regarding shipping issue.
TKT-3636,USR-96008,West,2026-08-01 09:00:00,Refund Request,Medium,Open,Customer inquiry regarding refund request issue.
TKT-3637,USR-95603,West,2026-08-01 05:43:00,Login Issue,Medium,Solved,Customer inquiry regarding login issue issue.
TKT-3638,USR-91117,West,2026-08-01 13:26:00,Shipping,Low,Closed,Customer inquiry regarding shipping issue.
TKT-3639,USR-20552,West,2026-08-01 07:08:00,Refund Request,High,Solved,Customer inquiry regarding refund request issue.
TKT-3640,USR-52601,West,2026-08-01 19:36:00,Bug Report,Medium,Closed,Customer inquiry regarding bug report issue.
TKT-3641,USR-99700,West,2026-08-01 19:15:00,Product Question,High,Open,Customer inquiry regarding product question issue.
TKT-3642,USR-77021,Southeast,2026-08-02 23:38:00,Bug Report,Medium,Solved,Customer inquiry regarding bug report issue.
TKT-3643,USR-41367,Southeast,2026-08-02 06:54:00,Product Question,Medium,Closed,Customer inquiry regarding product question issue.
TKT-3644,USR-27386,Southeast,2026-08-02 05:30:00,Bug Report,Low,Closed,Customer inquiry regarding bug report issue.
TKT-3645,USR-70447,Southeast,2026-08-02 09:04:00,Login Issue,Low,Solved,Customer inquiry regarding login issue issue.
TKT-3646,USR-41704,Southeast,2026-08-02 14:15:00,Bug Report,High,Open,Customer inquiry regarding bug report issue.
TKT-3647,USR-89168,Southeast,2026-08-02 05:29:00,Refund Request,High,Closed,Customer inquiry regarding refund request issue.
TKT-3648,USR-19154,Southeast,2026-08-02 10:55:00,Product Question,Low,Open,Customer inquiry regarding product question issue.
TKT-3649,USR-78126,Southeast,2026-08-02 00:47:00,Login Issue,High,Open,Customer inquiry regarding login issue issue.
TKT-3650,USR-44082,Southeast,2026-08-02 15:55:00,Shipping,Low,Open,Customer inquiry regarding shipping issue.
TKT-3651,USR-94815,Southeast,2026-08-02 22:34:00,Login Issue,High,Solved,Customer inquiry regarding login issue issue.
TKT-3652,USR-17836,Southeast,2026-08-02 17:45:00,Login Issue,Medium,Open,Customer inquiry regarding login issue issue.
TKT-3653,USR-57628,Southeast,2026-08-02 09:51:00,Shipping,High,Closed,Customer inquiry regarding shipping issue.
TKT-3654,USR-66175,Southeast,2026-08-02 12:45:00,Refund Request,High,Open,Customer inquiry regarding refund request issue.
TKT-3655,USR-24651,Southeast,2026-08-02 03:06:00,Product Question,Medium,Solved,Customer inquiry regarding product question issue.
TKT-3656,USR-28605,Southeast,2026-08-02 23:10:00,Billing,Medium,Closed,Customer inquiry regarding billing issue.
TKT-3657,USR-22730,Southeast,2026-08-02 07:50:00,Shipping,Low,Closed,Customer inquiry regarding shipping issue.
TKT-3658,USR-74431,Southeast,2026-08-02 10:41:00,Bug Report,Low,Open,Customer inquiry regarding bug report issue.
TKT-3659,USR-68284,Northeast,2026-08-02 07:48:00,Billing,Medium,Closed,Customer inquiry regarding billing issue.
TKT-3660,USR-84479,Northeast,2026-08-02 10:50:00,Shipping,High,Closed,Customer inquiry regarding shipping issue.
TKT-3661,USR-78390,Northeast,2026-08-02 08:38:00,Login Issue,Low,Closed,Customer inquiry regarding login issue issue.
TKT-3662,USR-57542,Northeast,2026-08-02 09:01:00,Product Question,Medium,Solved,Customer inquiry regarding product question issue.
TKT-3663,USR-84401,Northeast,2026-08-02 22:18:00,Billing,High,Closed,Customer inquiry regarding billing issue.
TKT-3664,USR-98247,Northeast,2026-08-02 20:19:00,Shipping,High,Open,Customer inquiry regarding shipping issue.
TKT-3665,USR-29205,Northeast,2026-08-02 09:09:00,Bug Report,High,Closed,Customer inquiry regarding bug report issue.
TKT-3666,USR-13670,Northeast,2026-08-02 19:18:00,Shipping,Medium,Closed,Customer inquiry regarding shipping issue.
TKT-3667,USR-11581,Northeast,2026-08-02 06:37:00,Billing,Low,Solved,Customer inquiry regarding billing issue.
TKT-3668,USR-63194,Northeast,2026-08-02 08:23:00,Bug Report,High,Solved,Customer inquiry regarding bug report issue.
TKT-3669,USR-86957,Northeast,2026-08-02 15:39:00,Product Question,Medium,Closed,Customer inquiry regarding product question issue.
TKT-3670,USR-73602,Northeast,2026-08-02 16:20:00,Refund Request,Medium,Open,Customer inquiry regarding refund request issue.
TKT-3671,USR-73438,Northeast,2026-08-02 20:10:00,Refund Request,Medium,Closed,Customer inquiry regarding refund request issue.
TKT-3672,USR-39400,Midwest,2026-08-02 02:21:00,Product Question,Medium,Closed,Customer inquiry regarding product question issue.
TKT-3673,USR-95196,Midwest,2026-08-02 04:17:00,Refund Request,High,Closed,Customer inquiry regarding refund request issue.
TKT-3674,USR-93707,Midwest,2026-08-02 06:22:00,Shipping,Medium,Solved,Customer inquiry regarding shipping issue.
TKT-3675,USR-36546,Midwest,2026-08-02 00:53:00,Bug Report,High,Closed,Customer inquiry regarding bug report issue.
TKT-3676,USR-53190,Midwest,2026-08-02 11:42:00,Login Issue,Medium,Closed,Customer inquiry regarding login issue issue.
TKT-3677,USR-80481,Midwest,2026-08-02 16:04:00,Billing,High,Solved,Customer inquiry regarding billing issue.
TKT-3678,USR-78543,Midwest,2026-08-02 02:51:00,Login Issue,Medium,Solved,Customer inquiry regarding login issue issue.
TKT-3679,USR-95302,Midwest,2026-08-02 07:15:00,Billing,High,Closed,Customer inquiry regarding billing issue.
TKT-3680,USR-33256,West,2026-08-02 07:14:00,Bug Report,High,Open,Customer inquiry regarding bug report issue.
TKT-3681,USR-21974,West,2026-08-02 01:38:00,Billing,High,Closed,Customer inquiry regarding billing issue.
TKT-3682,USR-78492,West,2026-08-02 23:12:00,Bug Report,Low,Closed,Customer inquiry regarding bug report issue.
TKT-3683,USR-86765,West,2026-08-02 09:03:00,Product Question,Low,Closed,Customer inquiry regarding product question issue.
TKT-3684,USR-16695,West,2026-08-02 18:30:00,Shipping,Low,Solved,Customer inquiry regarding shipping issue.
TKT-3685,USR-72691,West,2026-08-02 10:50:00,Bug Report,Low,Closed,Customer inquiry regarding bug report issue.
TKT-3686,USR-23090,West,2026-08-02 03:28:00,Login Issue,Medium,Closed,Customer inquiry regarding login issue issue.
TKT-3687,USR-49316,West,2026-08-02 17:37:00,Product Question,High,Open,Customer inquiry regarding product question issue.
TKT-3688,USR-68017,West,2026-08-02 18:00:00,Refund Request,Medium,Closed,Customer inquiry regarding refund request issue.
TKT-3689,USR-63368,Southeast,2026-08-03 20:39:00,Shipping,Low,Closed,Customer inquiry regarding shipping issue.
TKT-3690,USR-53075,Southeast,2026-08-03 19:17:00,Shipping,High,Closed,Customer inquiry regarding shipping issue.
TKT-3691,USR-44629,Southeast,2026-08-03 16:30:00,Refund Request,Medium,Closed,Customer inquiry regarding refund request issue.
TKT-3692,USR-75937,Southeast,2026-08-03 17:15:00,Billing,Medium,Solved,Customer inquiry regarding billing issue.
TKT-3693,USR-73908,Southeast,2026-08-03 09:40:00,Shipping,Low,Closed,Customer inquiry regarding shipping issue.
TKT-3694,USR-31381,Southeast,2026-08-03 00:20:00,Refund Request,Medium,Open,Customer inquiry regarding refund request issue.
TKT-3695,USR-22395,Southeast,2026-08-03 05:04:00,Shipping,High,Closed,Customer inquiry regarding shipping issue.
TKT-3696,USR-33941,Southeast,2026-08-03 14:21:00,Bug Report,High,Solved,Customer inquiry regarding bug report issue.
TKT-3697,USR-50265,Southeast,2026-08-03 06:49:00,Login Issue,Low,Closed,Customer inquiry regarding login issue issue.
TKT-3698,USR-23489,Southeast,2026-08-03 16:19:00,Billing,High,Open,Customer inquiry regarding billing issue.
TKT-3699,USR-98065,Southeast,2026-08-03 21:19:00,Refund Request,Low,Solved,Customer inquiry regarding refund request issue.
TKT-3700,USR-32515,Southeast,2026-08-03 04:20:00,Product Question,Low,Open,Customer inquiry regarding product question issue.
TKT-3701,USR-77694,Southeast,2026-08-03 05:39:00,Bug Report,Low,Closed,Customer inquiry regarding bug report issue.
TKT-3702,USR-39979,Southeast,2026-08-03 15:41:00,Refund Request,Medium,Closed,Customer inquiry regarding refund request issue.
TKT-3703,USR-50138,Southeast,2026-08-03 08:30:00,Billing,Medium,Closed,Customer inquiry regarding billing issue.
TKT-3704,USR-68944,Northeast,2026-08-03 10:46:00,Billing,High,Closed,Customer inquiry regarding billing issue.
TKT-3705,USR-10743,Northeast,2026-08-03 09:27:00,Refund Request,Medium,Open,Customer inquiry regarding refund request issue.
TKT-3706,USR-69885,Northeast,2026-08-03 12:03:00,Shipping,Medium,Closed,Customer inquiry regarding shipping issue.
TKT-3707,USR-96776,Northeast,2026-08-03 08:01:00,Bug Report,Low,Closed,Customer inquiry regarding bug report issue.
TKT-3708,USR-52184,Northeast,2026-08-03 22:16:00,Billing,Medium,Closed,Customer inquiry regarding billing issue.
TKT-3709,USR-83396,Northeast,2026-08-03 13:50:00,Shipping,Medium,Solved,Customer inquiry regarding shipping issue.
TKT-3710,USR-67685,Northeast,2026-08-03 23:12:00,Product Question,High,Solved,Customer inquiry regarding product question issue.
TKT-3711,USR-52661,Northeast,2026-08-03 08:06:00,Login Issue,Low,Closed,Customer inquiry regarding login issue issue.
TKT-3712,USR-16029,Northeast,2026-08-03 23:30:00,Bug Report,High,Open,Customer inquiry regarding bug report issue.
TKT-3713,USR-42747,Northeast,2026-08-03 21:24:00,Bug Report,High,Open,Customer inquiry regarding bug report issue.
TKT-3714,USR-46181,Midwest,2026-08-03 12:03:00,Login Issue,Low,Closed,Customer inquiry regarding login issue issue.
TKT-3715,USR-71845,Midwest,2026-08-03 17:23:00,Shipping,Medium,Closed,Customer inquiry regarding shipping issue.
TKT-3716,USR-64234,Midwest,2026-08-03 04:56:00,Bug Report,Low,Closed,Customer inquiry regarding bug report issue.
TKT-3717,USR-85246,Midwest,2026-08-03 04:55:00,Product Question,High,Closed,Customer inquiry regarding product question issue.
TKT-3718,USR-52970,Midwest,2026-08-03 06:35:00,Login Issue,Medium,Closed,Customer inquiry regarding login issue issue.
TKT-3719,USR-79602,Midwest,2026-08-03 18:34:00,Bug Report,Medium,Solved,Customer inquiry regarding bug report issue.
TKT-3720,USR-51151,Midwest,2026-08-03 09:44:00,Login Issue,Low,Closed,Customer inquiry regarding login issue issue.
TKT-3721,USR-34135,West,2026-08-03 11:57:00,Shipping,High,Closed,Customer inquiry regarding shipping issue.
TKT-3722,USR-53648,West,2026-08-03 10:29:00,Product Question,Medium,Closed,Customer inquiry regarding product question issue.
TKT-3723,USR-89117,West,2026-08-03 06:43:00,Bug Report,Medium,Closed,Customer inquiry regarding bug report issue.
TKT-3724,USR-94179,West,2026-08-03 23:59:00,Login Issue,Low,Closed,Customer inquiry regarding login issue issue.
TKT-3725,USR-79258,West,2026-08-03 13:27:00,Shipping,Medium,Closed,Customer inquiry regarding shipping issue.
TKT-3726,USR-84149,West,2026-08-03 01:58:00,Refund Request,Medium,Closed,Customer inquiry regarding refund request issue.
TKT-3727,USR-74488,West,2026-08-03 13:02:00,Refund Request,Medium,Solved,Customer inquiry regarding refund request issue.
TKT-3728,USR-19902,West,2026-08-03 09:36:00,Billing,High,Closed,Customer inquiry regarding billing issue.
TKT-3729,USR-30738,West,2026-08-03 18:05:00,Refund Request,Low,Solved,Customer inquiry regarding refund request issue.
TKT-3730,USR-89958,West,2026-08-03 16:54:00,Login Issue,High,Open,Customer inquiry regarding login issue issue.
TKT-3731,USR-46289,West,2026-08-03 20:12:00,Login Issue,High,Open,Customer inquiry regarding login issue issue.
TKT-3732,USR-19571,West,2026-08-03 14:28:00,Bug Report,Low,Closed,Customer inquiry regarding bug report issue.
TKT-3733,USR-79168,West,2026-08-03 05:41:00,Refund Request,Medium,Open,Customer inquiry regarding refund request issue.
TKT-3734,USR-85332,West,2026-08-03 22:47:00,Shipping,Low,Open,Customer inquiry regarding shipping issue.
TKT-3735,USR-65987,Southeast,2026-08-04 12:01:00,Login Issue,Low,Closed,Customer inquiry regarding login issue issue.
TKT-3736,USR-79778,Southeast,2026-08-04 04:16:00,Product Question,High,Closed,Customer inquiry regarding product question issue.
TKT-3737,USR-56484,Southeast,2026-08-04 14:41:00,Bug Report,Low,Solved,Customer inquiry regarding bug report issue.
TKT-3738,USR-29435,Southeast,2026-08-04 22:55:00,Refund Request,Low,Closed,Customer inquiry regarding refund request issue.
TKT-3739,USR-79916,Southeast,2026-08-04 06:19:00,Product Question,Low,Closed,Customer inquiry regarding product question issue.
TKT-3740,USR-55681,Southeast,2026-08-04 19:54:00,Login Issue,Low,Solved,Customer inquiry regarding login issue issue.
TKT-3741,USR-36437,Southeast,2026-08-04 02:20:00,Billing,Low,Closed,Customer inquiry regarding billing issue.
TKT-3742,USR-38473,Southeast,2026-08-04 09:10:00,Shipping,Medium,Closed,Customer inquiry regarding shipping issue.
TKT-3743,USR-59166,Southeast,2026-08-04 11:01:00,Product Question,Medium,Closed,Customer inquiry regarding product question issue.
TKT-3744,USR-59861,Southeast,2026-08-04 00:28:00,Bug Report,High,Closed,Customer inquiry regarding bug report issue.
TKT-3745,USR-36952,Southeast,2026-08-04 01:28:00,Shipping,Medium,Closed,Customer inquiry regarding shipping issue.
TKT-3746,USR-76414,Southeast,2026-08-04 12:37:00,Login Issue,Low,Closed,Customer inquiry regarding login issue issue.
TKT-3747,USR-37477,Southeast,2026-08-04 18:46:00,Refund Request,Low,Closed,Customer inquiry regarding refund request issue.
TKT-3748,USR-51534,Northeast,2026-08-04 03:31:00,Bug Report,High,Closed,Customer inquiry regarding bug report issue.
TKT-3749,USR-57167,Northeast,2026-08-04 13:12:00,Product Question,Low,Solved,Customer inquiry regarding product question issue.
TKT-3750,USR-12116,Northeast,2026-08-04 15:16:00,Refund Request,Low,Open,Customer inquiry regarding refund request issue.
TKT-3751,USR-56488,Northeast,2026-08-04 00:24:00,Shipping,Medium,Closed,Customer inquiry regarding shipping issue.
TKT-3752,USR-40062,Northeast,2026-08-04 11:19:00,Login Issue,Medium,Closed,Customer inquiry regarding login issue issue.
TKT-3753,USR-71782,Northeast,2026-08-04 22:05:00,Bug Report,High,Open,Customer inquiry regarding bug report issue.
TKT-3754,USR-15946,Northeast,2026-08-04 00:17:00,Bug Report,High,Closed,Customer inquiry regarding bug report issue.
TKT-3755,USR-11215,Northeast,2026-08-04 04:54:00,Product Question,Low,Solved,Customer inquiry regarding product question issue.
TKT-3756,USR-15110,Northeast,2026-08-04 04:33:00,Product Question,Low,Open,Customer inquiry regarding product question issue.
TKT-3757,USR-58719,Northeast,2026-08-04 01:38:00,Product Question,High,Closed,Customer inquiry regarding product question issue.
TKT-3758,USR-32890,Northeast,2026-08-04 19:26:00,Product Question,Medium,Closed,Customer inquiry regarding product question issue.
TKT-3759,USR-57850,Northeast,2026-08-04 16:09:00,Bug Report,High,Closed,Customer inquiry regarding bug report issue.
TKT-3760,USR-36748,Northeast,2026-08-04 03:50:00,Product Question,Low,Open,Customer inquiry regarding product question issue.
TKT-3761,USR-91515,Northeast,2026-08-04 09:25:00,Bug Report,Medium,Closed,Customer inquiry regarding bug report issue.
TKT-3762,USR-71669,Northeast,2026-08-04 10:01:00,Login Issue,Medium,Closed,Customer inquiry regarding login issue issue.
TKT-3763,USR-80710,Northeast,2026-08-04 01:47:00,Product Question,Medium,Closed,Customer inquiry regarding product question issue.
TKT-3764,USR-55700,Midwest,2026-08-04 16:10:00,Product Question,Low,Closed,Customer inquiry regarding product question issue.
TKT-3765,USR-72349,Midwest,2026-08-04 07:05:00,Shipping,Low,Closed,Customer inquiry regarding shipping issue.
TKT-3766,USR-89071,Midwest,2026-08-04 14:26:00,Refund Request,Medium,Closed,Customer inquiry regarding refund request issue.
TKT-3767,USR-43667,Midwest,2026-08-04 20:00:00,Billing,Medium,Open,Customer inquiry regarding billing issue.
TKT-3768,USR-90427,Midwest,2026-08-04 04:20:00,Bug Report,High,Closed,Customer inquiry regarding bug report issue.
TKT-3769,USR-84873,West,2026-08-04 21:45:00,Login Issue,Medium,Open,Customer inquiry regarding login issue issue.
TKT-3770,USR-28690,West,2026-08-04 06:08:00,Product Question,High,Closed,Customer inquiry regarding product question issue.
TKT-3771,USR-62931,West,2026-08-04 07:42:00,Login Issue,High,Closed,Customer inquiry regarding login issue issue.
TKT-3772,USR-39651,West,2026-08-04 09:56:00,Refund Request,Low,Closed,Customer inquiry regarding refund request issue.
TKT-3773,USR-53073,West,2026-08-04 08:11:00,Bug Report,High,Closed,Customer inquiry regarding bug report issue.
TKT-3774,USR-77751,West,2026-08-04 22:29:00,Bug Report,High,Solved,Customer inquiry regarding bug report issue.
TKT-3775,USR-65315,West,2026-08-04 18:56:00,Billing,Low,Closed,Customer inquiry regarding billing issue.
TKT-3776,USR-60466,West,2026-08-04 11:42:00,Product Question,High,Closed,Customer inquiry regarding product question issue.
TKT-3777,USR-28737,West,2026-08-04 20:03:00,Product Question,Low,Closed,Customer inquiry regarding product question issue.
TKT-3778,USR-52274,West,2026-08-04 20:02:00,Product Question,Low,Open,Customer inquiry regarding product question issue.
TKT-3779,USR-34608,West,2026-08-04 00:36:00,Shipping,Medium,Closed,Customer inquiry regarding shipping issue.
TKT-3780,USR-38159,West,2026-08-04 20:55:00,Refund Request,Medium,Open,Customer inquiry regarding refund request issue.
TKT-3781,USR-54217,Southeast,2026-08-05 14:07:00,Bug Report,Medium,Solved,Customer inquiry regarding bug report issue.
TKT-3782,USR-73878,Southeast,2026-08-05 10:57:00,Product Question,Medium,Closed,Customer inquiry regarding product question issue.
TKT-3783,USR-78035,Southeast,2026-08-05 17:29:00,Bug Report,Low,Closed,Customer inquiry regarding bug report issue.
TKT-3784,USR-81213,Southeast,2026-08-05 08:04:00,Billing,Medium,Closed,Customer inquiry regarding billing issue.
TKT-3785,USR-25765,Southeast,2026-08-05 04:06:00,Product Question,Medium,Closed,Customer inquiry regarding product question issue.
TKT-3786,USR-50243,Southeast,2026-08-05 17:45:00,Billing,Low,Closed,Customer inquiry regarding billing issue.
TKT-3787,USR-33935,Southeast,2026-08-05 14:27:00,Refund Request,Low,Solved,Customer inquiry regarding refund request issue.
TKT-3788,USR-99204,Southeast,2026-08-05 12:52:00,Refund Request,Low,Closed,Customer inquiry regarding refund request issue.
TKT-3789,USR-78888,Southeast,2026-08-05 07:49:00,Login Issue,Low,Closed,Customer inquiry regarding login issue issue.
TKT-3790,USR-78818,Southeast,2026-08-05 19:49:00,Product Question,High,Solved,Customer inquiry regarding product question issue.
TKT-3791,USR-40202,Southeast,2026-08-05 01:51:00,Refund Request,Medium,Solved,Customer inquiry regarding refund request issue.
TKT-3792,USR-23125,Southeast,2026-08-05 22:33:00,Product Question,Medium,Closed,Customer inquiry regarding product question issue.
TKT-3793,USR-39656,Northeast,2026-08-05 21:10:00,Bug Report,High,Solved,Customer inquiry regarding bug report issue.
TKT-3794,USR-36502,Northeast,2026-08-05 22:09:00,Refund Request,High,Open,Customer inquiry regarding refund request issue.
TKT-3795,USR-78386,Northeast,2026-08-05 08:03:00,Shipping,Medium,Open,Customer inquiry regarding shipping issue.
TKT-3796,USR-27841,Northeast,2026-08-05 13:57:00,Shipping,Medium,Closed,Customer inquiry regarding shipping issue.
TKT-3797,USR-82844,Northeast,2026-08-05 23:19:00,Login Issue,Low,Closed,Customer inquiry regarding login issue issue.
TKT-3798,USR-87854,Northeast,2026-08-05 21:19:00,Product Question,High,Solved,Customer inquiry regarding product question issue.
TKT-3799,USR-73036,Northeast,2026-08-05 02:03:00,Shipping,Low,Closed,Customer inquiry regarding shipping issue.
TKT-3800,USR-94683,Northeast,2026-08-05 05:48:00,Product Question,Medium,Closed,Customer inquiry regarding product question issue.
TKT-3801,USR-55928,Northeast,2026-08-05 13:25:00,Refund Request,Low,Closed,Customer inquiry regarding refund request issue.
TKT-3802,USR-26183,Northeast,2026-08-05 02:14:00,Billing,Low,Open,Customer inquiry regarding billing issue.
TKT-3803,USR-36978,Northeast,2026-08-05 23:47:00,Refund Request,High,Closed,Customer inquiry regarding refund request issue.
TKT-3804,USR-11411,Northeast,2026-08-05 14:09:00,Bug Report,Medium,Closed,Customer inquiry regarding bug report issue.
TKT-3805,USR-40432,Midwest,2026-08-05 16:06:00,Bug Report,High,Open,Customer inquiry regarding bug report issue.
TKT-3806,USR-89958,Midwest,2026-08-05 21:28:00,Billing,Low,Solved,Customer inquiry regarding billing issue.
TKT-3807,USR-45665,Midwest,2026-08-05 14:09:00,Login Issue,High,Closed,Customer inquiry regarding login issue issue.
TKT-3808,USR-65824,Midwest,2026-08-05 01:24:00,Billing,Low,Open,Customer inquiry regarding billing issue.
TKT-3809,USR-48155,Midwest,2026-08-05 18:10:00,Bug Report,High,Open,Customer inquiry regarding bug report issue.
TKT-3810,USR-88518,West,2026-08-05 07:33:00,Login Issue,Low,Solved,Customer inquiry regarding login issue issue.
TKT-3811,USR-65269,West,2026-08-05 11:15:00,Bug Report,Medium,Open,Customer inquiry regarding bug report issue.
TKT-3812,USR-42986,West,2026-08-05 01:40:00,Login Issue,Medium,Closed,Customer inquiry regarding login issue issue.
TKT-3813,USR-56748,West,2026-08-05 20:32:00,Billing,Medium,Closed,Customer inquiry regarding billing issue.
TKT-3814,USR-41816,West,2026-08-05 02:00:00,Login Issue,High,Open,Customer inquiry regarding login issue issue.
TKT-3815,USR-97245,West,2026-08-05 18:31:00,Product Question,High,Open,Customer inquiry regarding product question issue.
TKT-3816,USR-89513,West,2026-08-05 08:06:00,Bug Report,Medium,Solved,Customer inquiry regarding bug report issue.
TKT-3817,USR-88861,Southeast,2026-08-06 16:55:00,Bug Report,Medium,Closed,Customer inquiry regarding bug report issue.
TKT-3818,USR-22440,Southeast,2026-08-06 03:37:00,Bug Report,Low,Solved,Customer inquiry regarding bug report issue.
TKT-3819,USR-98160,Southeast,2026-08-06 03:48:00,Product Question,Medium,Solved,Customer inquiry regarding product question issue.
TKT-3820,USR-15225,Southeast,2026-08-06 22:57:00,Refund Request,Medium,Open,Customer inquiry regarding refund request issue.
TKT-3821,USR-78519,Southeast,2026-08-06 11:41:00,Shipping,Medium,Solved,Customer inquiry regarding shipping issue.
TKT-3822,USR-97696,Southeast,2026-08-06 01:25:00,Bug Report,High,Open,Customer inquiry regarding bug report issue.
TKT-3823,USR-92643,Southeast,2026-08-06 00:13:00,Refund Request,Low,Closed,Customer inquiry regarding refund request issue.
TKT-3824,USR-69850,Southeast,2026-08-06 10:06:00,Billing,Medium,Closed,Customer inquiry regarding billing issue.
TKT-3825,USR-42597,Southeast,2026-08-06 08:22:00,Bug Report,Medium,Closed,Customer inquiry regarding bug report issue.
TKT-3826,USR-93205,Southeast,2026-08-06 08:28:00,Login Issue,Medium,Open,Customer inquiry regarding login issue issue.
TKT-3827,USR-81732,Southeast,2026-08-06 08:49:00,Product Question,Low,Solved,Customer inquiry regarding product question issue.
TKT-3828,USR-32551,Southeast,2026-08-06 20:20:00,Bug Report,Medium,Closed,Customer inquiry regarding bug report issue.
TKT-3829,USR-90793,Southeast,2026-08-06 15:54:00,Login Issue,Medium,Closed,Customer inquiry regarding login issue issue.
TKT-3830,USR-23277,Southeast,2026-08-06 17:47:00,Product Question,Medium,Closed,Customer inquiry regarding product question issue.
TKT-3831,USR-91500,Southeast,2026-08-06 23:05:00,Bug Report,Medium,Closed,Customer inquiry regarding bug report issue.
TKT-3832,USR-44692,Southeast,2026-08-06 15:40:00,Product Question,Medium,Closed,Customer inquiry regarding product question issue.
TKT-3833,USR-57377,Northeast,2026-08-06 22:31:00,Billing,Medium,Open,Customer inquiry regarding billing issue.
TKT-3834,USR-34876,Northeast,2026-08-06 05:10:00,Billing,Low,Closed,Customer inquiry regarding billing issue.
TKT-3835,USR-48824,Northeast,2026-08-06 18:19:00,Refund Request,High,Solved,Customer inquiry regarding refund request issue.
TKT-3836,USR-19952,Northeast,2026-08-06 17:34:00,Product Question,Medium,Solved,Customer inquiry regarding product question issue.
TKT-3837,USR-96925,Northeast,2026-08-06 06:05:00,Login Issue,High,Solved,Customer inquiry regarding login issue issue.
TKT-3838,USR-79838,Northeast,2026-08-06 12:54:00,Billing,Low,Closed,Customer inquiry regarding billing issue.
TKT-3839,USR-48523,Northeast,2026-08-06 11:25:00,Product Question,Medium,Closed,Customer inquiry regarding product question issue.
TKT-3840,USR-68004,Northeast,2026-08-06 19:36:00,Login Issue,Medium,Closed,Customer inquiry regarding login issue issue.
TKT-3841,USR-13454,Northeast,2026-08-06 01:15:00,Refund Request,Low,Closed,Customer inquiry regarding refund request issue.
TKT-3842,USR-29054,Midwest,2026-08-06 07:15:00,Product Question,Medium,Closed,Customer inquiry regarding product question issue.
TKT-3843,USR-73343,Midwest,2026-08-06 00:18:00,Product Question,Low,Solved,Customer inquiry regarding product question issue.
TKT-3844,USR-35197,West,2026-08-06 14:26:00,Refund Request,High,Solved,Customer inquiry regarding refund request issue.
TKT-3845,USR-92215,West,2026-08-06 13:11:00,Refund Request,High,Open,Customer inquiry regarding refund request issue.
TKT-3846,USR-57706,West,2026-08-06 18:56:00,Shipping,High,Closed,Customer inquiry regarding shipping issue.
TKT-3847,USR-51963,West,2026-08-06 08:27:00,Billing,Medium,Closed,Customer inquiry regarding billing issue.
TKT-3848,USR-52160,West,2026-08-06 17:22:00,Login Issue,High,Closed,Customer inquiry regarding login issue issue.
TKT-3849,USR-22664,West,2026-08-06 22:15:00,Refund Request,High,Closed,Customer inquiry regarding refund request issue.
TKT-3850,USR-23737,West,2026-08-06 16:45:00,Shipping,High,Closed,Customer inquiry regarding shipping issue.
TKT-3851,USR-39355,West,2026-08-06 19:14:00,Bug Report,Medium,Solved,Customer inquiry regarding bug report issue.
TKT-3852,USR-91108,West,2026-08-06 14:17:00,Refund Request,Low,Open,Customer inquiry regarding refund request issue.
TKT-3853,USR-32458,West,2026-08-06 14:31:00,Refund Request,Medium,Closed,Customer inquiry regarding refund request issue.
TKT-3854,USR-18359,Southeast,2026-08-07 20:03:00,Billing,Medium,Closed,Customer inquiry regarding billing issue.
TKT-3855,USR-84678,Southeast,2026-08-07 21:22:00,Login Issue,High,Closed,Customer inquiry regarding login issue issue.
TKT-3856,USR-74331,Southeast,2026-08-07 08:57:00,Bug Report,Low,Solved,Customer inquiry regarding bug report issue.
TKT-3857,USR-96743,Southeast,2026-08-07 13:45:00,Product Question,Medium,Closed,Customer inquiry regarding product question issue.
TKT-3858,USR-53323,Southeast,2026-08-07 14:19:00,Refund Request,High,Closed,Customer inquiry regarding refund request issue.
TKT-3859,USR-80728,Southeast,2026-08-07 07:36:00,Refund Request,Medium,Closed,Customer inquiry regarding refund request issue.
TKT-3860,USR-16943,Southeast,2026-08-07 21:37:00,Billing,Low,Solved,Customer inquiry regarding billing issue.
TKT-3861,USR-19307,Southeast,2026-08-07 22:48:00,Billing,High,Closed,Customer inquiry regarding billing issue.
TKT-3862,USR-35509,Southeast,2026-08-07 19:04:00,Refund Request,Medium,Closed,Customer inquiry regarding refund request issue.
TKT-3863,USR-95119,Southeast,2026-08-07 07:38:00,Product Question,Low,Closed,Customer inquiry regarding product question issue.
TKT-3864,USR-22341,Southeast,2026-08-07 15:46:00,Login Issue,Medium,Closed,Customer inquiry regarding login issue issue.
TKT-3865,USR-63421,Southeast,2026-08-07 12:36:00,Bug Report,High,Open,Customer inquiry regarding bug report issue.
TKT-3866,USR-33984,Southeast,2026-08-07 12:44:00,Shipping,Low,Closed,Customer inquiry regarding shipping issue.
TKT-3867,USR-43031,Southeast,2026-08-07 03:19:00,Billing,Low,Open,Customer inquiry regarding billing issue.
TKT-3868,USR-36293,Southeast,2026-08-07 15:05:00,Product Question,Medium,Open,Customer inquiry regarding product question issue.
TKT-3869,USR-54527,Southeast,2026-08-07 07:22:00,Bug Report,High,Closed,Customer inquiry regarding bug report issue.
TKT-3870,USR-12673,Southeast,2026-08-07 14:48:00,Login Issue,High,Closed,Customer inquiry regarding login issue issue.
TKT-3871,USR-22516,Southeast,2026-08-07 19:03:00,Refund Request,Low,Closed,Customer inquiry regarding refund request issue.
TKT-3872,USR-52842,Northeast,2026-08-07 05:00:00,Refund Request,Low,Closed,Customer inquiry regarding refund request issue.
TKT-3873,USR-59130,Northeast,2026-08-07 12:19:00,Login Issue,High,Solved,Customer inquiry regarding login issue issue.
TKT-3874,USR-75300,Northeast,2026-08-07 02:11:00,Product Question,High,Solved,Customer inquiry regarding product question issue.
TKT-3875,USR-99545,Northeast,2026-08-07 05:34:00,Product Question,Medium,Closed,Customer inquiry regarding product question issue.
TKT-3876,USR-67763,Northeast,2026-08-07 04:38:00,Billing,High,Closed,Customer inquiry regarding billing issue.
TKT-3877,USR-68340,Northeast,2026-08-07 22:54:00,Product Question,High,Closed,Customer inquiry regarding product question issue.
TKT-3878,USR-50850,Northeast,2026-08-07 00:39:00,Login Issue,High,Closed,Customer inquiry regarding login issue issue.
TKT-3879,USR-87346,Northeast,2026-08-07 09:06:00,Billing,High,Closed,Customer inquiry regarding billing issue.
TKT-3880,USR-89102,Northeast,2026-08-07 16:10:00,Login Issue,Medium,Closed,Customer inquiry regarding login issue issue.
TKT-3881,USR-60966,Northeast,2026-08-07 04:39:00,Billing,Medium,Solved,Customer inquiry regarding billing issue.
TKT-3882,USR-54347,Northeast,2026-08-07 14:07:00,Bug Report,High,Closed,Customer inquiry regarding bug report issue.
TKT-3883,USR-34686,Northeast,2026-08-07 07:23:00,Product Question,Low,Open,Customer inquiry regarding product question issue.
TKT-3884,USR-22947,Midwest,2026-08-07 01:58:00,Shipping,High,Solved,Customer inquiry regarding shipping issue.
TKT-3885,USR-79119,Midwest,2026-08-07 16:05:00,Bug Report,High,Closed,Customer inquiry regarding bug report issue.
TKT-3886,USR-61666,Midwest,2026-08-07 18:36:00,Bug Report,High,Solved,Customer inquiry regarding bug report issue.
TKT-3887,USR-27757,Midwest,2026-08-07 17:41:00,Product Question,Medium,Closed,Customer inquiry regarding product question issue.
TKT-3888,USR-62984,Midwest,2026-08-07 14:48:00,Product Question,Medium,Open,Customer inquiry regarding product question issue.
TKT-3889,USR-74387,Midwest,2026-08-07 13:24:00,Login Issue,Medium,Closed,Customer inquiry regarding login issue issue.
TKT-3890,USR-60961,Midwest,2026-08-07 03:20:00,Refund Request,Medium,Solved,Customer inquiry regarding refund request issue.
TKT-3891,USR-79147,Midwest,2026-08-07 09:31:00,Billing,High,Closed,Customer inquiry regarding billing issue.
TKT-3892,USR-84878,West,2026-08-07 01:12:00,Login Issue,Medium,Solved,Customer inquiry regarding login issue issue.
TKT-3893,USR-80030,West,2026-08-07 17:11:00,Bug Report,Medium,Closed,Customer inquiry regarding bug report issue.
TKT-3894,USR-56106,West,2026-08-07 00:03:00,Billing,Medium,Closed,Customer inquiry regarding billing issue.
TKT-3895,USR-78679,West,2026-08-07 17:03:00,Bug Report,Medium,Solved,Customer inquiry regarding bug report issue.
TKT-3896,USR-38114,West,2026-08-07 05:32:00,Billing,High,Closed,Customer inquiry regarding billing issue.
TKT-3897,USR-19563,West,2026-08-07 03:29:00,Product Question,Low,Closed,Customer inquiry regarding product question issue.
TKT-3898,USR-93941,West,2026-08-07 22:13:00,Shipping,Low,Solved,Customer inquiry regarding shipping issue.
TKT-3899,USR-25247,West,2026-08-07 19:00:00,Login Issue,Medium,Closed,Customer inquiry regarding login issue issue.
TKT-3900,USR-33207,West,2026-08-07 09:00:00,Product Question,High,Closed,Customer inquiry regarding product question issue.
TKT-3901,USR-28568,Southeast,2026-08-08 11:58:00,Shipping,Low,Closed,Customer inquiry regarding shipping issue.
TKT-3902,USR-65422,Southeast,2026-08-08 19:15:00,Refund Request,High,Closed,Customer inquiry regarding refund request issue.
TKT-3903,USR-36853,Southeast,2026-08-08 21:36:00,Bug Report,High,Closed,Customer inquiry regarding bug report issue.
TKT-3904,USR-64511,Southeast,2026-08-08 20:47:00,Billing,Medium,Closed,Customer inquiry regarding billing issue.
TKT-3905,USR-43216,Southeast,2026-08-08 13:24:00,Billing,Low,Open,Customer inquiry regarding billing issue.
TKT-3906,USR-15478,Southeast,2026-08-08 19:00:00,Bug Report,High,Open,Customer inquiry regarding bug report issue.
TKT-3907,USR-19243,Southeast,2026-08-08 22:49:00,Shipping,Low,Closed,Customer inquiry regarding shipping issue.
TKT-3908,USR-18716,Southeast,2026-08-08 20:07:00,Login Issue,Low,Open,Customer inquiry regarding login issue issue.
TKT-3909,USR-99247,Southeast,2026-08-08 05:34:00,Billing,Low,Closed,Customer inquiry regarding billing issue.
TKT-3910,USR-80288,Southeast,2026-08-08 22:59:00,Bug Report,Medium,Closed,Customer inquiry regarding bug report issue.
TKT-3911,USR-25650,Southeast,2026-08-08 09:18:00,Refund Request,Medium,Closed,Customer inquiry regarding refund request issue.
TKT-3912,USR-75269,Southeast,2026-08-08 12:52:00,Product Question,Low,Solved,Customer inquiry regarding product question issue.
TKT-3913,USR-72759,Southeast,2026-08-08 06:08:00,Refund Request,Low,Open,Customer inquiry regarding refund request issue.
TKT-3914,USR-34179,Southeast,2026-08-08 03:07:00,Product Question,Low,Open,Customer inquiry regarding product question issue.
TKT-3915,USR-67140,Southeast,2026-08-08 02:48:00,Bug Report,Low,Closed,Customer inquiry regarding bug report issue.
TKT-3916,USR-67936,Southeast,2026-08-08 19:23:00,Shipping,High,Closed,Customer inquiry regarding shipping issue.
TKT-3917,USR-34768,Southeast,2026-08-08 19:49:00,Login Issue,High,Solved,Customer inquiry regarding login issue issue.
TKT-3918,USR-11862,Southeast,2026-08-08 06:46:00,Billing,Low,Solved,Customer inquiry regarding billing issue.
TKT-3919,USR-70559,Southeast,2026-08-08 04:21:00,Billing,Low,Closed,Customer inquiry regarding billing issue.
TKT-3920,USR-59811,Southeast,2026-08-08 06:57:00,Bug Report,Low,Open,Customer inquiry regarding bug report issue.
TKT-3921,USR-34112,Northeast,2026-08-08 04:18:00,Refund Request,Low,Closed,Customer inquiry regarding refund request issue.
TKT-3922,USR-13317,Northeast,2026-08-08 20:12:00,Billing,High,Open,Customer inquiry regarding billing issue.
TKT-3923,USR-47723,Northeast,2026-08-08 14:04:00,Product Question,High,Solved,Customer inquiry regarding product question issue.
TKT-3924,USR-17433,Northeast,2026-08-08 17:10:00,Product Question,High,Closed,Customer inquiry regarding product question issue.
TKT-3925,USR-80028,Northeast,2026-08-08 03:43:00,Login Issue,Medium,Solved,Customer inquiry regarding login issue issue.
TKT-3926,USR-58545,Northeast,2026-08-08 00:39:00,Bug Report,Low,Closed,Customer inquiry regarding bug report issue.
TKT-3927,USR-10773,Northeast,2026-08-08 01:09:00,Login Issue,High,Closed,Customer inquiry regarding login issue issue.
TKT-3928,USR-84311,Northeast,2026-08-08 12:00:00,Refund Request,Low,Open,Customer inquiry regarding refund request issue.
TKT-3929,USR-83877,Northeast,2026-08-08 03:54:00,Product Question,High,Closed,Customer inquiry regarding product question issue.
TKT-3930,USR-84906,Northeast,2026-08-08 17:04:00,Login Issue,High,Open,Customer inquiry regarding login issue issue.
TKT-3931,USR-60694,Northeast,2026-08-08 20:24:00,Billing,High,Solved,Customer inquiry regarding billing issue.
TKT-3932,USR-93453,Midwest,2026-08-08 21:31:00,Refund Request,Medium,Closed,Customer inquiry regarding refund request issue.
TKT-3933,USR-57203,Midwest,2026-08-08 14:30:00,Product Question,Medium,Solved,Customer inquiry regarding product question issue.
TKT-3934,USR-60915,Midwest,2026-08-08 07:09:00,Billing,High,Closed,Customer inquiry regarding billing issue.
TKT-3935,USR-66588,West,2026-08-08 08:56:00,Product Question,Medium,Closed,Customer inquiry regarding product question issue.
TKT-3936,USR-80975,West,2026-08-08 09:09:00,Login Issue,Medium,Open,Customer inquiry regarding login issue issue.
TKT-3937,USR-37276,West,2026-08-08 07:25:00,Product Question,High,Closed,Customer inquiry regarding product question issue.
TKT-3938,USR-68181,West,2026-08-08 12:26:00,Shipping,Medium,Open,Customer inquiry regarding shipping issue.
TKT-3939,USR-97211,West,2026-08-08 12:29:00,Billing,Medium,Closed,Customer inquiry regarding billing issue.
TKT-3940,USR-42244,West,2026-08-08 12:08:00,Bug Report,High,Closed,Customer inquiry regarding bug report issue.
TKT-3941,USR-96419,West,2026-08-08 06:45:00,Product Question,High,Closed,Customer inquiry regarding product question issue.
TKT-3942,USR-59127,West,2026-08-08 19:23:00,Shipping,High,Open,Customer inquiry regarding shipping issue.
TKT-3943,USR-71634,West,2026-08-08 20:19:00,Product Question,Medium,Closed,Customer inquiry regarding product question issue.
TKT-3944,USR-91735,West,2026-08-08 03:34:00,Bug Report,Medium,Closed,Customer inquiry regarding bug report issue.
TKT-3945,USR-82311,West,2026-08-08 13:03:00,Product Question,Low,Closed,Customer inquiry regarding product question issue.
TKT-3946,USR-37060,Southeast,2026-08-09 16:27:00,Product Question,Medium,Closed,Customer inquiry regarding product question issue.
TKT-3947,USR-99211,Southeast,2026-08-09 12:36:00,Bug Report,Low,Closed,Customer inquiry regarding bug report issue.
TKT-3948,USR-85375,Southeast,2026-08-09 18:49:00,Product Question,High,Open,Customer inquiry regarding product question issue.
TKT-3949,USR-42204,Southeast,2026-08-09 06:09:00,Shipping,Medium,Open,Customer inquiry regarding shipping issue.
TKT-3950,USR-90258,Southeast,2026-08-09 23:08:00,Shipping,Medium,Solved,Customer inquiry regarding shipping issue.
TKT-3951,USR-18566,Southeast,2026-08-09 16:47:00,Bug Report,Low,Closed,Customer inquiry regarding bug report issue.
TKT-3952,USR-21789,Southeast,2026-08-09 02:01:00,Login Issue,Low,Closed,Customer inquiry regarding login issue issue.
TKT-3953,USR-37919,Southeast,2026-08-09 10:59:00,Billing,Low,Closed,Customer inquiry regarding billing issue.
TKT-3954,USR-51353,Southeast,2026-08-09 09:53:00,Login Issue,Medium,Solved,Customer inquiry regarding login issue issue.
TKT-3955,USR-32966,Southeast,2026-08-09 18:57:00,Shipping,Medium,Closed,Customer inquiry regarding shipping issue.
TKT-3956,USR-29925,Southeast,2026-08-09 09:19:00,Login Issue,High,Closed,Customer inquiry regarding login issue issue.
TKT-3957,USR-63697,Southeast,2026-08-09 05:26:00,Login Issue,High,Solved,Customer inquiry regarding login issue issue.
TKT-3958,USR-46861,Southeast,2026-08-09 05:35:00,Refund Request,High,Open,Customer inquiry regarding refund request issue.
TKT-3959,USR-68314,Southeast,2026-08-09 22:54:00,Product Question,Low,Closed,Customer inquiry regarding product question issue.
TKT-3960,USR-71972,Southeast,2026-08-09 03:48:00,Login Issue,Low,Open,Customer inquiry regarding login issue issue.
TKT-3961,USR-57498,Southeast,2026-08-09 12:30:00,Product Question,Low,Solved,Customer inquiry regarding product question issue.
TKT-3962,USR-12602,Southeast,2026-08-09 14:37:00,Refund Request,Low,Open,Customer inquiry regarding refund request issue.
TKT-3963,USR-21142,Southeast,2026-08-09 15:42:00,Refund Request,Medium,Closed,Customer inquiry regarding refund request issue.
TKT-3964,USR-49335,Northeast,2026-08-09 11:04:00,Product Question,Low,Solved,Customer inquiry regarding product question issue.
TKT-3965,USR-93128,Northeast,2026-08-09 21:25:00,Product Question,Low,Closed,Customer inquiry regarding product question issue.
TKT-3966,USR-89011,Northeast,2026-08-09 10:18:00,Bug Report,Low,Closed,Customer inquiry regarding bug report issue.
TKT-3967,USR-32159,Northeast,2026-08-09 15:01:00,Refund Request,High,Open,Customer inquiry regarding refund request issue.
TKT-3968,USR-46732,Northeast,2026-08-09 11:54:00,Billing,Low,Solved,Customer inquiry regarding billing issue.
TKT-3969,USR-31873,Northeast,2026-08-09 16:57:00,Login Issue,Medium,Closed,Customer inquiry regarding login issue issue.
TKT-3970,USR-44486,Northeast,2026-08-09 01:41:00,Product Question,High,Closed,Customer inquiry regarding product question issue.
TKT-3971,USR-96074,Northeast,2026-08-09 14:27:00,Billing,Low,Closed,Customer inquiry regarding billing issue.
TKT-3972,USR-14112,Northeast,2026-08-09 14:42:00,Login Issue,Medium,Solved,Customer inquiry regarding login issue issue.
TKT-3973,USR-49676,Midwest,2026-08-09 19:00:00,Bug Report,High,Closed,Customer inquiry regarding bug report issue.
TKT-3974,USR-14716,Midwest,2026-08-09 12:12:00,Shipping,Medium,Open,Customer inquiry regarding shipping issue.
TKT-3975,USR-53992,Midwest,2026-08-09 22:43:00,Billing,High,Open,Customer inquiry regarding billing issue.
TKT-3976,USR-54843,Midwest,2026-08-09 11:51:00,Refund Request,Medium,Open,Customer inquiry regarding refund request issue.
TKT-3977,USR-35284,Midwest,2026-08-09 04:22:00,Bug Report,Medium,Solved,Customer inquiry regarding bug report issue.
TKT-3978,USR-98055,Midwest,2026-08-09 15:18:00,Billing,Low,Open,Customer inquiry regarding billing issue.
TKT-3979,USR-24879,Midwest,2026-08-09 02:51:00,Bug Report,Medium,Solved,Customer inquiry regarding bug report issue.
TKT-3980,USR-19753,Midwest,2026-08-09 00:51:00,Product Question,Low,Closed,Customer inquiry regarding product question issue.
TKT-3981,USR-41056,Midwest,2026-08-09 05:23:00,Login Issue,Low,Solved,Customer inquiry regarding login issue issue.
TKT-3982,USR-54713,Midwest,2026-08-09 02:55:00,Login Issue,Low,Closed,Customer inquiry regarding login issue issue.
TKT-3983,USR-92706,Midwest,2026-08-09 19:04:00,Product Question,High,Open,Customer inquiry regarding product question issue.
TKT-3984,USR-25987,Midwest,2026-08-09 10:50:00,Bug Report,Low,Solved,Customer inquiry regarding bug report issue.
TKT-3985,USR-34323,Midwest,2026-08-09 01:45:00,Product Question,Low,Closed,Customer inquiry regarding product question issue.
TKT-3986,USR-99863,West,2026-08-09 02:45:00,Login Issue,Low,Open,Customer inquiry regarding login issue issue.
TKT-3987,USR-60711,West,2026-08-09 07:13:00,Login Issue,High,Closed,Customer inquiry regarding login issue issue.
TKT-3988,USR-35860,West,2026-08-09 10:40:00,Refund Request,Low,Open,Customer inquiry regarding refund request issue.
TKT-3989,USR-71500,West,2026-08-09 22:31:00,Refund Request,High,Closed,Customer inquiry regarding refund request issue.
TKT-3990,USR-68001,West,2026-08-09 09:46:00,Bug Report,High,Closed,Customer inquiry regarding bug report issue.
TKT-3991,USR-35915,West,2026-08-09 05:32:00,Login Issue,Low,Closed,Customer inquiry regarding login issue issue.
TKT-3992,USR-26254,West,2026-08-09 08:09:00,Refund Request,High,Closed,Customer inquiry regarding refund request issue.
TKT-3993,USR-52127,West,2026-08-09 22:48:00,Login Issue,Low,Closed,Customer inquiry regarding login issue issue.
TKT-3994,USR-48891,West,2026-08-09 07:10:00,Shipping,High,Solved,Customer inquiry regarding shipping issue.
TKT-3995,USR-38607,West,2026-08-09 19:26:00,Refund Request,High,Closed,Customer inquiry regarding refund request issue.
TKT-3996,USR-79540,West,2026-08-09 13:16:00,Billing,High,Closed,Customer inquiry regarding billing issue.
TKT-3997,USR-31137,West,2026-08-09 00:41:00,Bug Report,Medium,Closed,Customer inquiry regarding bug report issue.
TKT-3998,USR-17917,West,2026-08-09 02:03:00,Login Issue,Medium,Closed,Customer inquiry regarding login issue issue.
TKT-3999,USR-11572,West,2026-08-09 19:48:00,Shipping,Low,Open,Customer inquiry regarding shipping issue.
TKT-4000,USR-57379,West,2026-08-09 23:43:00,Login Issue,Medium,Solved,Customer inquiry regarding login issue issue.
TKT-4001,USR-84606,West,2026-08-09 22:43:00,Refund Request,High,Closed,Customer inquiry regarding refund request issue.
TKT-4002,USR-75496,Southeast,2026-08-10 14:22:00,Bug Report,Medium,Closed,Customer inquiry regarding bug report issue.
TKT-4003,USR-34941,Southeast,2026-08-10 09:48:00,Shipping,Medium,Solved,Customer inquiry regarding shipping issue.
TKT-4004,USR-63704,Southeast,2026-08-10 07:37:00,Product Question,Low,Closed,Customer inquiry regarding product question issue.
TKT-4005,USR-70768,Southeast,2026-08-10 14:56:00,Shipping,Medium,Open,Customer inquiry regarding shipping issue.
TKT-4006,USR-64997,Southeast,2026-08-10 14:28:00,Product Question,Low,Open,Customer inquiry regarding product question issue.
TKT-4007,USR-92862,Southeast,2026-08-10 00:55:00,Product Question,Medium,Open,Customer inquiry regarding product question issue.
TKT-4008,USR-96739,Southeast,2026-08-10 04:25:00,Billing,Low,Open,Customer inquiry regarding billing issue.
TKT-4009,USR-22431,Southeast,2026-08-10 05:09:00,Refund Request,Low,Closed,Customer inquiry regarding refund request issue.
TKT-4010,USR-54212,Southeast,2026-08-10 00:25:00,Shipping,Low,Closed,Customer inquiry regarding shipping issue.
TKT-4011,USR-49783,Southeast,2026-08-10 06:01:00,Shipping,Medium,Closed,Customer inquiry regarding shipping issue.
TKT-4012,USR-89537,Southeast,2026-08-10 17:17:00,Product Question,Low,Open,Customer inquiry regarding product question issue.
TKT-4013,USR-73876,Southeast,2026-08-10 23:31:00,Shipping,Medium,Closed,Customer inquiry regarding shipping issue.
TKT-4014,USR-52373,Southeast,2026-08-10 21:03:00,Billing,Low,Closed,Customer inquiry regarding billing issue.
TKT-4015,USR-40821,Southeast,2026-08-10 22:30:00,Refund Request,Medium,Closed,Customer inquiry regarding refund request issue.
TKT-4016,USR-11699,Northeast,2026-08-10 16:31:00,Product Question,Medium,Open,Customer inquiry regarding product question issue.
TKT-4017,USR-99660,Northeast,2026-08-10 09:40:00,Product Question,Medium,Closed,Customer inquiry regarding product question issue.
TKT-4018,USR-26964,Northeast,2026-08-10 19:27:00,Refund Request,Low,Solved,Customer inquiry regarding refund request issue.
TKT-4019,USR-26794,Northeast,2026-08-10 16:18:00,Billing,High,Closed,Customer inquiry regarding billing issue.
TKT-4020,USR-68599,Northeast,2026-08-10 11:36:00,Shipping,Low,Closed,Customer inquiry regarding shipping issue.
TKT-4021,USR-40597,Northeast,2026-08-10 11:26:00,Product Question,Low,Closed,Customer inquiry regarding product question issue.
TKT-4022,USR-54663,Northeast,2026-08-10 10:40:00,Shipping,Medium,Solved,Customer inquiry regarding shipping issue.
TKT-4023,USR-26663,Northeast,2026-08-10 18:50:00,Billing,High,Closed,Customer inquiry regarding billing issue.
TKT-4024,USR-87704,Northeast,2026-08-10 10:50:00,Bug Report,High,Closed,Customer inquiry regarding bug report issue.
TKT-4025,USR-71571,Northeast,2026-08-10 19:15:00,Product Question,Medium,Solved,Customer inquiry regarding product question issue.
TKT-4026,USR-29445,Northeast,2026-08-10 00:20:00,Refund Request,Low,Open,Customer inquiry regarding refund request issue.
TKT-4027,USR-70645,Northeast,2026-08-10 19:20:00,Login Issue,High,Open,Customer inquiry regarding login issue issue.
TKT-4028,USR-68914,Northeast,2026-08-10 19:57:00,Bug Report,Medium,Closed,Customer inquiry regarding bug report issue.
TKT-4029,USR-57681,Northeast,2026-08-10 12:49:00,Product Question,Medium,Closed,Customer inquiry regarding product question issue.
TKT-4030,USR-52888,Northeast,2026-08-10 01:30:00,Product Question,Low,Closed,Customer inquiry regarding product question issue.
TKT-4031,USR-29152,Northeast,2026-08-10 11:52:00,Refund Request,Medium,Solved,Customer inquiry regarding refund request issue.
TKT-4032,USR-80295,Northeast,2026-08-10 08:20:00,Shipping,Medium,Solved,Customer inquiry regarding shipping issue.
TKT-4033,USR-48747,Midwest,2026-08-10 06:59:00,Refund Request,High,Closed,Customer inquiry regarding refund request issue.
TKT-4034,USR-76077,Midwest,2026-08-10 23:03:00,Bug Report,Low,Solved,Customer inquiry regarding bug report issue.
TKT-4035,USR-49082,Midwest,2026-08-10 09:15:00,Shipping,Medium,Closed,Customer inquiry regarding shipping issue.
TKT-4036,USR-13777,Midwest,2026-08-10 08:13:00,Product Question,Medium,Closed,Customer inquiry regarding product question issue.
TKT-4037,USR-70940,Midwest,2026-08-10 20:41:00,Shipping,Low,Closed,Customer inquiry regarding shipping issue.
TKT-4038,USR-30575,Midwest,2026-08-10 04:28:00,Bug Report,Medium,Solved,Customer inquiry regarding bug report issue.
TKT-4039,USR-69761,Midwest,2026-08-10 19:28:00,Billing,Low,Closed,Customer inquiry regarding billing issue.
TKT-4040,USR-47324,Midwest,2026-08-10 08:12:00,Bug Report,High,Open,Customer inquiry regarding bug report issue.
TKT-4041,USR-26241,Midwest,2026-08-10 05:37:00,Product Question,Medium,Closed,Customer inquiry regarding product question issue.
TKT-4042,USR-58342,West,2026-08-10 01:55:00,Billing,High,Open,Customer inquiry regarding billing issue.
TKT-4043,USR-13337,West,2026-08-10 04:20:00,Bug Report,Medium,Solved,Customer inquiry regarding bug report issue.
TKT-4044,USR-33330,West,2026-08-10 20:27:00,Bug Report,Medium,Open,Customer inquiry regarding bug report issue.
TKT-4045,USR-52469,West,2026-08-10 10:39:00,Login Issue,High,Closed,Customer inquiry regarding login issue issue.
TKT-4046,USR-17321,West,2026-08-10 18:48:00,Refund Request,Low,Solved,Customer inquiry regarding refund request issue.
TKT-4047,USR-18372,West,2026-08-10 23:45:00,Bug Report,Low,Open,Customer inquiry regarding bug report issue.
TKT-4048,USR-31414,West,2026-08-10 02:08:00,Product Question,Low,Solved,Customer inquiry regarding product question issue.
TKT-4049,USR-54323,West,2026-08-10 22:15:00,Login Issue,Medium,Closed,Customer inquiry regarding login issue issue.
TKT-4050,USR-62502,West,2026-08-10 02:26:00,Billing,Low,Open,Customer inquiry regarding billing issue.
TKT-4051,USR-30314,West,2026-08-10 17:03:00,Refund Request,Medium,Open,Customer inquiry regarding refund request issue.
TKT-4052,USR-30848,West,2026-08-10 17:52:00,Login Issue,Low,Open,Customer inquiry regarding login issue issue.
TKT-4053,USR-17407,West,2026-08-10 03:48:00,Billing,Low,Closed,Customer inquiry regarding billing issue.
TKT-4054,USR-94266,West,2026-08-10 20:43:00,Refund Request,Low,Closed,Customer inquiry regarding refund request issue.
TKT-4055,USR-38704,West,2026-08-10 22:14:00,Shipping,Low,Closed,Customer inquiry regarding shipping issue.
TKT-4056,USR-52329,West,2026-08-10 07:09:00,Product Question,High,Closed,Customer inquiry regarding product question issue.
TKT-4057,USR-13081,Southeast,2026-08-11 12:01:00,Refund Request,Medium,Open,Customer inquiry regarding refund request issue.
TKT-4058,USR-18907,Southeast,2026-08-11 21:45:00,Bug Report,Medium,Solved,Customer inquiry regarding bug report issue.
TKT-4059,USR-40081,Southeast,2026-08-11 01:12:00,Refund Request,Low,Closed,Customer inquiry regarding refund request issue.
TKT-4060,USR-86229,Southeast,2026-08-11 18:31:00,Login Issue,Medium,Closed,Customer inquiry regarding login issue issue.
TKT-4061,USR-29956,Southeast,2026-08-11 11:32:00,Product Question,Medium,Closed,Customer inquiry regarding product question issue.
TKT-4062,USR-46885,Southeast,2026-08-11 17:00:00,Bug Report,High,Solved,Customer inquiry regarding bug report issue.
TKT-4063,USR-30953,Southeast,2026-08-11 08:35:00,Billing,High,Open,Customer inquiry regarding billing issue.
TKT-4064,USR-35660,Southeast,2026-08-11 06:48:00,Refund Request,Medium,Closed,Customer inquiry regarding refund request issue.
TKT-4065,USR-95257,Southeast,2026-08-11 10:57:00,Billing,Medium,Closed,Customer inquiry regarding billing issue.
TKT-4066,USR-95381,Southeast,2026-08-11 09:28:00,Login Issue,Medium,Solved,Customer inquiry regarding login issue issue.
TKT-4067,USR-24770,Southeast,2026-08-11 21:32:00,Shipping,Low,Closed,Customer inquiry regarding shipping issue.
TKT-4068,USR-36233,Southeast,2026-08-11 01:24:00,Login Issue,High,Closed,Customer inquiry regarding login issue issue.
TKT-4069,USR-87759,Southeast,2026-08-11 18:47:00,Bug Report,Medium,Closed,Customer inquiry regarding bug report issue.
TKT-4070,USR-84297,Southeast,2026-08-11 09:23:00,Shipping,Low,Closed,Customer inquiry regarding shipping issue.
TKT-4071,USR-11620,Southeast,2026-08-11 08:13:00,Refund Request,Low,Closed,Customer inquiry regarding refund request issue.
TKT-4072,USR-75482,Southeast,2026-08-11 06:53:00,Product Question,Medium,Closed,Customer inquiry regarding product question issue.
TKT-4073,USR-61216,Southeast,2026-08-11 23:24:00,Bug Report,Medium,Open,Customer inquiry regarding bug report issue.
TKT-4074,USR-97428,Northeast,2026-08-11 15:30:00,Refund Request,High,Closed,Customer inquiry regarding refund request issue.
TKT-4075,USR-14089,Northeast,2026-08-11 07:04:00,Refund Request,Low,Closed,Customer inquiry regarding refund request issue.
TKT-4076,USR-49773,Northeast,2026-08-11 19:03:00,Login Issue,Medium,Closed,Customer inquiry regarding login issue issue.
TKT-4077,USR-22744,Northeast,2026-08-11 14:24:00,Bug Report,High,Closed,Customer inquiry regarding bug report issue.
TKT-4078,USR-65465,Northeast,2026-08-11 01:23:00,Product Question,High,Closed,Customer inquiry regarding product question issue.
TKT-4079,USR-64720,Northeast,2026-08-11 23:56:00,Billing,Low,Closed,Customer inquiry regarding billing issue.
TKT-4080,USR-49590,Northeast,2026-08-11 20:01:00,Billing,Low,Closed,Customer inquiry regarding billing issue.
TKT-4081,USR-93454,Northeast,2026-08-11 04:16:00,Shipping,Low,Closed,Customer inquiry regarding shipping issue.
TKT-4082,USR-11880,Northeast,2026-08-11 23:43:00,Login Issue,Medium,Closed,Customer inquiry regarding login issue issue.
TKT-4083,USR-85992,Northeast,2026-08-11 03:05:00,Bug Report,Low,Open,Customer inquiry regarding bug report issue.
TKT-4084,USR-83823,Midwest,2026-08-11 22:35:00,Billing,Medium,Closed,Customer inquiry regarding billing issue.
TKT-4085,USR-38242,Midwest,2026-08-11 15:04:00,Bug Report,High,Closed,Customer inquiry regarding bug report issue.
TKT-4086,USR-14870,Midwest,2026-08-11 02:25:00,Bug Report,Medium,Closed,Customer inquiry regarding bug report issue.
TKT-4087,USR-11739,Midwest,2026-08-11 15:27:00,Shipping,Medium,Closed,Customer inquiry regarding shipping issue.
TKT-4088,USR-46808,Midwest,2026-08-11 18:57:00,Login Issue,High,Closed,Customer inquiry regarding login issue issue.
TKT-4089,USR-45033,Midwest,2026-08-11 22:18:00,Bug Report,Medium,Closed,Customer inquiry regarding bug report issue.
TKT-4090,USR-95220,West,2026-08-11 06:15:00,Bug Report,Medium,Closed,Customer inquiry regarding bug report issue.
TKT-4091,USR-74032,West,2026-08-11 01:55:00,Refund Request,Medium,Solved,Customer inquiry regarding refund request issue.
TKT-4092,USR-57714,West,2026-08-11 07:45:00,Bug Report,Low,Closed,Customer inquiry regarding bug report issue.
TKT-4093,USR-81380,West,2026-08-11 02:38:00,Billing,Medium,Open,Customer inquiry regarding billing issue.
TKT-4094,USR-80879,West,2026-08-11 05:23:00,Bug Report,Medium,Solved,Customer inquiry regarding bug report issue.
TKT-4095,USR-63346,West,2026-08-11 04:20:00,Bug Report,High,Closed,Customer inquiry regarding bug report issue.
TKT-4096,USR-55539,West,2026-08-11 05:37:00,Shipping,Medium,Open,Customer inquiry regarding shipping issue.
TKT-4097,USR-63454,West,2026-08-11 09:09:00,Bug Report,Medium,Solved,Customer inquiry regarding bug report issue.
TKT-4098,USR-28040,West,2026-08-11 11:27:00,Login Issue,High,Closed,Customer inquiry regarding login issue issue.
TKT-4099,USR-69083,West,2026-08-11 10:59:00,Billing,High,Open,Customer inquiry regarding billing issue.
TKT-4100,USR-55017,West,2026-08-11 17:55:00,Bug Report,Low,Closed,Customer inquiry regarding bug report issue.
TKT-4101,USR-54780,West,2026-08-11 16:58:00,Bug Report,Low,Solved,Customer inquiry regarding bug report issue.
TKT-4102,USR-28287,Europe,2026-08-11 17:40:00,Bug Report,Low,Solved,Customer inquiry regarding bug report issue.
TKT-4103,USR-64916,Europe,2026-08-11 06:52:00,Bug Report,Medium,Closed,Customer inquiry regarding bug report issue.
TKT-4104,USR-23607,Europe,2026-08-11 03:32:00,Refund Request,Low,Solved,Customer inquiry regarding refund request issue.
TKT-4105,USR-99654,Southeast,2026-08-12 17:42:00,Product Question,High,Closed,Customer inquiry regarding product question issue.
TKT-4106,USR-52662,Southeast,2026-08-12 22:50:00,Billing,Medium,Closed,Customer inquiry regarding billing issue.
TKT-4107,USR-78566,Southeast,2026-08-12 23:53:00,Billing,High,Open,Customer inquiry regarding billing issue.
TKT-4108,USR-56023,Southeast,2026-08-12 21:52:00,Shipping,Low,Solved,Customer inquiry regarding shipping issue.
TKT-4109,USR-93947,Southeast,2026-08-12 23:26:00,Bug Report,Low,Closed,Customer inquiry regarding bug report issue.
TKT-4110,USR-10078,Southeast,2026-08-12 20:29:00,Product Question,High,Closed,Customer inquiry regarding product question issue.
TKT-4111,USR-19464,Southeast,2026-08-12 16:51:00,Login Issue,Medium,Closed,Customer inquiry regarding login issue issue.
TKT-4112,USR-37426,Southeast,2026-08-12 22:19:00,Product Question,Medium,Closed,Customer inquiry regarding product question issue.
TKT-4113,USR-12125,Southeast,2026-08-12 17:40:00,Login Issue,Low,Closed,Customer inquiry regarding login issue issue.
TKT-4114,USR-99192,Southeast,2026-08-12 00:18:00,Login Issue,Low,Closed,Customer inquiry regarding login issue issue.
TKT-4115,USR-65301,Southeast,2026-08-12 02:04:00,Billing,Medium,Closed,Customer inquiry regarding billing issue.
TKT-4116,USR-49349,Southeast,2026-08-12 11:42:00,Shipping,Low,Solved,Customer inquiry regarding shipping issue.
TKT-4117,USR-66167,Northeast,2026-08-12 10:24:00,Billing,Low,Closed,Customer inquiry regarding billing issue.
TKT-4118,USR-87769,Northeast,2026-08-12 19:37:00,Shipping,High,Solved,Customer inquiry regarding shipping issue.
TKT-4119,USR-51894,Northeast,2026-08-12 01:43:00,Shipping,Low,Open,Customer inquiry regarding shipping issue.
TKT-4120,USR-60299,Northeast,2026-08-12 11:01:00,Billing,High,Open,Customer inquiry regarding billing issue.
TKT-4121,USR-91295,Northeast,2026-08-12 17:49:00,Login Issue,Medium,Solved,Customer inquiry regarding login issue issue.
TKT-4122,USR-15068,Northeast,2026-08-12 11:43:00,Shipping,Low,Open,Customer inquiry regarding shipping issue.
TKT-4123,USR-81268,Northeast,2026-08-12 15:48:00,Login Issue,Medium,Closed,Customer inquiry regarding login issue issue.
TKT-4124,USR-69596,Northeast,2026-08-12 02:05:00,Product Question,High,Closed,Customer inquiry regarding product question issue.
TKT-4125,USR-71509,Northeast,2026-08-12 12:47:00,Billing,Low,Solved,Customer inquiry regarding billing issue.
TKT-4126,USR-38384,Northeast,2026-08-12 01:20:00,Billing,High,Open,Customer inquiry regarding billing issue.
TKT-4127,USR-76361,Midwest,2026-08-12 21:08:00,Refund Request,High,Closed,Customer inquiry regarding refund request issue.
TKT-4128,USR-46010,Midwest,2026-08-12 14:04:00,Refund Request,Low,Open,Customer inquiry regarding refund request issue.
TKT-4129,USR-43187,Midwest,2026-08-12 22:36:00,Shipping,High,Closed,Customer inquiry regarding shipping issue.
TKT-4130,USR-32795,Midwest,2026-08-12 18:07:00,Bug Report,High,Open,Customer inquiry regarding bug report issue.
TKT-4131,USR-88790,Midwest,2026-08-12 14:18:00,Product Question,Low,Closed,Customer inquiry regarding product question issue.
TKT-4132,USR-20069,Midwest,2026-08-12 10:27:00,Login Issue,High,Closed,Customer inquiry regarding login issue issue.
TKT-4133,USR-60764,West,2026-08-12 06:30:00,Shipping,Low,Closed,Customer inquiry regarding shipping issue.
TKT-4134,USR-15750,West,2026-08-12 23:51:00,Bug Report,Low,Open,Customer inquiry regarding bug report issue.
TKT-4135,USR-74664,West,2026-08-12 09:11:00,Product Question,Medium,Solved,Customer inquiry regarding product question issue.
TKT-4136,USR-23308,West,2026-08-12 07:45:00,Shipping,High,Closed,Customer inquiry regarding shipping issue.
TKT-4137,USR-83763,West,2026-08-12 05:08:00,Product Question,High,Solved,Customer inquiry regarding product question issue.
TKT-4138,USR-12691,West,2026-08-12 00:28:00,Shipping,Medium,Open,Customer inquiry regarding shipping issue.
TKT-4139,USR-23936,West,2026-08-12 22:33:00,Bug Report,Medium,Solved,Customer inquiry regarding bug report issue.
TKT-4140,USR-83044,West,2026-08-12 13:30:00,Login Issue,Medium,Open,Customer inquiry regarding login issue issue.
TKT-4141,USR-44442,West,2026-08-12 22:27:00,Login Issue,Low,Closed,Customer inquiry regarding login issue issue.
TKT-4142,USR-25861,Europe,2026-08-12 15:25:00,Refund Request,Low,Closed,Customer inquiry regarding refund request issue.
TKT-4143,USR-97115,Europe,2026-08-12 00:10:00,Login Issue,High,Closed,Customer inquiry regarding login issue issue.
TKT-4144,USR-83055,Europe,2026-08-12 06:28:00,Bug Report,High,Closed,Customer inquiry regarding bug report issue.
TKT-4145,USR-86299,Europe,2026-08-12 08:30:00,Login Issue,High,Closed,Customer inquiry regarding login issue issue.
TKT-4146,USR-36535,Europe,2026-08-12 13:07:00,Refund Request,Low,Closed,Customer inquiry regarding refund request issue.
TKT-4147,USR-11467,Europe,2026-08-12 04:19:00,Product Question,High,Open,Customer inquiry regarding product question issue.
TKT-4148,USR-78755,Southeast,2026-08-13 11:03:00,Refund Request,Low,Closed,Customer inquiry regarding refund request issue.
TKT-4149,USR-49759,Southeast,2026-08-13 21:17:00,Refund Request,High,Closed,Customer inquiry regarding refund request issue.
TKT-4150,USR-34728,Southeast,2026-08-13 04:20:00,Product Question,Medium,Closed,Customer inquiry regarding product question issue.
TKT-4151,USR-22982,Southeast,2026-08-13 21:30:00,Shipping,Medium,Closed,Customer inquiry regarding shipping issue.
TKT-4152,USR-19295,Southeast,2026-08-13 05:24:00,Refund Request,High,Solved,Customer inquiry regarding refund request issue.
TKT-4153,USR-18912,Southeast,2026-08-13 04:42:00,Product Question,High,Closed,Customer inquiry regarding product question issue.
TKT-4154,USR-42383,Southeast,2026-08-13 15:32:00,Login Issue,High,Closed,Customer inquiry regarding login issue issue.
TKT-4155,USR-39536,Southeast,2026-08-13 20:48:00,Shipping,High,Closed,Customer inquiry regarding shipping issue.
TKT-4156,USR-52006,Southeast,2026-08-13 08:26:00,Login Issue,Medium,Closed,Customer inquiry regarding login issue issue.
TKT-4157,USR-61219,Southeast,2026-08-13 12:01:00,Product Question,High,Closed,Customer inquiry regarding product question issue.
TKT-4158,USR-72831,Southeast,2026-08-13 14:38:00,Product Question,High,Closed,Customer inquiry regarding product question issue.
TKT-4159,USR-88509,Northeast,2026-08-13 13:41:00,Bug Report,Low,Closed,Customer inquiry regarding bug report issue.
TKT-4160,USR-88619,Northeast,2026-08-13 16:18:00,Shipping,Low,Open,Customer inquiry regarding shipping issue.
TKT-4161,USR-29079,Northeast,2026-08-13 00:26:00,Login Issue,High,Closed,Customer inquiry regarding login issue issue.
TKT-4162,USR-46809,Northeast,2026-08-13 20:02:00,Billing,Medium,Open,Customer inquiry regarding billing issue.
TKT-4163,USR-89337,Northeast,2026-08-13 14:41:00,Billing,Medium,Solved,Customer inquiry regarding billing issue.
TKT-4164,USR-73935,Northeast,2026-08-13 10:58:00,Billing,Medium,Solved,Customer inquiry regarding billing issue.
TKT-4165,USR-99415,Northeast,2026-08-13 12:48:00,Bug Report,High,Solved,Customer inquiry regarding bug report issue.
TKT-4166,USR-71515,Northeast,2026-08-13 19:38:00,Bug Report,High,Closed,Customer inquiry regarding bug report issue.
TKT-4167,USR-79827,Midwest,2026-08-13 10:05:00,Bug Report,Medium,Closed,Customer inquiry regarding bug report issue.
TKT-4168,USR-92460,Midwest,2026-08-13 16:39:00,Bug Report,Low,Closed,Customer inquiry regarding bug report issue.
TKT-4169,USR-77307,Midwest,2026-08-13 08:59:00,Billing,Medium,Solved,Customer inquiry regarding billing issue.
TKT-4170,USR-35069,Midwest,2026-08-13 07:20:00,Billing,Low,Solved,Customer inquiry regarding billing issue.
TKT-4171,USR-44591,West,2026-08-13 10:33:00,Bug Report,Medium,Closed,Customer inquiry regarding bug report issue.
TKT-4172,USR-90354,West,2026-08-13 19:27:00,Bug Report,High,Closed,Customer inquiry regarding bug report issue.
TKT-4173,USR-99912,West,2026-08-13 04:51:00,Bug Report,Medium,Closed,Customer inquiry regarding bug report issue.
TKT-4174,USR-36799,West,2026-08-13 11:45:00,Refund Request,High,Closed,Customer inquiry regarding refund request issue.
TKT-4175,USR-48202,West,2026-08-13 14:37:00,Refund Request,Low,Closed,Customer inquiry regarding refund request issue.
TKT-4176,USR-33996,West,2026-08-13 20:15:00,Product Question,High,Closed,Customer inquiry regarding product question issue.
TKT-4177,USR-61331,West,2026-08-13 20:51:00,Shipping,Medium,Closed,Customer inquiry regarding shipping issue.
TKT-4178,USR-80439,West,2026-08-13 15:45:00,Billing,High,Open,Customer inquiry regarding billing issue.
TKT-4179,USR-43100,Europe,2026-08-13 10:09:00,Billing,High,Closed,Customer inquiry regarding billing issue.
TKT-4180,USR-18722,Europe,2026-08-13 03:24:00,Refund Request,Medium,Closed,Customer inquiry regarding refund request issue.
TKT-4181,USR-82174,Europe,2026-08-13 06:51:00,Billing,Medium,Open,Customer inquiry regarding billing issue.
TKT-4182,USR-65114,Europe,2026-08-13 18:52:00,Billing,High,Solved,Customer inquiry regarding billing issue.
TKT-4183,USR-88023,Europe,2026-08-13 06:17:00,Login Issue,Medium,Open,Customer inquiry regarding login issue issue.
TKT-4184,USR-57360,Southeast,2026-08-14 10:07:00,Product Question,Low,Closed,Customer inquiry regarding product question issue.
TKT-4185,USR-81891,Southeast,2026-08-14 01:02:00,Login Issue,Medium,Closed,Customer inquiry regarding login issue issue.
TKT-4186,USR-36855,Southeast,2026-08-14 17:17:00,Product Question,Low,Open,Customer inquiry regarding product question issue.
TKT-4187,USR-11291,Southeast,2026-08-14 01:57:00,Bug Report,High,Closed,Customer inquiry regarding bug report issue.
TKT-4188,USR-47249,Southeast,2026-08-14 03:21:00,Refund Request,High,Closed,Customer inquiry regarding refund request issue.
TKT-4189,USR-89123,Southeast,2026-08-14 13:15:00,Product Question,Low,Solved,Customer inquiry regarding product question issue.
TKT-4190,USR-40980,Southeast,2026-08-14 18:48:00,Billing,High,Closed,Customer inquiry regarding billing issue.
TKT-4191,USR-38819,Southeast,2026-08-14 04:01:00,Refund Request,High,Closed,Customer inquiry regarding refund request issue.
TKT-4192,USR-90779,Southeast,2026-08-14 05:51:00,Shipping,Low,Solved,Customer inquiry regarding shipping issue.
TKT-4193,USR-45353,Southeast,2026-08-14 00:10:00,Login Issue,High,Solved,Customer inquiry regarding login issue issue.
TKT-4194,USR-38963,Southeast,2026-08-14 15:07:00,Login Issue,Low,Open,Customer inquiry regarding login issue issue.
TKT-4195,USR-38880,Southeast,2026-08-14 07:29:00,Refund Request,Low,Closed,Customer inquiry regarding refund request issue.
TKT-4196,USR-67041,Southeast,2026-08-14 08:06:00,Login Issue,Low,Closed,Customer inquiry regarding login issue issue.
TKT-4197,USR-37969,Southeast,2026-08-14 18:55:00,Refund Request,Medium,Open,Customer inquiry regarding refund request issue.
TKT-4198,USR-68002,Southeast,2026-08-14 07:06:00,Login Issue,Medium,Open,Customer inquiry regarding login issue issue.
TKT-4199,USR-13018,Southeast,2026-08-14 04:47:00,Shipping,High,Open,Customer inquiry regarding shipping issue.
TKT-4200,USR-67232,Southeast,2026-08-14 17:48:00,Billing,Low,Open,Customer inquiry regarding billing issue.
TKT-4201,USR-76526,Northeast,2026-08-14 16:21:00,Billing,Low,Open,Customer inquiry regarding billing issue.
TKT-4202,USR-58884,Northeast,2026-08-14 19:24:00,Shipping,High,Closed,Customer inquiry regarding shipping issue.
TKT-4203,USR-32070,Northeast,2026-08-14 04:45:00,Login Issue,High,Open,Customer inquiry regarding login issue issue.
TKT-4204,USR-63097,Northeast,2026-08-14 12:13:00,Product Question,Medium,Closed,Customer inquiry regarding product question issue.
TKT-4205,USR-59734,Northeast,2026-08-14 08:15:00,Bug Report,Medium,Closed,Customer inquiry regarding bug report issue.
TKT-4206,USR-41991,Northeast,2026-08-14 19:56:00,Shipping,Low,Solved,Customer inquiry regarding shipping issue.
TKT-4207,USR-60969,Northeast,2026-08-14 20:44:00,Login Issue,Medium,Closed,Customer inquiry regarding login issue issue.
TKT-4208,USR-74350,Northeast,2026-08-14 18:22:00,Billing,Medium,Closed,Customer inquiry regarding billing issue.
TKT-4209,USR-67325,Northeast,2026-08-14 13:46:00,Shipping,Medium,Closed,Customer inquiry regarding shipping issue.
TKT-4210,USR-44060,Northeast,2026-08-14 08:22:00,Product Question,Medium,Closed,Customer inquiry regarding product question issue.
TKT-4211,USR-94542,Northeast,2026-08-14 15:10:00,Product Question,Low,Solved,Customer inquiry regarding product question issue.
TKT-4212,USR-59996,Northeast,2026-08-14 16:38:00,Refund Request,Low,Closed,Customer inquiry regarding refund request issue.
TKT-4213,USR-22108,Northeast,2026-08-14 11:03:00,Product Question,Low,Closed,Customer inquiry regarding product question issue.
TKT-4214,USR-20388,Northeast,2026-08-14 19:44:00,Refund Request,Low,Closed,Customer inquiry regarding refund request issue.
TKT-4215,USR-34382,Midwest,2026-08-14 04:18:00,Product Question,Medium,Closed,Customer inquiry regarding product question issue.
TKT-4216,USR-18752,Midwest,2026-08-14 07:26:00,Billing,Low,Solved,Customer inquiry regarding billing issue.
TKT-4217,USR-85053,Midwest,2026-08-14 07:55:00,Login Issue,High,Closed,Customer inquiry regarding login issue issue.
TKT-4218,USR-81819,Midwest,2026-08-14 20:50:00,Bug Report,Low,Closed,Customer inquiry regarding bug report issue.
TKT-4219,USR-35609,Midwest,2026-08-14 15:27:00,Product Question,Low,Closed,Customer inquiry regarding product question issue.
TKT-4220,USR-45264,West,2026-08-14 19:45:00,Login Issue,Low,Closed,Customer inquiry regarding login issue issue.
TKT-4221,USR-58356,West,2026-08-14 05:34:00,Login Issue,Medium,Solved,Customer inquiry regarding login issue issue.
TKT-4222,USR-42197,West,2026-08-14 23:11:00,Product Question,High,Closed,Customer inquiry regarding product question issue.
TKT-4223,USR-12715,West,2026-08-14 00:20:00,Product Question,Medium,Solved,Customer inquiry regarding product question issue.
TKT-4224,USR-31889,West,2026-08-14 16:32:00,Login Issue,Medium,Closed,Customer inquiry regarding login issue issue.
TKT-4225,USR-89818,West,2026-08-14 01:30:00,Product Question,Low,Closed,Customer inquiry regarding product question issue.
TKT-4226,USR-69630,West,2026-08-14 11:36:00,Billing,Medium,Closed,Customer inquiry regarding billing issue.
TKT-4227,USR-31245,West,2026-08-14 05:45:00,Login Issue,High,Closed,Customer inquiry regarding login issue issue.
TKT-4228,USR-27813,West,2026-08-14 20:38:00,Login Issue,Low,Open,Customer inquiry regarding login issue issue.
TKT-4229,USR-62939,Europe,2026-08-14 15:43:00,Shipping,High,Solved,Customer inquiry regarding shipping issue.
TKT-4230,USR-89366,Europe,2026-08-14 16:29:00,Bug Report,High,Closed,Customer inquiry regarding bug report issue.
TKT-4231,USR-78612,Europe,2026-08-14 18:45:00,Bug Report,Medium,Closed,Customer inquiry regarding bug report issue.
TKT-4232,USR-14773,Europe,2026-08-14 13:10:00,Refund Request,Medium,Closed,Customer inquiry regarding refund request issue.
TKT-4233,USR-25143,Europe,2026-08-14 06:04:00,Refund Request,Medium,Closed,Customer inquiry regarding refund request issue.
TKT-4234,USR-49258,Europe,2026-08-14 19:57:00,Shipping,Medium,Open,Customer inquiry regarding shipping issue.
TKT-4235,USR-12102,Southeast,2026-08-15 15:31:00,Billing,High,Open,Error: payment gateway timeout at checkout. Transaction failed.
TKT-4236,USR-87388,Southeast,2026-08-15 06:27:00,Bug Report,Low,Open,Customer inquiry regarding bug report issue.
TKT-4237,USR-28653,Southeast,2026-08-15 15:25:00,Billing,High,Open,Error: payment gateway timeout at checkout. Transaction failed.
TKT-4238,USR-73802,Southeast,2026-08-15 00:57:00,Product Question,Medium,Closed,Customer inquiry regarding product question issue.
TKT-4239,USR-70725,Southeast,2026-08-15 15:23:00,Billing,High,Open,Error: payment gateway timeout at checkout. Transaction failed.
TKT-4240,USR-93889,Southeast,2026-08-15 04:26:00,Login Issue,Low,Closed,Customer inquiry regarding login issue issue.
TKT-4241,USR-70960,Southeast,2026-08-15 15:03:00,Billing,High,Open,Error: payment gateway timeout at checkout. Transaction failed.
TKT-4242,USR-88412,Southeast,2026-08-15 12:56:00,Bug Report,Medium,Closed,Customer inquiry regarding bug report issue.
TKT-4243,USR-18880,Southeast,2026-08-15 15:02:00,Billing,High,Open,Error: payment gateway timeout at checkout. Transaction failed.
TKT-4244,USR-31750,Southeast,2026-08-15 11:21:00,Product Question,Medium,Solved,Customer inquiry regarding product question issue.
TKT-4245,USR-45338,Southeast,2026-08-15 14:47:00,Billing,High,Open,Error: payment gateway timeout at checkout. Transaction failed.
TKT-4246,USR-58662,Southeast,2026-08-15 01:01:00,Refund Request,Low,Solved,Customer inquiry regarding refund request issue.
TKT-4247,USR-70331,Southeast,2026-08-15 15:21:00,Billing,High,Open,Error: payment gateway timeout at checkout. Transaction failed.
TKT-4248,USR-16673,Southeast,2026-08-15 11:39:00,Billing,Medium,Open,Customer inquiry regarding billing issue.
TKT-4249,USR-73899,Southeast,2026-08-15 14:56:00,Billing,High,Open,Error: payment gateway timeout at checkout. Transaction failed.
TKT-4250,USR-84232,Southeast,2026-08-15 13:48:00,Refund Request,Low,Solved,Customer inquiry regarding refund request issue.
TKT-4251,USR-53273,Southeast,2026-08-15 14:59:00,Billing,High,Open,Error: payment gateway timeout at checkout. Transaction failed.
TKT-4252,USR-28868,Southeast,2026-08-15 21:45:00,Shipping,High,Closed,Customer inquiry regarding shipping issue.
TKT-4253,USR-60317,Southeast,2026-08-15 14:05:00,Billing,High,Open,Error: payment gateway timeout at checkout. Transaction failed.
TKT-4254,USR-49703,Southeast,2026-08-15 08:25:00,Product Question,Low,Closed,Customer inquiry regarding product question issue.
TKT-4255,USR-35383,Southeast,2026-08-15 14:26:00,Billing,High,Open,Error: payment gateway timeout at checkout. Transaction failed.
TKT-4256,USR-84473,Southeast,2026-08-15 13:51:00,Product Question,Medium,Solved,Customer inquiry regarding product question issue.
TKT-4257,USR-31416,Southeast,2026-08-15 14:00:00,Billing,High,Open,Error: payment gateway timeout at checkout. Transaction failed.
TKT-4258,USR-38717,Southeast,2026-08-15 01:16:00,Bug Report,Medium,Closed,Customer inquiry regarding bug report issue.
TKT-4259,USR-24973,Southeast,2026-08-15 14:59:00,Billing,High,Open,Error: payment gateway timeout at checkout. Transaction failed.
TKT-4260,USR-58774,Southeast,2026-08-15 02:42:00,Shipping,Medium,Solved,Customer inquiry regarding shipping issue.
TKT-4261,USR-79036,Southeast,2026-08-15 15:40:00,Billing,High,Open,Error: payment gateway timeout at checkout. Transaction failed.
TKT-4262,USR-78163,Southeast,2026-08-15 04:42:00,Bug Report,High,Solved,Customer inquiry regarding bug report issue.
TKT-4263,USR-66868,Southeast,2026-08-15 14:14:00,Billing,High,Open,Error: payment gateway timeout at checkout. Transaction failed.
TKT-4264,USR-75388,Southeast,2026-08-15 15:17:00,Billing,High,Open,Customer inquiry regarding billing issue.
TKT-4265,USR-43769,Southeast,2026-08-15 14:37:00,Billing,High,Open,Error: payment gateway timeout at checkout. Transaction failed.
TKT-4266,USR-38698,Southeast,2026-08-15 03:52:00,Product Question,High,Closed,Customer inquiry regarding product question issue.
TKT-4267,USR-81068,Southeast,2026-08-15 14:59:00,Billing,High,Open,Error: payment gateway timeout at checkout. Transaction failed.
TKT-4268,USR-64957,Southeast,2026-08-15 16:23:00,Shipping,High,Open,Customer inquiry regarding shipping issue.
TKT-4269,USR-31292,Southeast,2026-08-15 15:05:00,Billing,High,Open,Error: payment gateway timeout at checkout. Transaction failed.
TKT-4270,USR-17458,Southeast,2026-08-15 19:30:00,Bug Report,Low,Closed,Customer inquiry regarding bug report issue.
TKT-4271,USR-72019,Southeast,2026-08-15 15:09:00,Billing,High,Open,Error: payment gateway timeout at checkout. Transaction failed.
TKT-4272,USR-40891,Southeast,2026-08-15 00:21:00,Billing,Low,Open,Customer inquiry regarding billing issue.
TKT-4273,USR-87125,Southeast,2026-08-15 15:59:00,Billing,High,Open,Error: payment gateway timeout at checkout. Transaction failed.
TKT-4274,USR-41881,Southeast,2026-08-15 06:25:00,Shipping,Low,Closed,Customer inquiry regarding shipping issue.
TKT-4275,USR-88378,Southeast,2026-08-15 14:21:00,Billing,High,Open,Error: payment gateway timeout at checkout. Transaction failed.
TKT-4276,USR-20760,Southeast,2026-08-15 10:37:00,Shipping,Low,Closed,Customer inquiry regarding shipping issue.
TKT-4277,USR-66169,Southeast,2026-08-15 14:09:00,Billing,High,Open,Error: payment gateway timeout at checkout. Transaction failed.
TKT-4278,USR-16731,Southeast,2026-08-15 15:57:00,Login Issue,High,Closed,Customer inquiry regarding login issue issue.
TKT-4279,USR-48197,Southeast,2026-08-15 14:02:00,Billing,High,Open,Error: payment gateway timeout at checkout. Transaction failed.
TKT-4280,USR-97301,Southeast,2026-08-15 11:43:00,Bug Report,High,Closed,Customer inquiry regarding bug report issue.
TKT-4281,USR-53272,Southeast,2026-08-15 14:10:00,Billing,High,Open,Error: payment gateway timeout at checkout. Transaction failed.
TKT-4282,USR-90525,Southeast,2026-08-15 03:02:00,Refund Request,Low,Closed,Customer inquiry regarding refund request issue.
TKT-4283,USR-61231,Southeast,2026-08-15 14:50:00,Billing,High,Open,Error: payment gateway timeout at checkout. Transaction failed.
TKT-4284,USR-90666,Southeast,2026-08-15 15:06:00,Billing,High,Open,Customer inquiry regarding billing issue.
TKT-4285,USR-70599,Southeast,2026-08-15 15:08:00,Billing,High,Open,Error: payment gateway timeout at checkout. Transaction failed.
TKT-4286,USR-22598,Southeast,2026-08-15 19:54:00,Billing,Low,Open,Customer inquiry regarding billing issue.
TKT-4287,USR-14198,Southeast,2026-08-15 14:44:00,Billing,High,Open,Error: payment gateway timeout at checkout. Transaction failed.
TKT-4288,USR-71952,Southeast,2026-08-15 12:54:00,Billing,High,Open,Customer inquiry regarding billing issue.
TKT-4289,USR-64784,Southeast,2026-08-15 15:18:00,Billing,High,Open,Error: payment gateway timeout at checkout. Transaction failed.
TKT-4290,USR-37596,Southeast,2026-08-15 07:50:00,Billing,High,Open,Customer inquiry regarding billing issue.
TKT-4291,USR-14823,Southeast,2026-08-15 14:45:00,Billing,High,Open,Error: payment gateway timeout at checkout. Transaction failed.
TKT-4292,USR-24113,Southeast,2026-08-15 02:03:00,Refund Request,Low,Closed,Customer inquiry regarding refund request issue.
TKT-4293,USR-47024,Southeast,2026-08-15 14:46:00,Billing,High,Open,Error: payment gateway timeout at checkout. Transaction failed.
TKT-4294,USR-73123,Southeast,2026-08-15 10:44:00,Billing,High,Open,Customer inquiry regarding billing issue.
TKT-4295,USR-49655,Northeast,2026-08-15 20:42:00,Bug Report,High,Solved,Customer inquiry regarding bug report issue.
TKT-4296,USR-57737,Northeast,2026-08-15 22:13:00,Shipping,High,Closed,Customer inquiry regarding shipping issue.
TKT-4297,USR-16411,Northeast,2026-08-15 05:25:00,Product Question,Medium,Closed,Customer inquiry regarding product question issue.
TKT-4298,USR-75223,Northeast,2026-08-15 01:53:00,Billing,Medium,Closed,Customer inquiry regarding billing issue.
TKT-4299,USR-68931,Northeast,2026-08-15 14:42:00,Shipping,High,Closed,Customer inquiry regarding shipping issue.
TKT-4300,USR-96298,Northeast,2026-08-15 04:52:00,Billing,High,Open,Customer inquiry regarding billing issue.
TKT-4301,USR-10975,Northeast,2026-08-15 10:58:00,Refund Request,High,Closed,Customer inquiry regarding refund request issue.
TKT-4302,USR-53850,Northeast,2026-08-15 05:16:00,Shipping,Low,Open,Customer inquiry regarding shipping issue.
TKT-4303,USR-89157,Northeast,2026-08-15 04:02:00,Product Question,Low,Solved,Customer inquiry regarding product question issue.
TKT-4304,USR-64771,Northeast,2026-08-15 15:17:00,Product Question,High,Closed,Customer inquiry regarding product question issue.
TKT-4305,USR-54952,Midwest,2026-08-15 01:49:00,Login Issue,High,Closed,Customer inquiry regarding login issue issue.
TKT-4306,USR-73281,Midwest,2026-08-15 19:23:00,Billing,Low,Closed,Customer inquiry regarding billing issue.
TKT-4307,USR-99175,Midwest,2026-08-15 16:12:00,Product Question,Low,Closed,Customer inquiry regarding product question issue.
TKT-4308,USR-45841,Midwest,2026-08-15 21:54:00,Bug Report,High,Solved,Customer inquiry regarding bug report issue.
TKT-4309,USR-90245,Midwest,2026-08-15 16:25:00,Refund Request,High,Solved,Customer inquiry regarding refund request issue.
TKT-4310,USR-87460,Midwest,2026-08-15 06:27:00,Bug Report,Low,Open,Customer inquiry regarding bug report issue.
TKT-4311,USR-47288,Midwest,2026-08-15 17:18:00,Refund Request,Medium,Closed,Customer inquiry regarding refund request issue.
TKT-4312,USR-72195,Midwest,2026-08-15 10:01:00,Shipping,High,Closed,Customer inquiry regarding shipping issue.
TKT-4313,USR-51311,West,2026-08-15 14:58:00,Refund Request,High,Closed,Customer inquiry regarding refund request issue.
TKT-4314,USR-95466,West,2026-08-15 18:14:00,Shipping,Medium,Closed,Customer inquiry regarding shipping issue.
TKT-4315,USR-43310,West,2026-08-15 01:52:00,Product Question,High,Solved,Customer inquiry regarding product question issue.
TKT-4316,USR-15314,West,2026-08-15 12:16:00,Login Issue,High,Closed,Customer inquiry regarding login issue issue.
TKT-4317,USR-10294,West,2026-08-15 07:52:00,Shipping,Low,Open,Customer inquiry regarding shipping issue.
TKT-4318,USR-81636,West,2026-08-15 13:03:00,Login Issue,Medium,Solved,Customer inquiry regarding login issue issue.
TKT-4319,USR-88675,West,2026-08-15 13:01:00,Refund Request,High,Closed,Customer inquiry regarding refund request issue.
TKT-4320,USR-80004,West,2026-08-15 21:03:00,Shipping,High,Closed,Customer inquiry regarding shipping issue.
TKT-4321,USR-60990,West,2026-08-15 21:35:00,Billing,Low,Closed,Customer inquiry regarding billing issue.
TKT-4322,USR-95996,West,2026-08-15 17:46:00,Billing,Low,Solved,Customer inquiry regarding billing issue.
TKT-4323,USR-53093,West,2026-08-15 06:00:00,Bug Report,Medium,Closed,Customer inquiry regarding bug report issue.
TKT-4324,USR-32154,Southeast,2026-08-16 00:06:00,Product Question,High,Closed,Customer inquiry regarding product question issue.
TKT-4325,USR-31215,Southeast,2026-08-16 21:18:00,Bug Report,Medium,Open,Customer inquiry regarding bug report issue.
TKT-4326,USR-22793,Southeast,2026-08-16 13:13:00,Bug Report,Low,Closed,Customer inquiry regarding bug report issue.
TKT-4327,USR-93757,Southeast,2026-08-16 09:19:00,Refund Request,High,Solved,Customer inquiry regarding refund request issue.
TKT-4328,USR-41398,Southeast,2026-08-16 02:04:00,Product Question,Low,Closed,Customer inquiry regarding product question issue.
TKT-4329,USR-69151,Southeast,2026-08-16 02:49:00,Billing,Low,Closed,Customer inquiry regarding billing issue.
TKT-4330,USR-76948,Southeast,2026-08-16 10:07:00,Refund Request,High,Open,Customer inquiry regarding refund request issue.
TKT-4331,USR-20914,Southeast,2026-08-16 03:30:00,Bug Report,High,Closed,Customer inquiry regarding bug report issue.
TKT-4332,USR-60840,Southeast,2026-08-16 11:50:00,Login Issue,Medium,Closed,Customer inquiry regarding login issue issue.
TKT-4333,USR-91309,Southeast,2026-08-16 06:34:00,Billing,High,Closed,Customer inquiry regarding billing issue.
TKT-4334,USR-31016,Northeast,2026-08-16 02:04:00,Product Question,Low,Closed,Customer inquiry regarding product question issue.
TKT-4335,USR-72742,Northeast,2026-08-16 16:52:00,Bug Report,High,Closed,Customer inquiry regarding bug report issue.
TKT-4336,USR-66675,Northeast,2026-08-16 20:22:00,Login Issue,Medium,Open,Customer inquiry regarding login issue issue.
TKT-4337,USR-31957,Northeast,2026-08-16 03:51:00,Refund Request,Medium,Closed,Customer inquiry regarding refund request issue.
TKT-4338,USR-18768,Northeast,2026-08-16 06:39:00,Bug Report,Medium,Solved,Customer inquiry regarding bug report issue.
TKT-4339,USR-70011,Northeast,2026-08-16 23:14:00,Bug Report,Medium,Solved,Customer inquiry regarding bug report issue.
TKT-4340,USR-34652,Midwest,2026-08-16 06:57:00,Login Issue,Low,Open,Customer inquiry regarding login issue issue.
TKT-4341,USR-95028,Midwest,2026-08-16 00:36:00,Billing,Low,Closed,Customer inquiry regarding billing issue.
TKT-4342,USR-70749,Midwest,2026-08-16 10:26:00,Bug Report,Low,Closed,Customer inquiry regarding bug report issue.
TKT-4343,USR-83585,Midwest,2026-08-16 02:08:00,Login Issue,High,Solved,Customer inquiry regarding login issue issue.
TKT-4344,USR-82559,West,2026-08-16 03:37:00,Product Question,Medium,Open,Customer inquiry regarding product question issue.
TKT-4345,USR-14257,West,2026-08-16 17:46:00,Billing,Low,Solved,Customer inquiry regarding billing issue.
TKT-4346,USR-65789,West,2026-08-16 20:20:00,Product Question,Medium,Solved,Customer inquiry regarding product question issue.
TKT-4347,USR-97139,West,2026-08-16 09:02:00,Login Issue,Low,Closed,Customer inquiry regarding login issue issue.
TKT-4348,USR-46787,West,2026-08-16 04:44:00,Billing,Medium,Closed,Customer inquiry regarding billing issue.
TKT-4349,USR-57682,West,2026-08-16 10:54:00,Shipping,Low,Solved,Customer inquiry regarding shipping issue.
TKT-4350,USR-63329,West,2026-08-16 02:31:00,Billing,High,Closed,Customer inquiry regarding billing issue.
TKT-4351,USR-22199,West,2026-08-16 00:01:00,Billing,Medium,Closed,Customer inquiry regarding billing issue.
TKT-4352,USR-23123,West,2026-08-16 04:59:00,Refund Request,High,Solved,Customer inquiry regarding refund request issue.
TKT-4353,USR-51721,West,2026-08-16 11:07:00,Login Issue,Medium,Closed,Customer inquiry regarding login issue issue.
TKT-4354,USR-20333,West,2026-08-16 03:11:00,Refund Request,Low,Solved,Customer inquiry regarding refund request issue.
TKT-4355,USR-80950,West,2026-08-16 07:03:00,Billing,Medium,Solved,Customer inquiry regarding billing issue.
TKT-4356,USR-48955,Europe,2026-08-16 22:35:00,Refund Request,High,Solved,Customer inquiry regarding refund request issue.
TKT-4357,USR-15339,Europe,2026-08-16 17:42:00,Billing,Low,Open,Customer inquiry regarding billing issue.
TKT-4358,USR-45264,Europe,2026-08-16 09:58:00,Shipping,Low,Closed,Customer inquiry regarding shipping issue.
TKT-4359,USR-87110,Europe,2026-08-16 23:03:00,Product Question,Low,Closed,Customer inquiry regarding product question issue.
TKT-4360,USR-57333,Southeast,2026-08-17 00:06:00,Shipping,Low,Open,Customer inquiry regarding shipping issue.
TKT-4361,USR-87444,Southeast,2026-08-17 12:34:00,Login Issue,Medium,Closed,Customer inquiry regarding login issue issue.
TKT-4362,USR-32069,Southeast,2026-08-17 17:57:00,Product Question,Low,Closed,Customer inquiry regarding product question issue.
TKT-4363,USR-92685,Southeast,2026-08-17 05:41:00,Refund Request,High,Closed,Customer inquiry regarding refund request issue.
TKT-4364,USR-32199,Southeast,2026-08-17 00:30:00,Product Question,High,Closed,Customer inquiry regarding product question issue.
TKT-4365,USR-63465,Southeast,2026-08-17 23:52:00,Bug Report,High,Closed,Customer inquiry regarding bug report issue.
TKT-4366,USR-34582,Southeast,2026-08-17 00:43:00,Refund Request,Medium,Solved,Customer inquiry regarding refund request issue.
TKT-4367,USR-37657,Southeast,2026-08-17 15:35:00,Product Question,Low,Open,Customer inquiry regarding product question issue.
TKT-4368,USR-48365,Southeast,2026-08-17 19:42:00,Shipping,Low,Solved,Customer inquiry regarding shipping issue.
TKT-4369,USR-85803,Southeast,2026-08-17 11:08:00,Shipping,High,Open,Customer inquiry regarding shipping issue.
TKT-4370,USR-65079,Southeast,2026-08-17 09:17:00,Product Question,High,Closed,Customer inquiry regarding product question issue.
TKT-4371,USR-25022,Southeast,2026-08-17 08:41:00,Refund Request,Medium,Closed,Customer inquiry regarding refund request issue.
TKT-4372,USR-26802,Southeast,2026-08-17 12:37:00,Product Question,High,Closed,Customer inquiry regarding product question issue.
TKT-4373,USR-97952,Southeast,2026-08-17 18:11:00,Bug Report,High,Closed,Customer inquiry regarding bug report issue.
TKT-4374,USR-99662,Northeast,2026-08-17 07:15:00,Bug Report,Low,Closed,Customer inquiry regarding bug report issue.
TKT-4375,USR-85310,Northeast,2026-08-17 12:08:00,Product Question,Medium,Closed,Customer inquiry regarding product question issue.
TKT-4376,USR-11803,Northeast,2026-08-17 00:41:00,Product Question,High,Closed,Customer inquiry regarding product question issue.
TKT-4377,USR-28924,Northeast,2026-08-17 13:06:00,Billing,Low,Open,Customer inquiry regarding billing issue.
TKT-4378,USR-52613,Northeast,2026-08-17 04:46:00,Bug Report,Low,Closed,Customer inquiry regarding bug report issue.
TKT-4379,USR-68118,Northeast,2026-08-17 13:24:00,Bug Report,High,Closed,Customer inquiry regarding bug report issue.
TKT-4380,USR-61014,Northeast,2026-08-17 21:12:00,Bug Report,Low,Closed,Customer inquiry regarding bug report issue.
TKT-4381,USR-74213,Northeast,2026-08-17 11:12:00,Bug Report,High,Closed,Customer inquiry regarding bug report issue.
TKT-4382,USR-10400,Northeast,2026-08-17 15:17:00,Shipping,Low,Closed,Customer inquiry regarding shipping issue.
TKT-4383,USR-70128,Northeast,2026-08-17 13:29:00,Product Question,Low,Closed,Customer inquiry regarding product question issue.
TKT-4384,USR-47645,Northeast,2026-08-17 16:18:00,Product Question,Medium,Closed,Customer inquiry regarding product question issue.
TKT-4385,USR-11804,Northeast,2026-08-17 04:18:00,Billing,Low,Open,Customer inquiry regarding billing issue.
TKT-4386,USR-69562,Midwest,2026-08-17 15:50:00,Refund Request,Low,Solved,Customer inquiry regarding refund request issue.
TKT-4387,USR-36335,Midwest,2026-08-17 11:19:00,Bug Report,Low,Open,Customer inquiry regarding bug report issue.
TKT-4388,USR-45342,Midwest,2026-08-17 22:55:00,Billing,Medium,Open,Customer inquiry regarding billing issue.
TKT-4389,USR-12247,Midwest,2026-08-17 05:30:00,Product Question,Medium,Closed,Customer inquiry regarding product question issue.
TKT-4390,USR-82318,Midwest,2026-08-17 07:41:00,Shipping,Medium,Closed,Customer inquiry regarding shipping issue.
TKT-4391,USR-58605,Midwest,2026-08-17 16:41:00,Product Question,Low,Closed,Customer inquiry regarding product question issue.
TKT-4392,USR-96283,Midwest,2026-08-17 16:16:00,Bug Report,Low,Closed,Customer inquiry regarding bug report issue.
TKT-4393,USR-12660,Midwest,2026-08-17 16:51:00,Billing,High,Open,Customer inquiry regarding billing issue.
TKT-4394,USR-43043,Midwest,2026-08-17 02:36:00,Login Issue,Low,Closed,Customer inquiry regarding login issue issue.
TKT-4395,USR-85289,Midwest,2026-08-17 07:48:00,Bug Report,High,Solved,Customer inquiry regarding bug report issue.
TKT-4396,USR-79248,Midwest,2026-08-17 16:58:00,Product Question,High,Open,Customer inquiry regarding product question issue.
TKT-4397,USR-65014,Midwest,2026-08-17 00:09:00,Login Issue,Medium,Solved,Customer inquiry regarding login issue issue.
TKT-4398,USR-65685,West,2026-08-17 06:11:00,Login Issue,High,Closed,Customer inquiry regarding login issue issue.
TKT-4399,USR-92424,West,2026-08-17 08:44:00,Billing,High,Closed,Customer inquiry regarding billing issue.
TKT-4400,USR-56777,West,2026-08-17 12:42:00,Refund Request,High,Solved,Customer inquiry regarding refund request issue.
TKT-4401,USR-42097,West,2026-08-17 03:24:00,Shipping,High,Closed,Customer inquiry regarding shipping issue.
TKT-4402,USR-41610,West,2026-08-17 10:02:00,Billing,Medium,Open,Customer inquiry regarding billing issue.
TKT-4403,USR-83719,West,2026-08-17 17:21:00,Shipping,Low,Open,Customer inquiry regarding shipping issue.
TKT-4404,USR-27956,West,2026-08-17 00:44:00,Login Issue,Low,Solved,Customer inquiry regarding login issue issue.
TKT-4405,USR-64048,West,2026-08-17 07:26:00,Login Issue,Low,Open,Customer inquiry regarding login issue issue.
TKT-4406,USR-67839,West,2026-08-17 17:47:00,Login Issue,Low,Solved,Customer inquiry regarding login issue issue.
TKT-4407,USR-38635,Europe,2026-08-17 22:08:00,Product Question,High,Closed,Customer inquiry regarding product question issue.
TKT-4408,USR-87004,Europe,2026-08-17 11:06:00,Login Issue,Medium,Closed,Customer inquiry regarding login issue issue.
TKT-4409,USR-54671,Southeast,2026-08-18 20:37:00,Shipping,Low,Closed,Customer inquiry regarding shipping issue.
TKT-4410,USR-88423,Southeast,2026-08-18 07:39:00,Login Issue,Low,Closed,Customer inquiry regarding login issue issue.
TKT-4411,USR-72391,Southeast,2026-08-18 17:47:00,Bug Report,Low,Closed,Customer inquiry regarding bug report issue.
TKT-4412,USR-74166,Southeast,2026-08-18 22:17:00,Refund Request,Low,Closed,Customer inquiry regarding refund request issue.
TKT-4413,USR-21627,Southeast,2026-08-18 06:50:00,Shipping,Medium,Closed,Customer inquiry regarding shipping issue.
TKT-4414,USR-10012,Southeast,2026-08-18 16:37:00,Product Question,High,Closed,Customer inquiry regarding product question issue.
TKT-4415,USR-82913,Southeast,2026-08-18 13:44:00,Billing,Medium,Open,Customer inquiry regarding billing issue.
TKT-4416,USR-92209,Northeast,2026-08-18 22:10:00,Login Issue,High,Closed,Customer inquiry regarding login issue issue.
TKT-4417,USR-32553,Northeast,2026-08-18 18:01:00,Bug Report,Medium,Closed,Customer inquiry regarding bug report issue.
TKT-4418,USR-35671,Northeast,2026-08-18 05:14:00,Bug Report,Low,Closed,Customer inquiry regarding bug report issue.
TKT-4419,USR-18031,Northeast,2026-08-18 06:12:00,Product Question,Medium,Open,Customer inquiry regarding product question issue.
TKT-4420,USR-14127,Northeast,2026-08-18 21:28:00,Product Question,High,Closed,Customer inquiry regarding product question issue.
TKT-4421,USR-92199,Northeast,2026-08-18 03:46:00,Bug Report,Low,Closed,Customer inquiry regarding bug report issue.
TKT-4422,USR-18292,Northeast,2026-08-18 09:53:00,Bug Report,Medium,Closed,Customer inquiry regarding bug report issue.
TKT-4423,USR-59091,Northeast,2026-08-18 05:30:00,Shipping,Low,Closed,Customer inquiry regarding shipping issue.
TKT-4424,USR-24224,Northeast,2026-08-18 01:34:00,Product Question,High,Open,Customer inquiry regarding product question issue.
TKT-4425,USR-30150,Northeast,2026-08-18 02:48:00,Product Question,Low,Closed,Customer inquiry regarding product question issue.
TKT-4426,USR-44883,Northeast,2026-08-18 13:06:00,Shipping,Low,Closed,Customer inquiry regarding shipping issue.
TKT-4427,USR-87553,Northeast,2026-08-18 22:33:00,Bug Report,High,Solved,Customer inquiry regarding bug report issue.
TKT-4428,USR-79841,Northeast,2026-08-18 18:21:00,Shipping,Low,Solved,Customer inquiry regarding shipping issue.
TKT-4429,USR-32562,Northeast,2026-08-18 21:36:00,Product Question,Medium,Open,Customer inquiry regarding product question issue.
TKT-4430,USR-44108,Northeast,2026-08-18 19:53:00,Shipping,Medium,Closed,Customer inquiry regarding shipping issue.
TKT-4431,USR-63191,Northeast,2026-08-18 19:13:00,Bug Report,Low,Closed,Customer inquiry regarding bug report issue.
TKT-4432,USR-26617,Midwest,2026-08-18 14:59:00,Login Issue,High,Closed,Customer inquiry regarding login issue issue.
TKT-4433,USR-24832,Midwest,2026-08-18 01:14:00,Bug Report,High,Solved,Customer inquiry regarding bug report issue.
TKT-4434,USR-27723,Midwest,2026-08-18 17:30:00,Shipping,High,Solved,Customer inquiry regarding shipping issue.
TKT-4435,USR-26571,Midwest,2026-08-18 01:33:00,Product Question,High,Closed,Customer inquiry regarding product question issue.
TKT-4436,USR-81259,Midwest,2026-08-18 07:58:00,Login Issue,High,Solved,Customer inquiry regarding login issue issue.
TKT-4437,USR-54448,Midwest,2026-08-18 02:15:00,Refund Request,High,Closed,Customer inquiry regarding refund request issue.
TKT-4438,USR-53525,West,2026-08-18 16:34:00,Login Issue,Medium,Closed,Customer inquiry regarding login issue issue.
TKT-4439,USR-74291,West,2026-08-18 17:08:00,Product Question,Low,Open,Customer inquiry regarding product question issue.
TKT-4440,USR-77889,West,2026-08-18 06:08:00,Product Question,High,Closed,Customer inquiry regarding product question issue.
TKT-4441,USR-93080,West,2026-08-18 04:39:00,Shipping,Low,Open,Customer inquiry regarding shipping issue.
TKT-4442,USR-31578,West,2026-08-18 17:05:00,Bug Report,Medium,Open,Customer inquiry regarding bug report issue.
TKT-4443,USR-11511,West,2026-08-18 21:17:00,Billing,Low,Closed,Customer inquiry regarding billing issue.
TKT-4444,USR-13977,West,2026-08-18 00:49:00,Bug Report,High,Closed,Customer inquiry regarding bug report issue.
TKT-4445,USR-20625,West,2026-08-18 02:20:00,Product Question,High,Solved,Customer inquiry regarding product question issue.
TKT-4446,USR-67537,West,2026-08-18 02:44:00,Product Question,Medium,Closed,Customer inquiry regarding product question issue.
TKT-4447,USR-13387,West,2026-08-18 17:41:00,Billing,Low,Solved,Customer inquiry regarding billing issue.
TKT-4448,USR-98103,West,2026-08-18 23:09:00,Billing,Medium,Open,Customer inquiry regarding billing issue.
TKT-4449,USR-48291,West,2026-08-18 03:50:00,Refund Request,High,Closed,Customer inquiry regarding refund request issue.
TKT-4450,USR-88688,West,2026-08-18 08:10:00,Login Issue,High,Closed,Customer inquiry regarding login issue issue.
TKT-4451,USR-74374,West,2026-08-18 21:36:00,Refund Request,Medium,Closed,Customer inquiry regarding refund request issue.
TKT-4452,USR-15565,Southeast,2026-08-19 04:11:00,Billing,High,Solved,Customer inquiry regarding billing issue.
TKT-4453,USR-66975,Southeast,2026-08-19 10:24:00,Shipping,Low,Solved,Customer inquiry regarding shipping issue.
TKT-4454,USR-10366,Southeast,2026-08-19 14:01:00,Login Issue,High,Closed,Customer inquiry regarding login issue issue.
TKT-4455,USR-93449,Southeast,2026-08-19 21:16:00,Product Question,Medium,Closed,Customer inquiry regarding product question issue.
TKT-4456,USR-46055,Southeast,2026-08-19 10:05:00,Billing,High,Solved,Customer inquiry regarding billing issue.
TKT-4457,USR-26114,Southeast,2026-08-19 16:09:00,Shipping,Medium,Solved,Customer inquiry regarding shipping issue.
TKT-4458,USR-39864,Southeast,2026-08-19 07:26:00,Product Question,Medium,Solved,Customer inquiry regarding product question issue.
TKT-4459,USR-50648,Southeast,2026-08-19 10:23:00,Bug Report,Low,Closed,Customer inquiry regarding bug report issue.
TKT-4460,USR-82422,Southeast,2026-08-19 05:50:00,Refund Request,Medium,Closed,Customer inquiry regarding refund request issue.
TKT-4461,USR-63311,Southeast,2026-08-19 22:02:00,Bug Report,Medium,Closed,Customer inquiry regarding bug report issue.
TKT-4462,USR-83172,Southeast,2026-08-19 06:15:00,Shipping,High,Solved,Customer inquiry regarding shipping issue.
TKT-4463,USR-93393,Southeast,2026-08-19 14:39:00,Billing,Low,Solved,Customer inquiry regarding billing issue.
TKT-4464,USR-45102,Southeast,2026-08-19 16:11:00,Product Question,Low,Closed,Customer inquiry regarding product question issue.
TKT-4465,USR-79281,Southeast,2026-08-19 01:59:00,Login Issue,Medium,Closed,Customer inquiry regarding login issue issue.
TKT-4466,USR-94381,Northeast,2026-08-19 16:47:00,Login Issue,Medium,Closed,Customer inquiry regarding login issue issue.
TKT-4467,USR-77589,Northeast,2026-08-19 05:35:00,Shipping,Medium,Closed,Customer inquiry regarding shipping issue.
TKT-4468,USR-94900,Northeast,2026-08-19 06:24:00,Bug Report,Low,Solved,Customer inquiry regarding bug report issue.
TKT-4469,USR-98211,Northeast,2026-08-19 02:25:00,Billing,Low,Closed,Customer inquiry regarding billing issue.
TKT-4470,USR-98854,Northeast,2026-08-19 02:09:00,Bug Report,Medium,Solved,Customer inquiry regarding bug report issue.
TKT-4471,USR-94565,Northeast,2026-08-19 09:46:00,Product Question,High,Solved,Customer inquiry regarding product question issue.
TKT-4472,USR-49005,Northeast,2026-08-19 21:42:00,Bug Report,Medium,Open,Customer inquiry regarding bug report issue.
TKT-4473,USR-58268,Northeast,2026-08-19 05:01:00,Product Question,Medium,Closed,Customer inquiry regarding product question issue.
TKT-4474,USR-23643,Northeast,2026-08-19 23:46:00,Refund Request,Medium,Closed,Customer inquiry regarding refund request issue.
TKT-4475,USR-15344,Northeast,2026-08-19 09:49:00,Billing,Low,Open,Customer inquiry regarding billing issue.
TKT-4476,USR-56488,Northeast,2026-08-19 12:18:00,Bug Report,Medium,Closed,Customer inquiry regarding bug report issue.
TKT-4477,USR-62858,Northeast,2026-08-19 11:48:00,Billing,Low,Closed,Customer inquiry regarding billing issue.
TKT-4478,USR-81233,Northeast,2026-08-19 07:46:00,Bug Report,Medium,Closed,Customer inquiry regarding bug report issue.
TKT-4479,USR-97643,Northeast,2026-08-19 21:11:00,Billing,Low,Closed,Customer inquiry regarding billing issue.
TKT-4480,USR-46672,Midwest,2026-08-19 02:30:00,Shipping,Medium,Open,Customer inquiry regarding shipping issue.
TKT-4481,USR-12948,Midwest,2026-08-19 09:32:00,Refund Request,High,Solved,Customer inquiry regarding refund request issue.
TKT-4482,USR-82887,Midwest,2026-08-19 07:46:00,Login Issue,Medium,Closed,Customer inquiry regarding login issue issue.
TKT-4483,USR-53457,Midwest,2026-08-19 22:32:00,Refund Request,Low,Closed,Customer inquiry regarding refund request issue.
TKT-4484,USR-98300,Midwest,2026-08-19 23:08:00,Shipping,High,Closed,Customer inquiry regarding shipping issue.
TKT-4485,USR-48191,Midwest,2026-08-19 22:21:00,Login Issue,Medium,Closed,Customer inquiry regarding login issue issue.
TKT-4486,USR-35471,Midwest,2026-08-19 07:13:00,Product Question,Low,Closed,Customer inquiry regarding product question issue.
TKT-4487,USR-61736,Midwest,2026-08-19 16:16:00,Refund Request,Medium,Closed,Customer inquiry regarding refund request issue.
TKT-4488,USR-22396,Midwest,2026-08-19 23:14:00,Product Question,Low,Closed,Customer inquiry regarding product question issue.
TKT-4489,USR-26223,Midwest,2026-08-19 22:38:00,Shipping,High,Open,Customer inquiry regarding shipping issue.
TKT-4490,USR-74563,West,2026-08-19 06:15:00,Refund Request,Low,Closed,Customer inquiry regarding refund request issue.
TKT-4491,USR-39585,West,2026-08-19 06:08:00,Shipping,High,Closed,Customer inquiry regarding shipping issue.
TKT-4492,USR-20992,West,2026-08-19 01:56:00,Shipping,Low,Closed,Customer inquiry regarding shipping issue.
TKT-4493,USR-61031,West,2026-08-19 19:48:00,Refund Request,Medium,Closed,Customer inquiry regarding refund request issue.
TKT-4494,USR-78743,West,2026-08-19 03:29:00,Refund Request,Medium,Solved,Customer inquiry regarding refund request issue.
TKT-4495,USR-13853,West,2026-08-19 00:00:00,Product Question,Low,Closed,Customer inquiry regarding product question issue.
TKT-4496,USR-82055,Europe,2026-08-19 18:06:00,Billing,Medium,Closed,Customer inquiry regarding billing issue.
TKT-4497,USR-71901,Southeast,2026-08-20 00:15:00,Bug Report,Medium,Closed,Customer inquiry regarding bug report issue.
TKT-4498,USR-88128,Southeast,2026-08-20 20:44:00,Shipping,Medium,Closed,Customer inquiry regarding shipping issue.
TKT-4499,USR-99144,Southeast,2026-08-20 03:46:00,Shipping,Low,Solved,Customer inquiry regarding shipping issue.
TKT-4500,USR-27553,Southeast,2026-08-20 06:25:00,Billing,High,Closed,Customer inquiry regarding billing issue.
TKT-4501,USR-26144,Southeast,2026-08-20 01:04:00,Billing,High,Closed,Customer inquiry regarding billing issue.
TKT-4502,USR-80677,Southeast,2026-08-20 16:40:00,Refund Request,Medium,Closed,Customer inquiry regarding refund request issue.
TKT-4503,USR-72566,Southeast,2026-08-20 09:14:00,Product Question,Medium,Solved,Customer inquiry regarding product question issue.
TKT-4504,USR-63382,Southeast,2026-08-20 10:53:00,Login Issue,High,Closed,Customer inquiry regarding login issue issue.
TKT-4505,USR-89504,Southeast,2026-08-20 06:10:00,Bug Report,Low,Closed,Customer inquiry regarding bug report issue.
TKT-4506,USR-69151,Southeast,2026-08-20 19:32:00,Product Question,Low,Closed,Customer inquiry regarding product question issue.
TKT-4507,USR-22088,Southeast,2026-08-20 08:21:00,Billing,Medium,Closed,Customer inquiry regarding billing issue.
TKT-4508,USR-27046,Southeast,2026-08-20 08:59:00,Login Issue,High,Closed,Customer inquiry regarding login issue issue.
TKT-4509,USR-58081,Southeast,2026-08-20 16:34:00,Shipping,High,Closed,Customer inquiry regarding shipping issue.
TKT-4510,USR-61838,Southeast,2026-08-20 20:01:00,Billing,Low,Open,Customer inquiry regarding billing issue.
TKT-4511,USR-22580,Southeast,2026-08-20 13:27:00,Bug Report,Low,Solved,Customer inquiry regarding bug report issue.
TKT-4512,USR-15525,Southeast,2026-08-20 03:47:00,Product Question,Medium,Closed,Customer inquiry regarding product question issue.
TKT-4513,USR-57359,Southeast,2026-08-20 06:55:00,Login Issue,High,Closed,Customer inquiry regarding login issue issue.
TKT-4514,USR-60631,Northeast,2026-08-20 12:25:00,Refund Request,Low,Closed,Customer inquiry regarding refund request issue.
TKT-4515,USR-37899,Northeast,2026-08-20 04:43:00,Shipping,Low,Closed,Customer inquiry regarding shipping issue.
TKT-4516,USR-56634,Northeast,2026-08-20 03:11:00,Product Question,Medium,Closed,Customer inquiry regarding product question issue.
TKT-4517,USR-34039,Northeast,2026-08-20 01:52:00,Shipping,High,Solved,Customer inquiry regarding shipping issue.
TKT-4518,USR-65636,Northeast,2026-08-20 13:36:00,Login Issue,Medium,Open,Customer inquiry regarding login issue issue.
TKT-4519,USR-78746,Northeast,2026-08-20 17:41:00,Product Question,High,Closed,Customer inquiry regarding product question issue.
TKT-4520,USR-41732,Northeast,2026-08-20 08:18:00,Bug Report,Low,Closed,Customer inquiry regarding bug report issue.
TKT-4521,USR-68645,Northeast,2026-08-20 09:57:00,Refund Request,Low,Solved,Customer inquiry regarding refund request issue.
TKT-4522,USR-97439,Northeast,2026-08-20 06:21:00,Billing,Low,Open,Customer inquiry regarding billing issue.
TKT-4523,USR-16045,Northeast,2026-08-20 17:47:00,Refund Request,Low,Open,Customer inquiry regarding refund request issue.
TKT-4524,USR-26270,Northeast,2026-08-20 06:14:00,Bug Report,Medium,Solved,Customer inquiry regarding bug report issue.
TKT-4525,USR-12366,Northeast,2026-08-20 01:06:00,Bug Report,Medium,Open,Customer inquiry regarding bug report issue.
TKT-4526,USR-83985,Northeast,2026-08-20 19:52:00,Login Issue,High,Closed,Customer inquiry regarding login issue issue.
TKT-4527,USR-85246,Northeast,2026-08-20 18:45:00,Login Issue,Medium,Closed,Customer inquiry regarding login issue issue.
TKT-4528,USR-88361,Midwest,2026-08-20 14:16:00,Refund Request,Low,Open,Customer inquiry regarding refund request issue.
TKT-4529,USR-91852,Midwest,2026-08-20 22:36:00,Refund Request,High,Open,Customer inquiry regarding refund request issue.
TKT-4530,USR-82443,Midwest,2026-08-20 18:51:00,Shipping,High,Closed,Customer inquiry regarding shipping issue.
TKT-4531,USR-21751,Midwest,2026-08-20 20:38:00,Refund Request,High,Open,Customer inquiry regarding refund request issue.
TKT-4532,USR-85927,Midwest,2026-08-20 16:18:00,Product Question,High,Closed,Customer inquiry regarding product question issue.
TKT-4533,USR-53300,Midwest,2026-08-20 12:40:00,Refund Request,Low,Closed,Customer inquiry regarding refund request issue.
TKT-4534,USR-50579,Midwest,2026-08-20 18:06:00,Billing,Low,Solved,Customer inquiry regarding billing issue.
TKT-4535,USR-24202,Midwest,2026-08-20 18:39:00,Product Question,Low,Closed,Customer inquiry regarding product question issue.
TKT-4536,USR-66344,West,2026-08-20 05:53:00,Product Question,Medium,Closed,Customer inquiry regarding product question issue.
TKT-4537,USR-91555,West,2026-08-20 12:36:00,Refund Request,Low,Open,Customer inquiry regarding refund request issue.
TKT-4538,USR-62165,West,2026-08-20 22:01:00,Refund Request,Medium,Closed,Customer inquiry regarding refund request issue.
TKT-4539,USR-94139,West,2026-08-20 20:07:00,Shipping,Medium,Closed,Customer inquiry regarding shipping issue.
TKT-4540,USR-83617,West,2026-08-20 14:11:00,Bug Report,Low,Closed,Customer inquiry regarding bug report issue.
TKT-4541,USR-52700,West,2026-08-20 23:14:00,Refund Request,High,Closed,Customer inquiry regarding refund request issue.
TKT-4542,USR-78184,West,2026-08-20 21:42:00,Refund Request,Medium,Closed,Customer inquiry regarding refund request issue.
TKT-4543,USR-10402,West,2026-08-20 04:42:00,Refund Request,Low,Closed,Customer inquiry regarding refund request issue.
TKT-4544,USR-84221,West,2026-08-20 11:26:00,Bug Report,Low,Closed,Customer inquiry regarding bug report issue.
TKT-4545,USR-29299,West,2026-08-20 19:27:00,Billing,Low,Solved,Customer inquiry regarding billing issue.
TKT-4546,USR-22254,Southeast,2026-08-21 17:43:00,Product Question,Medium,Closed,Customer inquiry regarding product question issue.
TKT-4547,USR-63336,Southeast,2026-08-21 17:24:00,Refund Request,Medium,Closed,Customer inquiry regarding refund request issue.
TKT-4548,USR-73167,Southeast,2026-08-21 20:04:00,Product Question,Low,Solved,Customer inquiry regarding product question issue.
TKT-4549,USR-34941,Southeast,2026-08-21 13:06:00,Bug Report,High,Closed,Customer inquiry regarding bug report issue.
TKT-4550,USR-43021,Southeast,2026-08-21 16:20:00,Refund Request,Medium,Closed,Customer inquiry regarding refund request issue.
TKT-4551,USR-29523,Southeast,2026-08-21 06:49:00,Billing,Medium,Solved,Customer inquiry regarding billing issue.
TKT-4552,USR-92056,Southeast,2026-08-21 07:37:00,Billing,High,Closed,Customer inquiry regarding billing issue.
TKT-4553,USR-39325,Southeast,2026-08-21 01:54:00,Login Issue,Low,Open,Customer inquiry regarding login issue issue.
TKT-4554,USR-88694,Southeast,2026-08-21 00:00:00,Bug Report,High,Open,Customer inquiry regarding bug report issue.
TKT-4555,USR-25307,Southeast,2026-08-21 12:58:00,Shipping,Low,Closed,Customer inquiry regarding shipping issue.
TKT-4556,USR-97597,Southeast,2026-08-21 12:32:00,Product Question,Low,Closed,Customer inquiry regarding product question issue.
TKT-4557,USR-16280,Southeast,2026-08-21 06:52:00,Refund Request,Medium,Closed,Customer inquiry regarding refund request issue.
TKT-4558,USR-94972,Southeast,2026-08-21 02:24:00,Refund Request,Low,Solved,Customer inquiry regarding refund request issue.
TKT-4559,USR-19589,Southeast,2026-08-21 08:05:00,Billing,High,Solved,Customer inquiry regarding billing issue.
TKT-4560,USR-33224,Southeast,2026-08-21 23:20:00,Login Issue,Medium,Open,Customer inquiry regarding login issue issue.
TKT-4561,USR-94157,Southeast,2026-08-21 20:33:00,Product Question,High,Open,Customer inquiry regarding product question issue.
TKT-4562,USR-38902,Southeast,2026-08-21 13:40:00,Product Question,Low,Closed,Customer inquiry regarding product question issue.
TKT-4563,USR-61214,Northeast,2026-08-21 15:28:00,Shipping,High,Closed,Customer inquiry regarding shipping issue.
TKT-4564,USR-62850,Northeast,2026-08-21 05:03:00,Bug Report,Medium,Closed,Customer inquiry regarding bug report issue.
TKT-4565,USR-55160,Northeast,2026-08-21 13:42:00,Product Question,High,Closed,Customer inquiry regarding product question issue.
TKT-4566,USR-91971,Northeast,2026-08-21 00:35:00,Login Issue,High,Open,Customer inquiry regarding login issue issue.
TKT-4567,USR-84110,Northeast,2026-08-21 15:59:00,Shipping,Low,Closed,Customer inquiry regarding shipping issue.
TKT-4568,USR-12979,Northeast,2026-08-21 22:59:00,Refund Request,Low,Closed,Customer inquiry regarding refund request issue.
TKT-4569,USR-44445,Northeast,2026-08-21 12:59:00,Refund Request,High,Solved,Customer inquiry regarding refund request issue.
TKT-4570,USR-40423,Northeast,2026-08-21 02:12:00,Product Question,Low,Open,Customer inquiry regarding product question issue.
TKT-4571,USR-32445,Northeast,2026-08-21 02:59:00,Product Question,Medium,Closed,Customer inquiry regarding product question issue.
TKT-4572,USR-81393,Northeast,2026-08-21 06:22:00,Shipping,Low,Open,Customer inquiry regarding shipping issue.
TKT-4573,USR-98871,Midwest,2026-08-21 02:29:00,Login Issue,Low,Closed,Customer inquiry regarding login issue issue.
TKT-4574,USR-59785,Midwest,2026-08-21 03:05:00,Refund Request,Low,Closed,Customer inquiry regarding refund request issue.
TKT-4575,USR-97770,Midwest,2026-08-21 03:14:00,Shipping,Low,Solved,Customer inquiry regarding shipping issue.
TKT-4576,USR-85161,Midwest,2026-08-21 10:08:00,Shipping,Medium,Solved,Customer inquiry regarding shipping issue.
TKT-4577,USR-68653,Midwest,2026-08-21 11:24:00,Login Issue,Low,Closed,Customer inquiry regarding login issue issue.
TKT-4578,USR-50251,Midwest,2026-08-21 02:57:00,Bug Report,High,Closed,Customer inquiry regarding bug report issue.
TKT-4579,USR-28461,West,2026-08-21 05:55:00,Refund Request,Medium,Closed,Customer inquiry regarding refund request issue.
TKT-4580,USR-66512,West,2026-08-21 12:18:00,Refund Request,Low,Closed,Customer inquiry regarding refund request issue.
TKT-4581,USR-36855,West,2026-08-21 08:18:00,Login Issue,Low,Open,Customer inquiry regarding login issue issue.
TKT-4582,USR-80016,West,2026-08-21 21:16:00,Login Issue,Medium,Open,Customer inquiry regarding login issue issue.
TKT-4583,USR-97461,West,2026-08-21 03:59:00,Product Question,Medium,Open,Customer inquiry regarding product question issue.
TKT-4584,USR-31165,West,2026-08-21 16:10:00,Product Question,Low,Closed,Customer inquiry regarding product question issue.
TKT-4585,USR-33906,West,2026-08-21 20:05:00,Shipping,High,Solved,Customer inquiry regarding shipping issue.
TKT-4586,USR-65032,West,2026-08-21 03:40:00,Product Question,Medium,Solved,Customer inquiry regarding product question issue.
TKT-4587,USR-89494,West,2026-08-21 05:36:00,Refund Request,Medium,Open,Customer inquiry regarding refund request issue.
TKT-4588,USR-41854,Europe,2026-08-21 14:14:00,Shipping,Low,Solved,Customer inquiry regarding shipping issue.
TKT-4589,USR-99329,Europe,2026-08-21 03:54:00,Refund Request,Low,Solved,Customer inquiry regarding refund request issue.
TKT-4590,USR-85028,Europe,2026-08-21 10:26:00,Login Issue,Medium,Closed,Customer inquiry regarding login issue issue.
TKT-4591,USR-93447,Southeast,2026-08-22 00:31:00,Bug Report,High,Solved,Customer inquiry regarding bug report issue.
TKT-4592,USR-72694,Southeast,2026-08-22 13:25:00,Bug Report,Low,Open,Customer inquiry regarding bug report issue.
TKT-4593,USR-63095,Southeast,2026-08-22 22:03:00,Shipping,Medium,Closed,Customer inquiry regarding shipping issue.
TKT-4594,USR-10295,Southeast,2026-08-22 16:49:00,Product Question,Low,Closed,Customer inquiry regarding product question issue.
TKT-4595,USR-33651,Southeast,2026-08-22 12:34:00,Product Question,Low,Closed,Customer inquiry regarding product question issue.
TKT-4596,USR-21296,Southeast,2026-08-22 07:40:00,Billing,Medium,Closed,Customer inquiry regarding billing issue.
TKT-4597,USR-53915,Southeast,2026-08-22 12:43:00,Bug Report,Medium,Closed,Customer inquiry regarding bug report issue.
TKT-4598,USR-63075,Southeast,2026-08-22 17:28:00,Login Issue,High,Closed,Customer inquiry regarding login issue issue.
TKT-4599,USR-95367,Southeast,2026-08-22 18:09:00,Bug Report,Low,Solved,Customer inquiry regarding bug report issue.
TKT-4600,USR-84431,Southeast,2026-08-22 05:04:00,Refund Request,Low,Closed,Customer inquiry regarding refund request issue.
TKT-4601,USR-87415,Southeast,2026-08-22 12:29:00,Refund Request,Low,Solved,Customer inquiry regarding refund request issue.
TKT-4602,USR-66355,Southeast,2026-08-22 17:49:00,Bug Report,Medium,Closed,Customer inquiry regarding bug report issue.
TKT-4603,USR-12118,Southeast,2026-08-22 19:38:00,Refund Request,Medium,Solved,Customer inquiry regarding refund request issue.
TKT-4604,USR-89320,Southeast,2026-08-22 05:08:00,Login Issue,Medium,Closed,Customer inquiry regarding login issue issue.
TKT-4605,USR-66773,Southeast,2026-08-22 22:46:00,Product Question,High,Solved,Customer inquiry regarding product question issue.
TKT-4606,USR-76500,Northeast,2026-08-22 23:38:00,Bug Report,High,Closed,Customer inquiry regarding bug report issue.
TKT-4607,USR-54265,Northeast,2026-08-22 09:41:00,Product Question,Medium,Solved,Customer inquiry regarding product question issue.
TKT-4608,USR-94839,Northeast,2026-08-22 23:39:00,Refund Request,High,Closed,Customer inquiry regarding refund request issue.
TKT-4609,USR-76523,Northeast,2026-08-22 02:18:00,Billing,Medium,Solved,Customer inquiry regarding billing issue.
TKT-4610,USR-56784,Midwest,2026-08-22 01:44:00,Bug Report,Medium,Closed,Customer inquiry regarding bug report issue.
TKT-4611,USR-61183,Midwest,2026-08-22 05:15:00,Refund Request,Medium,Open,Customer inquiry regarding refund request issue.
TKT-4612,USR-13436,West,2026-08-22 15:12:00,Refund Request,High,Closed,Customer inquiry regarding refund request issue.
TKT-4613,USR-90481,West,2026-08-22 19:28:00,Billing,Medium,Closed,Customer inquiry regarding billing issue.
TKT-4614,USR-74867,West,2026-08-22 02:46:00,Bug Report,High,Open,Customer inquiry regarding bug report issue.
TKT-4615,USR-29649,West,2026-08-22 19:34:00,Shipping,Medium,Solved,Customer inquiry regarding shipping issue.
TKT-4616,USR-30173,West,2026-08-22 19:36:00,Shipping,High,Open,Customer inquiry regarding shipping issue.
TKT-4617,USR-74737,West,2026-08-22 04:20:00,Refund Request,High,Closed,Customer inquiry regarding refund request issue.
TKT-4618,USR-99333,West,2026-08-22 23:02:00,Bug Report,High,Closed,Customer inquiry regarding bug report issue.
TKT-4619,USR-99435,West,2026-08-22 16:00:00,Shipping,High,Closed,Customer inquiry regarding shipping issue.
TKT-4620,USR-45301,West,2026-08-22 20:50:00,Product Question,Medium,Closed,Customer inquiry regarding product question issue.
TKT-4621,USR-91204,West,2026-08-22 00:42:00,Billing,Medium,Open,Customer inquiry regarding billing issue.
TKT-4622,USR-14015,West,2026-08-22 10:43:00,Shipping,High,Closed,Customer inquiry regarding shipping issue.
TKT-4623,USR-45169,Europe,2026-08-22 17:11:00,Bug Report,Medium,Closed,Customer inquiry regarding bug report issue.
TKT-4624,USR-87803,Europe,2026-08-22 08:11:00,Refund Request,Medium,Open,Customer inquiry regarding refund request issue.
TKT-4625,USR-48556,Southeast,2026-08-23 12:12:00,Product Question,Medium,Solved,Customer inquiry regarding product question issue.
TKT-4626,USR-99591,Southeast,2026-08-23 05:40:00,Product Question,High,Closed,Customer inquiry regarding product question issue.
TKT-4627,USR-39123,Southeast,2026-08-23 17:47:00,Refund Request,Medium,Open,Customer inquiry regarding refund request issue.
TKT-4628,USR-63071,Southeast,2026-08-23 06:34:00,Refund Request,Low,Closed,Customer inquiry regarding refund request issue.
TKT-4629,USR-34458,Southeast,2026-08-23 05:16:00,Login Issue,High,Closed,Customer inquiry regarding login issue issue.
TKT-4630,USR-33317,Southeast,2026-08-23 17:48:00,Billing,High,Open,Customer inquiry regarding billing issue.
TKT-4631,USR-62907,Southeast,2026-08-23 10:24:00,Product Question,High,Closed,Customer inquiry regarding product question issue.
TKT-4632,USR-79434,Southeast,2026-08-23 18:14:00,Bug Report,Low,Closed,Customer inquiry regarding bug report issue.
TKT-4633,USR-39301,Southeast,2026-08-23 19:50:00,Bug Report,Medium,Closed,Customer inquiry regarding bug report issue.
TKT-4634,USR-58395,Southeast,2026-08-23 16:06:00,Refund Request,High,Open,Customer inquiry regarding refund request issue.
TKT-4635,USR-44452,Southeast,2026-08-23 11:01:00,Bug Report,Medium,Solved,Customer inquiry regarding bug report issue.
TKT-4636,USR-89938,Southeast,2026-08-23 12:54:00,Refund Request,Medium,Closed,Customer inquiry regarding refund request issue.
TKT-4637,USR-44302,Southeast,2026-08-23 10:48:00,Shipping,High,Closed,Customer inquiry regarding shipping issue.
TKT-4638,USR-85623,Northeast,2026-08-23 20:39:00,Login Issue,High,Solved,Customer inquiry regarding login issue issue.
TKT-4639,USR-73471,Northeast,2026-08-23 02:59:00,Login Issue,Medium,Solved,Customer inquiry regarding login issue issue.
TKT-4640,USR-86280,Northeast,2026-08-23 05:03:00,Product Question,High,Closed,Customer inquiry regarding product question issue.
TKT-4641,USR-37549,Northeast,2026-08-23 07:17:00,Login Issue,Low,Closed,Customer inquiry regarding login issue issue.
TKT-4642,USR-69464,Northeast,2026-08-23 12:19:00,Login Issue,Medium,Closed,Customer inquiry regarding login issue issue.
TKT-4643,USR-38389,Northeast,2026-08-23 03:20:00,Billing,Low,Closed,Customer inquiry regarding billing issue.
TKT-4644,USR-64982,Northeast,2026-08-23 23:11:00,Billing,High,Closed,Customer inquiry regarding billing issue.
TKT-4645,USR-65869,Northeast,2026-08-23 15:46:00,Refund Request,Low,Closed,Customer inquiry regarding refund request issue.
TKT-4646,USR-91365,Northeast,2026-08-23 14:54:00,Billing,Low,Closed,Customer inquiry regarding billing issue.
TKT-4647,USR-47156,Northeast,2026-08-23 08:54:00,Product Question,High,Closed,Customer inquiry regarding product question issue.
TKT-4648,USR-60191,Northeast,2026-08-23 02:02:00,Billing,Low,Open,Customer inquiry regarding billing issue.
TKT-4649,USR-78645,Northeast,2026-08-23 19:33:00,Login Issue,High,Solved,Customer inquiry regarding login issue issue.
TKT-4650,USR-72654,Midwest,2026-08-23 15:35:00,Login Issue,High,Closed,Customer inquiry regarding login issue issue.
TKT-4651,USR-77404,Midwest,2026-08-23 00:17:00,Billing,Low,Closed,Customer inquiry regarding billing issue.
TKT-4652,USR-27937,Midwest,2026-08-23 16:35:00,Billing,Medium,Closed,Customer inquiry regarding billing issue.
TKT-4653,USR-52526,Midwest,2026-08-23 10:35:00,Shipping,Medium,Closed,Customer inquiry regarding shipping issue.
TKT-4654,USR-67960,Midwest,2026-08-23 18:32:00,Shipping,Medium,Solved,Customer inquiry regarding shipping issue.
TKT-4655,USR-54287,Midwest,2026-08-23 08:19:00,Product Question,Low,Open,Customer inquiry regarding product question issue.
TKT-4656,USR-80955,Midwest,2026-08-23 16:21:00,Bug Report,High,Closed,Customer inquiry regarding bug report issue.
TKT-4657,USR-57672,Midwest,2026-08-23 20:21:00,Bug Report,High,Open,Customer inquiry regarding bug report issue.
TKT-4658,USR-33301,Midwest,2026-08-23 10:50:00,Bug Report,High,Closed,Customer inquiry regarding bug report issue.
TKT-4659,USR-53554,West,2026-08-23 19:58:00,Login Issue,Low,Open,Customer inquiry regarding login issue issue.
TKT-4660,USR-30439,West,2026-08-23 00:08:00,Login Issue,Low,Closed,Customer inquiry regarding login issue issue.
TKT-4661,USR-94848,West,2026-08-23 09:23:00,Bug Report,Low,Solved,Customer inquiry regarding bug report issue.
TKT-4662,USR-52726,West,2026-08-23 07:04:00,Product Question,Low,Closed,Customer inquiry regarding product question issue.
TKT-4663,USR-54555,West,2026-08-23 10:04:00,Product Question,Low,Closed,Customer inquiry regarding product question issue.
TKT-4664,USR-82816,West,2026-08-23 15:02:00,Refund Request,Low,Open,Customer inquiry regarding refund request issue.
TKT-4665,USR-49749,West,2026-08-23 23:11:00,Bug Report,Low,Closed,Customer inquiry regarding bug report issue.
TKT-4666,USR-60209,Europe,2026-08-23 09:54:00,Refund Request,High,Solved,Customer inquiry regarding refund request issue.
TKT-4667,USR-28883,Europe,2026-08-23 12:37:00,Refund Request,High,Open,Customer inquiry regarding refund request issue.
TKT-4668,USR-48360,Southeast,2026-08-24 07:27:00,Shipping,High,Open,Customer inquiry regarding shipping issue.
TKT-4669,USR-27004,Southeast,2026-08-24 20:26:00,Product Question,High,Closed,Customer inquiry regarding product question issue.
TKT-4670,USR-58343,Southeast,2026-08-24 11:54:00,Refund Request,High,Closed,Customer inquiry regarding refund request issue.
TKT-4671,USR-32658,Southeast,2026-08-24 09:13:00,Login Issue,High,Closed,Customer inquiry regarding login issue issue.
TKT-4672,USR-34959,Southeast,2026-08-24 22:34:00,Login Issue,High,Closed,Customer inquiry regarding login issue issue.
TKT-4673,USR-94560,Southeast,2026-08-24 02:08:00,Product Question,High,Closed,Customer inquiry regarding product question issue.
TKT-4674,USR-17731,Southeast,2026-08-24 00:40:00,Billing,High,Closed,Customer inquiry regarding billing issue.
TKT-4675,USR-42079,Southeast,2026-08-24 12:47:00,Login Issue,Low,Solved,Customer inquiry regarding login issue issue.
TKT-4676,USR-82449,Southeast,2026-08-24 13:16:00,Shipping,Low,Closed,Customer inquiry regarding shipping issue.
TKT-4677,USR-71821,Northeast,2026-08-24 14:22:00,Login Issue,High,Closed,Customer inquiry regarding login issue issue.
TKT-4678,USR-33192,Northeast,2026-08-24 12:33:00,Bug Report,Low,Open,Customer inquiry regarding bug report issue.
TKT-4679,USR-52054,Northeast,2026-08-24 05:57:00,Billing,Medium,Open,Customer inquiry regarding billing issue.
TKT-4680,USR-73417,Northeast,2026-08-24 08:47:00,Billing,High,Closed,Customer inquiry regarding billing issue.
TKT-4681,USR-52655,Northeast,2026-08-24 04:24:00,Product Question,High,Closed,Customer inquiry regarding product question issue.
TKT-4682,USR-60123,Northeast,2026-08-24 04:39:00,Login Issue,High,Open,Customer inquiry regarding login issue issue.
TKT-4683,USR-61445,Northeast,2026-08-24 21:35:00,Product Question,High,Closed,Customer inquiry regarding product question issue.
TKT-4684,USR-25850,Northeast,2026-08-24 01:35:00,Product Question,High,Open,Customer inquiry regarding product question issue.
TKT-4685,USR-38189,Northeast,2026-08-24 20:30:00,Product Question,Low,Open,Customer inquiry regarding product question issue.
TKT-4686,USR-83988,Northeast,2026-08-24 06:28:00,Bug Report,High,Closed,Customer inquiry regarding bug report issue.
TKT-4687,USR-33827,Northeast,2026-08-24 20:37:00,Product Question,Low,Closed,Customer inquiry regarding product question issue.
TKT-4688,USR-38062,Northeast,2026-08-24 05:09:00,Refund Request,High,Solved,Customer inquiry regarding refund request issue.
TKT-4689,USR-19877,Midwest,2026-08-24 03:46:00,Shipping,Medium,Solved,Customer inquiry regarding shipping issue.
TKT-4690,USR-28857,Midwest,2026-08-24 20:19:00,Product Question,High,Solved,Customer inquiry regarding product question issue.
TKT-4691,USR-42049,Midwest,2026-08-24 07:57:00,Product Question,Medium,Closed,Customer inquiry regarding product question issue.
TKT-4692,USR-82868,Midwest,2026-08-24 18:54:00,Refund Request,Low,Closed,Customer inquiry regarding refund request issue.
TKT-4693,USR-94489,Midwest,2026-08-24 09:17:00,Shipping,Low,Open,Customer inquiry regarding shipping issue.
TKT-4694,USR-31176,Midwest,2026-08-24 14:47:00,Bug Report,Medium,Closed,Customer inquiry regarding bug report issue.
TKT-4695,USR-53597,Midwest,2026-08-24 12:18:00,Product Question,Low,Solved,Customer inquiry regarding product question issue.
TKT-4696,USR-90112,West,2026-08-24 08:55:00,Billing,High,Open,Customer inquiry regarding billing issue.
TKT-4697,USR-89116,West,2026-08-24 22:46:00,Login Issue,Low,Open,Customer inquiry regarding login issue issue.
TKT-4698,USR-32849,West,2026-08-24 18:28:00,Login Issue,Low,Solved,Customer inquiry regarding login issue issue.
TKT-4699,USR-79074,Europe,2026-08-24 10:15:00,Bug Report,High,Open,Customer inquiry regarding bug report issue.
